표제어,접미사,미칭부
唐恩僉尉,僉尉,唐恩
三老董公,公,三老董
上洛公,公,上洛
丘公,公,丘
丘文莊公,公,丘文莊
中山公,公,中山
乭公,公,乭
亞聖公,公,亞聖
交公,公,交
仁憲公,公,仁憲
介公,公,介
介節公,公,介節
伊傅太公,公,伊傅太
伯公,公,伯
佐志平公,公,佐志平
佐志源公,公,佐志源
何公,公,何
余相公,公,余相
余襄公,公,余襄
侯公,公,侯
信勇公,公,信勇
信國公,公,信國
信度公,公,信度
倉公,公,倉
倍僖公,公,倍僖
僖貞公,公,僖貞
僖靖公,公,僖靖
元昌信公,公,元昌信
元祐諸公,公,元祐諸
元肅公,公,元肅
充國復聖公,公,充國復聖
兗國公,公,兗國
党相公,公,党相
全令公,公,全令
兩文正公,公,兩文正
兪相公,公,兪相
八松公,公,八松
冉相公,公,冉相
冠公,公,冠
冠萊公,公,冠萊
冦公,公,冦
凉國公,公,凉國
剛愍公,公,剛愍
剛武公,公,剛武
剛烈公,公,剛烈
剛義公,公,剛義
劉太公,公,劉太
劉康公,公,劉康
劉忠定公,公,劉忠定
劉文公,公,劉文
包公,公,包
包孝肅公,公,包孝肅
匡定公,公,匡定
南文淸公,公,南文淸
南陽公,公,南陽
卲公,公,卲
卵公,公,卵
厓公,公,厓
古公,公,古
召三公,公,召三
召康公,公,召康
召庸公,公,召庸
召穆公,公,召穆
司空公,公,司空
司馬公,公,司馬
司馬溫公,公,司馬溫
司馬相公,公,司馬相
名公,公,名
吳文元公,公,吳文元
呂伋公,公,呂伋
呂友公,公,呂友
呂太公,公,呂太
呂惠公,公,呂惠
呂成公,公,呂成
呂榮公,公,呂榮
呂正獻公,公,呂正獻
呂汲公,公,呂汲
呂滎公,公,呂滎
呂申公,公,呂申
呂相公,公,呂相
周元公,公,周元
周召公,公,周召
周太公,公,周太
周平公,公,周平
周康公,公,周康
周畢公,公,周畢
周益公,公,周益
周相公,公,周相
員公,公,員
唐英公,公,唐英
唐鄭公,公,唐鄭
唐陸宣公,公,唐陸宣
唐韋公,公,唐韋
啓聖公,公,啓聖
喜公,公,喜
單成公,公,單成
單獻公,公,單獻
單穆公,公,單穆
單襄公,公,單襄
單靖公,公,單靖
圃隠公,公,圃隠
圃隱公,公,圃隱
圃隱鄭公,公,圃隱鄭
國太公,公,國太
國師公,公,國師
坦公,公,坦
墨公,公,墨
壯啓公,公,壯啓
壯愍公,公,壯愍
壯武公,公,壯武
壯毅公,公,壯毅
壯烈公,公,壯烈
壯節公,公,壯節
壯節申公,公,壯節申
壯靖公,公,壯靖
壽亭公,公,壽亭
夏黃公,公,夏黃
多多良公,公,多多良
大內公,公,大內
大公,公,大
大友源公,公,大友源
大古公,公,大古
大夏國公,公,大夏國
太史公,公,太史
奉義公,公,奉義
奏穆公,公,奏穆
姚公,公,姚
姜太公,公,姜太
姜姓太公,公,姜姓太
姬公,公,姬
威公,公,威
威愍公,公,威愍
威烈公,公,威烈
婁公,公,婁
婁貞公,公,婁貞
孔相公,公,孔相
孝安公,公,孝安
孝定公,公,孝定
孝思公,公,孝思
孝愍公,公,孝愍
孝憲公,公,孝憲
孝敏公,公,孝敏
孝敬公,公,孝敬
孝文公,公,孝文
孝昭公,公,孝昭
孝毅公,公,孝毅
孝烈公,公,孝烈
孝獻公,公,孝獻
孝禧公,公,孝禧
孝簡公,公,孝簡
孝義公,公,孝義
孝肅公,公,孝肅
孝莊公,公,孝莊
孝貞公,公,孝貞
孝靖公,公,孝靖
孟相公,公,孟相
孫木公,公,孫木
孫道公,公,孫道
安孝公,公,安孝
安定公,公,安定
安定胡公,公,安定胡
安文成公,公,安文成
安樂公,公,安樂
安簡公,公,安簡
安襄公,公,安襄
安達公,公,安達
安魯公,公,安魯
宋一公,公,宋一
宋之景公,公,宋之景
宋元公,公,宋元
宋共公,公,宋共
宋古公,公,宋古
宋太史范公,公,宋太史范
宋寇公,公,宋寇
宋平公,公,宋平
宋戴公,公,宋戴
宋文公,公,宋文
宋文正公,公,宋文正
宋景公,公,宋景
宋朱文公,公,宋朱文
宋桓公,公,宋桓
宋潞公,公,宋潞
宋穆公,公,宋穆
宋襄公,公,宋襄
宋馮公,公,宋馮
宗公,公,宗
宗聖公,公,宗聖
定孝公,公,定孝
定翼公,公,定翼
宣尼公,公,宣尼
宰周公,公,宰周
寇公,公,寇
寇箂公,公,寇箂
寇萊公,公,寇萊
富公,公,富
富鄭公,公,富鄭
富韓公,公,富韓
察文公,公,察文
實公,公,實
將軍公,公,將軍
尊先公,公,尊先
少貳藤公,公,少貳藤
尤公,公,尤
尹忠貞公,公,尹忠貞
尹文肅公,公,尹文肅
尹武公,公,尹武
尹致公,公,尹致
山公,公,山
山陽公,公,山陽
岐公,公,岐
岐國公,公,岐國
崔一公,公,崔一
崔世公,公,崔世
崔成公,公,崔成
崔文憲公,公,崔文憲
崔漢公,公,崔漢
崔相公,公,崔相
崔石公,公,崔石
崔謹公,公,崔謹
左武衛源公,公,左武衛源
巨公,公,巨
布母弟丁公,公,布母弟丁
師文純公,公,師文純
常道鄕公,公,常道鄕
平度公,公,平度
平正公,公,平正
平簡公,公,平簡
平襄公,公,平襄
平阿公,公,平阿
平靖公,公,平靖
康令公,公,康令
康成公,公,康成
康昭公,公,康昭
康有公,公,康有
庾公,公,庾
建安公,公,建安
張忠確公,公,張忠確
張文康公,公,張文康
張文節公,公,張文節
張漢公,公,張漢
張燕公,公,張燕
張相公,公,張相
張碩公,公,張碩
張義公,公,張義
張貴公,公,張貴
張魏公,公,張魏
彦平令公,公,彦平令
征南公,公,征南
徐忠憲公,公,徐忠憲
徐忠文公,公,徐忠文
徐文淸公,公,徐文淸
徐相公,公,徐相
徠公,公,徠
復聖公,公,復聖
德公,公,德
德溫公,公,德溫
徽國公,公,徽國
志佐源公,公,志佐源
志左源公,公,志左源
忠介公,公,忠介
忠僖公,公,忠僖
忠剛公,公,忠剛
忠壯公,公,忠壯
忠孝公,公,忠孝
忠定公,公,忠定
忠宣公,公,忠宣
忠康公,公,忠康
忠强公,公,忠强
忠惠公,公,忠惠
忠愍公,公,忠愍
忠慗公,公,忠慗
忠憲公,公,忠憲
忠成公,公,忠成
忠成韓公,公,忠成韓
忠敏公,公,忠敏
忠敬公,公,忠敬
忠文公,公,忠文
忠景公,公,忠景
忠正公,公,忠正
忠武公,公,忠武
忠毅公,公,忠毅
忠烈公,公,忠烈
忠獻公,公,忠獻
忠獻朴公,公,忠獻朴
忠穆公,公,忠穆
忠章公,公,忠章
忠節公,公,忠節
忠簡公,公,忠簡
忠純公,公,忠純
忠義公,公,忠義
忠翼公,公,忠翼
忠肅公,公,忠肅
忠臣忠愍公,公,忠臣忠愍
忠臣忠烈公,公,忠臣忠烈
忠莊公,公,忠莊
忠襄公,公,忠襄
忠貞公,公,忠貞
忠靖公,公,忠靖
忠顯公,公,忠顯
思肅公,公,思肅
恭安公,公,恭安
恭度公,公,恭度
恭穆公,公,恭穆
恭靖公,公,恭靖
恭順公,公,恭順
惠定公,公,惠定
惠穆公,公,惠穆
愍節公,公,愍節
愍肅公,公,愍肅
愍襄公,公,愍襄
愚公,公,愚
愼之公,公,愼之
憑相公,公,憑相
憲肅公,公,憲肅
憲英公,公,憲英
憲靖公,公,憲靖
懷安公,公,懷安
懿公,公,懿
懿愍公,公,懿愍
懿憲公,公,懿憲
懿懷公,公,懿懷
成憲公,公,成憲
成文簡公,公,成文簡
成肅公,公,成肅
戚公,公,戚
戾醜公,公,戾醜
承休公,公,承休
把公,公,把
敏節公,公,敏節
敦僖公,公,敦僖
敬孝公,公,敬孝
敬憲公,公,敬憲
敬獻公,公,敬獻
敬節公,公,敬節
文仁公,公,文仁
文信公,公,文信
文信國公,公,文信國
文僖公,公,文僖
文元公,公,文元
文元成公,公,文元成
文列公,公,文列
文剛公,公,文剛
文和公,公,文和
文坦公,公,文坦
文城公,公,文城
文壯公,公,文壯
文孝公,公,文孝
文安公,公,文安
文定公,公,文定
文宣公,公,文宣
文度公,公,文度
文康公,公,文康
文彦公,公,文彦
文忠公,公,文忠
文惠公,公,文惠
文愍公,公,文愍
文愼公,公,文愼
文憲公,公,文憲
文懿公,公,文懿
文成元公,公,文成元
文成公,公,文成
文戴公,公,文戴
文敏公,公,文敏
文敬公,公,文敬
文敬金公,公,文敬金
文景公,公,文景
文正公,公,文正
文毅公,公,文毅
文淳公,公,文淳
文淸公,公,文淸
文溫公,公,文溫
文潞公,公,文潞
文烈公,公,文烈
文獻公,公,文獻
文禧公,公,文禧
文穆公,公,文穆
文端公,公,文端
文節公,公,文節
文簡公,公,文簡
文純公,公,文純
文經公,公,文經
文翼公,公,文翼
文肅公,公,文肅
文良公,公,文良
文莊公,公,文莊
文襄公,公,文襄
文貞公,公,文貞
文質公,公,文質
文靖公,公,文靖
文順公,公,文順
昌協弟文康公,公,昌協弟文康
明僖公,公,明僖
昭夷公,公,昭夷
昭平公,公,昭平
昭度公,公,昭度
昭悼公,公,昭悼
昭愍公,公,昭愍
昭懿公,公,昭懿
昭敏公,公,昭敏
昭襄公,公,昭襄
昭頃公,公,昭頃
晉僖公,公,晉僖
晉厲公,公,晉厲
晉平公,公,晉平
晉悼公,公,晉悼
晉惠公,公,晉惠
晉文公,公,晉文
晉景公,公,晉景
晉武公,公,晉武
晉獻公,公,晉獻
晉陽公,公,晉陽
晉靈公,公,晉靈
晉靖公,公,晉靖
晋公,公,晋
晦庵文公,公,晦庵文
景僖公,公,景僖
景安公,公,景安
景惠公,公,景惠
景憲公,公,景憲
景武公,公,景武
景烈公,公,景烈
景獻公,公,景獻
景節公,公,景節
景肅公,公,景肅
景靖公,公,景靖
暴公,公,暴
曹文公,公,曹文
曹桓公,公,曹桓
曺守公,公,曺守
曾魯公,公,曾魯
朔寧公,公,朔寧
朔方郡公,公,朔方郡
木公,公,木
朱文公,公,朱文
朱熹徽國公,公,朱熹徽國
朴令公,公,朴令
朴以公,公,朴以
朴德公,公,朴德
朴忠正公,公,朴忠正
朴忠獻公,公,朴忠獻
朴文簡公,公,朴文簡
朴文純公,公,朴文純
李乫公,公,李乫
李令公,公,李令
李太公,公,李太
李忠定公,公,李忠定
李忠武公,公,李忠武
李文元公,公,李文元
李文忠公,公,李文忠
李文成公,公,李文成
李文敬公,公,李文敬
李文純公,公,李文純
李文靖公,公,李文靖
李有公,公,李有
李枝公,公,李枝
李石公,公,李石
李衛公,公,李衛
李雨公,公,李雨
杜祁公,公,杜祁
杜祈公,公,杜祈
東海公,公,東海
林隱公,公,林隱
柳亮公,公,柳亮
柳令公,公,柳令
柴公,公,柴
梁相公,公,梁相
棠公,公,棠
楊文公,公,楊文
楚公,公,楚
榮僖公,公,榮僖
榮公,公,榮
榮夷公,公,榮夷
榮敏公,公,榮敏
榮陽公,公,榮陽
檀公,公,檀
權忠定公,公,權忠定
權漢公,公,權漢
歐公,公,歐
歐陽公,公,歐陽
正愍公,公,正愍
正憲公,公,正憲
正文公,公,正文
正獻公,公,正獻
武恭公,公,武恭
武愍公,公,武愍
武毅公,公,武毅
武烈公,公,武烈
武節公,公,武節
武翼公,公,武翼
武肅公,公,武肅
歧國公,公,歧國
殤公,公,殤
殷紹嘉公,公,殷紹嘉
毅愍公,公,毅愍
毅憲公,公,毅憲
毅烈公,公,毅烈
毅簡公,公,毅簡
毛公,公,毛
沂國公,公,沂國
沐國公,公,沐國
沛公,公,沛
河上公,公,河上
河忠烈公,公,河忠烈
泄公,公,泄
洛國公,公,洛國
洪翼靖公,公,洪翼靖
海澄公,公,海澄
海西公,公,海西
涼元公,公,涼元
淑愼公,公,淑愼
淵聖召公,公,淵聖召
淸公,公,淸
淸獻公,公,淸獻
淸簡公,公,淸簡
湯公,公,湯
源公,公,源
溫公,公,溫
溫國公,公,溫國
溫簡公,公,溫簡
滄浪公,公,滄浪
滎公,公,滎
滕公,公,滕
滕定公,公,滕定
滕文公,公,滕文
漢公,公,漢
潞公,公,潞
潞國公,公,潞國
澹窩公,公,澹窩
激公,公,激
濮國公,公,濮國
無名公,公,無名
焦公,公,焦
狄公,公,狄
狄梁公,公,狄梁
獻愍公,公,獻愍
獻簡公,公,獻簡
王文正公,公,王文正
王晉公,公,王晉
王沂公,公,王沂
王相公,公,王相
王荆公,公,王荆
王荊公,公,王荊
瓠公,公,瓠
田相公,公,田相
申伯公,公,申伯
畢公,公,畢
白公公,公,白公
白忠肅公,公,白忠肅
白木公,公,白木
白鳩相公,公,白鳩相
皇甫公,公,皇甫
皇甫忠定公,公,皇甫忠定
益安公,公,益安
目公,公,目
直憲公,公,直憲
睿聖武公,公,睿聖武
石樓公,公,石樓
祝公,公,祝
祭公,公,祭
禧公僖公,公,禧公僖
秦出公,公,秦出
秦哀公,公,秦哀
秦孝公,公,秦孝
秦康公,公,秦康
秦穆公,公,秦穆
秦繆公,公,秦繆
秦襄公,公,秦襄
程正公,公,程正
程純公,公,程純
穆公,公,穆
穌公,公,穌
穎國公,公,穎國
章威公,公,章威
章成公,公,章成
章昭公,公,章昭
章簡公,公,章簡
端木公,公,端木
筆公,公,筆
箕城駱公,公,箕城駱
節孝除公,公,節孝除
節愍公,公,節愍
簡憲公,公,簡憲
紀公,公,紀
純公,公,純
純簡公,公,純簡
紹嘉公,公,紹嘉
繆公,公,繆
羊公,公,羊
義公,公,義
義安公,公,義安
義烈公,公,義烈
義肅公,公,義肅
翊國公,公,翊國
翊戴公,公,翊戴
翟公,公,翟
翼元公,公,翼元
翼孝公,公,翼孝
翼憲公,公,翼憲
翼成公,公,翼成
翼景公,公,翼景
翼正公,公,翼正
翼獻公,公,翼獻
翼貞公,公,翼貞
翼靖公,公,翼靖
老峰公,公,老峰
聽松公,公,聽松
肅定公,公,肅定
肅憲公,公,肅憲
肅敏公,公,肅敏
肅獻公,公,肅獻
肅簡公,公,肅簡
胡僖公,公,胡僖
胡公,公,胡
胡安定公,公,胡安定
胡文公,公,胡文
胡文定公,公,胡文定
胡文正公,公,胡文正
胡襄公,公,胡襄
良孝公,公,良孝
良景公,公,良景
艾公,公,艾
若宗聖公,公,若宗聖
英公,公,英
英國公,公,英國
英毅公,公,英毅
英烈公,公,英烈
范忠宣公,公,范忠宣
范文正公,公,范文正
范潞公,公,范潞
范蜀公,公,范蜀
范魯公,公,范魯
荊公,公,荊
莊敏公,公,莊敏
莊武公,公,莊武
莊毅公,公,莊毅
莊貞公,公,莊貞
莊靖公,公,莊靖
莒紀公,公,莒紀
莫連公,公,莫連
菜公,公,菜
萊公,公,萊
萬公,公,萬
葉相公,公,葉相
葦公,公,葦
蓋公,公,蓋
蔡宣公,公,蔡宣
蔡景公,公,蔡景
蕫公,公,蕫
薛沛公,公,薛沛
藏公,公,藏
藤公,公,藤
蘇伐公,公,蘇伐
蘇志公,公,蘇志
蘇長公,公,蘇長
虞公,公,虞
虢公,公,虢
虢文公,公,虢文
蜀公,公,蜀
衍聖公,公,衍聖
衛之文公,公,衛之文
衛之武公,公,衛之武
衛使公,公,衛使
衛公,公,衛
衛孝公,公,衛孝
衛宣公,公,衛宣
衛懿公,公,衛懿
衛文公,公,衛文
衛武公,公,衛武
衛獻公,公,衛獻
衛莊公,公,衛莊
衛襄公,公,衛襄
衛靈公,公,衛靈
袁公,公,袁
裴晉公,公,裴晉
裵令公,公,裵令
裵晉公,公,裵晉
裵晋公,公,裵晋
褒成宣尼公,公,褒成宣尼
襄仕公,公,襄仕
襄度公,公,襄度
襄悼公,公,襄悼
襄惠公,公,襄惠
襄敏公,公,襄敏
襄昭公,公,襄昭
襄景公,公,襄景
襄武公,公,襄武
襄毅公,公,襄毅
襄烈公,公,襄烈
襄節公,公,襄節
襄簡公,公,襄簡
襄義公,公,襄義
襄肅公,公,襄肅
襄莊公,公,襄莊
襄貞公,公,襄貞
襄靖公,公,襄靖
西平公,公,西平
西河公,公,西河
西浦公,公,西浦
訥齋朴公,公,訥齋朴
許僖公,公,許僖
許穆公,公,許穆
許靈公,公,許靈
誾公,公,誾
諡忠貞公,公,諡忠貞
諸葛公,公,諸葛
謀勇公,公,謀勇
謝相公,公,謝相
譚上公,公,譚上
譚公,公,譚
譚相公,公,譚相
豐公,公,豐
豐悼公,公,豐悼
豫國公,公,豫國
貞僖公,公,貞僖
貞孝公,公,貞孝
貞悼公,公,貞悼
貞惠公,公,貞惠
貞愍公,公,貞愍
貞慜公,公,貞慜
貞懿公,公,貞懿
貞敏公,公,貞敏
貞文公,公,貞文
貞武公,公,貞武
貞毅公,公,貞毅
貞淸公,公,貞淸
貞烈公,公,貞烈
貞獻公,公,貞獻
貞節公,公,貞節
貞簡公,公,貞簡
貞翼公,公,貞翼
貞肅公,公,貞肅
貞靖公,公,貞靖
費公,公,費
費惠公,公,費惠
賈相公,公,賈相
越國公,公,越國
趙文正公,公,趙文正
趙文烈公,公,趙文烈
趙良公,公,趙良
趙靈武公,公,趙靈武
路公,公,路
述聖公,公,述聖
逍遙公,公,逍遙
道國公,公,道國
遠公,公,遠
遲川公,公,遲川
遼東公,公,遼東
邵公,公,邵
邾國公,公,邾國
邾婁定公,公,邾婁定
邾定公,公,邾定
邾文公,公,邾文
邾莊公,公,邾莊
郕國公,公,郕國
郭令公,公,郭令
鄆公,公,鄆
鄒國公,公,鄒國
鄧公,公,鄧
鄭壯公,公,鄭壯
鄭守公,公,鄭守
鄭忠壯公,公,鄭忠壯
鄭文公,公,鄭文
鄭文忠公,公,鄭文忠
鄭文敬公,公,鄭文敬
鄭昭公,公,鄭昭
鄭桓公,公,鄭桓
鄭武公,公,鄭武
鄭自公,公,鄭自
鄭莊公,公,鄭莊
鄭誠公,公,鄭誠
金伊公,公,金伊
金兩文簡公,公,金兩文簡
金在公,公,金在
金坽公,公,金坽
金忠獻公,公,金忠獻
金忠翼公,公,金忠翼
金文元公,公,金文元
金文忠公,公,金文忠
金文敬公,公,金文敬
金文正公,公,金文正
金文簡公,公,金文簡
金松公,公,金松
金武公,公,金武
金漢公,公,金漢
金相公,公,金相
金石公,公,金石
金自公,公,金自
金釗公,公,金釗
金雙公,公,金雙
錢公,公,錢
錢思公,公,錢思
鎭國公,公,鎭國
長公,公,長
閔忠文公,公,閔忠文
閔忠正公,公,閔忠正
閔文忠公,公,閔文忠
閔文貞公,公,閔文貞
閻公,公,閻
閻相公,公,閻相
關公,公,關
陳宣公,公,陳宣
陳忠肅公,公,陳忠肅
陳肅公,公,陳肅
陳胡公,公,陳胡
陳靈公,公,陳靈
陶公,公,陶
陶威公,公,陶威
陶朱公,公,陶朱
陸宣公,公,陸宣
陽公,公,陽
陽智公,公,陽智
陽村公,公,陽村
隴西公,公,隴西
隴西郡公,公,隴西郡
雇公,公,雇
雞林公,公,雞林
雞林郡公,公,雞林郡
靈孝公,公,靈孝
靑寧公,公,靑寧
靖僖公,公,靖僖
靖公,公,靖
靖厚公,公,靖厚
靖孝公,公,靖孝
靖安公,公,靖安
靖平公,公,靖平
靖惠公,公,靖惠
靖憲公,公,靖憲
靖文公,公,靖文
靖毅公,公,靖毅
靖淸公,公,靖淸
靖溫公,公,靖溫
靖獻公,公,靖獻
靖簡公,公,靖簡
靖翼公,公,靖翼
靖肅公,公,靖肅
靖胡公,公,靖胡
靖襄公,公,靖襄
韓吾公,公,韓吾
韓才公,公,韓才
韓文公,公,韓文
韓魏公,公,韓魏
預國公,公,預國
頭登公,公,頭登
顔魯公,公,顔魯
顧公,公,顧
馬韓公,公,馬韓
馮公,公,馮
馮相公,公,馮相
駱公,公,駱
高貴鄕公,公,高貴鄕
魏國公,公,魏國
魏武公,公,魏武
魏遼東公,公,魏遼東
魏鄭公,公,魏鄭
魯僖公,公,魯僖
魯哀公,公,魯哀
魯定公,公,魯定
魯宣公,公,魯宣
魯平公,公,魯平
魯惠公,公,魯惠
魯成公,公,魯成
魯文公,公,魯文
魯昭公,公,魯昭
魯桓公,公,魯桓
魯申公,公,魯申
魯穆公,公,魯穆
魯繆公,公,魯繆
魯莊公,公,魯莊
魯襄公,公,魯襄
魯躋僖公,公,魯躋僖
魯閔公,公,魯閔
魯隱公,公,魯隱
鰲城相公,公,鰲城相
麻公,公,麻
黃次公,公,黃次
黃石公,公,黃石
黃翼成公,公,黃翼成
黎公,公,黎
黨相公,公,黨相
齊僖公,公,齊僖
齊公,公,齊
齊國公,公,齊國
齊太公,公,齊太
齊威公,公,齊威
齊孝公,公,齊孝
齊康公,公,齊康
齊惠公,公,齊惠
齊昭公,公,齊昭
齊景公,公,齊景
齊桓公,公,齊桓
齊簡公,公,齊簡
齊莊公,公,齊莊
齊襄公,公,齊襄
齊貞公,公,齊貞
齊頃公,公,齊頃
龐公,公,龐
龐德公,公,龐德
丹城副守,副守,丹城
任城副守,副守,任城
伊山副守,副守,伊山
先城副守,副守,先城
光原副守,副守,光原
光城副守,副守,光城
光陽副守,副守,光陽
全興副守,副守,全興
冨閏副守,副守,冨閏
凝善副守,副守,凝善
加德副守,副守,加德
南原副守,副守,南原
和林副守,副守,和林
壺平副守,副守,壺平
壽昌副守,副守,壽昌
安城副守,副守,安城
安場副守,副守,安場
安陽副守,副守,安陽
完山副守,副守,完山
完平副守,副守,完平
宜城副守,副守,宜城
密令副守,副守,密令
密安副守,副守,密安
密寧副守,副守,密寧
密春副守,副守,密春
密林副守,副守,密林
富潤副守,副守,富潤
富閏副守,副守,富閏
寧仁副守,副守,寧仁
寧堤副守,副守,寧堤
寧川副守,副守,寧川
寶城副守,副守,寶城
屛山副守,副守,屛山
岑陽副守,副守,岑陽
平昌副守,副守,平昌
廣陵副守,副守,廣陵
德仁副守,副守,德仁
德城副守,副守,德城
德興副守,副守,德興
忠原副守,副守,忠原
忠城副守,副守,忠城
慶源副守,副守,慶源
慶陽副守,副守,慶陽
懷原副守,副守,懷原
懷恩副守,副守,懷恩
成平副守,副守,成平
才山副守,副守,才山
昌寧副守,副守,昌寧
昌平副守,副守,昌平
昌林副守,副守,昌林
昌溪副守,副守,昌溪
明原副守,副守,明原
明山副守,副守,明山
春城副守,副守,春城
月林副守,副守,月林
東平副守,副守,東平
東興副守,副守,東興
松林副守,副守,松林
松津副守,副守,松津
桂林副守,副守,桂林
楊山副守,副守,楊山
榮川副守,副守,榮川
樂城副守,副守,樂城
櫟陽副守,副守,櫟陽
永和副守,副守,永和
永善副守,副守,永善
永嘉副守,副守,永嘉
永安副守,副守,永安
永豐副守,副守,永豐
江寧副守,副守,江寧
河源副守,副守,河源
泳城副守,副守,泳城
洛原副守,副守,洛原
洪川副守,副守,洪川
海城副守,副守,海城
海陽副守,副守,海陽
淸城副守,副守,淸城
淸平副守,副守,淸平
漢平副守,副守,漢平
濱陽副守,副守,濱陽
燕山副守,副守,燕山
牟陽副守,副守,牟陽
玉林副守,副守,玉林
珍原副守,副守,珍原
珍山副守,副守,珍山
甘泉副守,副守,甘泉
益平副守,副守,益平
益昌副守,副守,益昌
礪昌副守,副守,礪昌
祥原副守,副守,祥原
福城副守,副守,福城
竹溪副守,副守,竹溪
終南副守,副守,終南
綾城副守,副守,綾城
義信副守,副守,義信
義原副守,副守,義原
義城副守,副守,義城
義川副守,副守,義川
興海副守,副守,興海
花山副守,副守,花山
蓬城副守,副守,蓬城
蘂川副守,副守,蘂川
虛川副守,副守,虛川
行南原副守,副守,行南原
行益昌副守,副守,行益昌
行西溪副守,副守,行西溪
西溪副守,副守,西溪
豐安副守,副守,豐安
豐林副守,副守,豐林
達城副守,副守,達城
金陵副守,副守,金陵
金馬副守,副守,金馬
錦溪副守,副守,錦溪
錦陵副守,副守,錦陵
鐵城副守,副守,鐵城
長澤副守,副守,長澤
長連副守,副守,長連
陶城副守,副守,陶城
陽平副守,副守,陽平
雪城副守,副守,雪城
雪山副守,副守,雪山
雲封副守,副守,雲封
雲岳副守,副守,雲岳
雲水副守,副守,雲水
靈昌副守,副守,靈昌
靈林副守,副守,靈林
馬川副守,副守,馬川
驪平副守,副守,驪平
高城副守,副守,高城
高瀛副守,副守,高瀛
鳳川副守,副守,鳳川
鵠城副守,副守,鵠城
鶴陵副守,副守,鶴陵
龍城副守,副守,龍城
龜安副守,副守,龜安
龜山副守,副守,龜山
龜興副守,副守,龜興
修義副尉,副尉,修義
光恩副尉,副尉,光恩
展力副尉,副尉,展力
益平副尉,副尉,益平
綾山副尉,副尉,綾山
綾昌副尉,副尉,綾昌
興恩副尉,副尉,興恩
進義副尉,副尉,進義
錦昌副尉,副尉,錦昌
黃副尉,副尉,黃
黃昌副尉,副尉,黃昌
上洛君,君,上洛
上黨君,君,上黨
中和君,君,中和
丹原君,君,丹原
丹城君,君,丹城
丹山君,君,丹山
丹陽君,君,丹陽
五覇之君,君,五覇之
交城君,君,交城
交成君,君,交成
仁城君,君,仁城
仁山府院君,府院君,仁山
仁山君,君,仁山
仁川君,君,仁川
仁平君,君,仁平
仁成君,君,仁成
仁昌君,君,仁昌
仁眞君,君,仁眞
仁興君,君,仁興
仁豊君,君,仁豊
仁陵君,君,仁陵
仁陽君,君,仁陽
令原君,君,令原
伊城君,君,伊城
伊川君,君,伊川
何南君,君,何南
保城君,君,保城
信城君,君,信城
信寧君,君,信寧
信川君,君,信川
信平君,君,信平
信義君,君,信義
儒城君,君,儒城
儒川君,君,儒川
光南君,君,光南
光原君,君,光原
光善君,君,光善
光城君,君,光城
光寧君,君,光寧
光山君,君,光山
光平君,君,光平
光恩君,君,光恩
光春君,君,光春
光海君,君,光海
光興君,君,光興
全坪君,君,全坪
全城君,君,全城
全完君,君,全完
全山君,君,全山
全川君,君,全川
全平君,君,全平
全恩君,君,全恩
全昌君,君,全昌
全春君,君,全春
全溪君,君,全溪
全溪太院君,君,全溪太院
全義君,君,全義
全興君,君,全興
全豐君,君,全豐
全陵君,君,全陵
全陽君,君,全陽
八桂君,君,八桂
八溪君,君,八溪
公城君,君,公城
公山君,君,公山
冨城君,君,冨城
凌川君,君,凌川
凝善君,君,凝善
凝川君,君,凝川
凞寧君,君,凞寧
利城君,君,利城
功城君,君,功城
功成君,君,功成
加恩君,君,加恩
勵城君,君,勵城
勵良君,君,勵良
南厚君,君,南厚
南原君,君,南原
南城君,君,南城
南川君,君,南川
南平君,君,南平
南延君,君,南延
南恩君,君,南恩
南昌君,君,南昌
南昌府君,君,南昌府
南源君,君,南源
南溪君,君,南溪
南綾君,君,南綾
南陽君,君,南陽
南頓君,君,南頓
博平君,君,博平
厚寧君,君,厚寧
原城君,君,原城
原山君,君,原山
原川君,君,原川
原平君,君,原平
原恩君,君,原恩
原昌君,君,原昌
原春君,君,原春
原海君,君,原海
原溪君,君,原溪
原興君,君,原興
原豐君,君,原豐
原陽君,君,原陽
司馬君,君,司馬
吉原君,君,吉原
吉城君,君,吉城
吉安君,君,吉安
吉川君,君,吉川
吉昌君,君,吉昌
呂原君,君,呂原
呂川君,君,呂川
和城君,君,和城
和寧君,君,和寧
和義君,君,和義
咸原君,君,咸原
咸善君,君,咸善
咸城君,君,咸城
咸安君,君,咸安
咸寧君,君,咸寧
咸山君,君,咸山
咸川君,君,咸川
咸平君,君,咸平
咸從君,君,咸從
咸恩君,君,咸恩
咸春君,君,咸春
咸溪君,君,咸溪
咸陵君,君,咸陵
咸陽君,君,咸陽
唐原君,君,唐原
唐城君,君,唐城
唐恩君,君,唐恩
唐溪君,君,唐溪
唐陵君,君,唐陵
唐陽君,君,唐陽
商原君,君,商原
商山君,君,商山
商興君,君,商興
啇山君,君,啇山
啓川君,君,啓川
善城君,君,善城
善山君,君,善山
善平君,君,善平
善谷君,君,善谷
嘉原君,君,嘉原
嘉平君,君,嘉平
嘉恩君,君,嘉恩
因興原君,君,因興原
固城君,君,固城
坡光君,君,坡光
坡原君,君,坡原
坡城君,君,坡城
坡完君,君,坡完
坡川君,君,坡川
坡平君,君,坡平
坡春君,君,坡春
坡林君,君,坡林
坡興君,君,坡興
坡豐君,君,坡豐
坡陵君,君,坡陵
坡陽君,君,坡陽
堤川君,君,堤川
壺山君,君,壺山
壼山君,君,壼山
壽城君,君,壽城
壽延君,君,壽延
壽春君,君,壽春
夏原君,君,夏原
夏善君,君,夏善
夏坪君,君,夏坪
夏山君,君,夏山
夏川君,君,夏川
夏平君,君,夏平
夏溪君,君,夏溪
夏綾君,君,夏綾
夏興君,君,夏興
夏豐君,君,夏豐
夏陵君,君,夏陵
夏雲君,君,夏雲
大良君,君,大良
大良院君,君,大良院
大院君,大院君,
大院定遠君,君,大院定遠
太原府君,君,太原府
太院君,君,太院
奉化君,君,奉化
奉安君,君,奉安
奉寧君,君,奉寧
始安君,君,始安
始林君,君,始林
娥林君,君,娥林
孝寧君,君,孝寧
孤竹君,君,孤竹
守山君,君,守山
守春城君,君,守春城
守道君,君,守道
安三君,君,安三
安南君,君,安南
安原君,君,安原
安城君,君,安城
安山君,君,安山
安川君,君,安川
安恩君,君,安恩
安昌君,君,安昌
安春君,君,安春
安正君,君,安正
安溪君,君,安溪
安興君,君,安興
安豊君,君,安豊
安豐君,君,安豐
安賢君,君,安賢
安陵君,君,安陵
安陽君,君,安陽
完信君,君,完信
完南君,君,完南
完原君,君,完原
完和君,君,完和
完善君,君,完善
完城君,君,完城
完寧君,君,完寧
完山君,君,完山
完川君,君,完川
完平君,君,完平
完恩君,君,完恩
完昌君,君,完昌
完春君,君,完春
完林君,君,完林
完永君,君,完永
完淸君,君,完淸
完溪君,君,完溪
完義君,君,完義
完興君,君,完興
完豐君,君,完豐
完陵君,君,完陵
完陽君,君,完陽
完順君,君,完順
宗山君,君,宗山
宗臣慶平君,君,宗臣慶平
定仁君,君,定仁
定城君,君,定城
定安君,君,定安
定寧君,君,定寧
定平君,君,定平
定康君,君,定康
定成君,君,定成
定昌君,君,定昌
定昌國院君,君,定昌國院
定義君,君,定義
定遠君,君,定遠
定陽君,君,定陽
定順君,君,定順
宜城君,君,宜城
宜安君,君,宜安
宜寧君,君,宜寧
宜山君,君,宜山
宜昌君,君,宜昌
宜春君,君,宜春
宜溪君,君,宜溪
宜豐君,君,宜豐
宣城君,君,宣城
寅善君,君,寅善
寅城君,君,寅城
寅寧君,君,寅寧
密仁君,君,密仁
密信君,君,密信
密南君,君,密南
密原君,君,密原
密善君,君,密善
密城君,君,密城
密安君,君,密安
密宣君,君,密宣
密山君,君,密山
密川君,君,密川
密平君,君,密平
密恩君,君,密恩
密成君,君,密成
密昌君,君,密昌
密春君,君,密春
密林君,君,密林
密溪君,君,密溪
密興君,君,密興
密豐君,君,密豐
密陵君,君,密陵
密陽君,君,密陽
寇使君,君,寇使
富原君,君,富原
富城君,君,富城
富林君,君,富林
察朗君,君,察朗
寧仁君,君,寧仁
寧原君,君,寧原
寧城君,君,寧城
寧堤君,君,寧堤
寧安君,君,寧安
寧山君,君,寧山
寧川君,君,寧川
寧延君,君,寧延
寧春君,君,寧春
寧海君,君,寧海
寧源君,君,寧源
寧興君,君,寧興
寧豊君,君,寧豊
寧豐君,君,寧豐
寧遠君,君,寧遠
寧陽君,君,寧陽
寶城君,君,寶城
寶山君,君,寶山
寶成君,君,寶成
尙山君,君,尙山
尹㦙南平君,君,尹㦙南平
居平君,君,居平
居昌君,君,居昌
山城君,君,山城
山陽君,君,山陽
峯城君,君,峯城
峰城君,君,峰城
崇善君,君,崇善
崑山君,君,崑山
崙山君,君,崙山
嵩善君,君,嵩善
嶺陽君,君,嶺陽
川邑君,君,川邑
左文君,君,左文
巴山君,君,巴山
巴陵君,君,巴陵
帶原君,君,帶原
帶山君,君,帶山
帶恩君,君,帶恩
常山君,君,常山
常溪君,君,常溪
平善君,君,平善
平城君,君,平城
平壤君,君,平壤
平寧君,君,平寧
平川君,君,平川
平昌君,君,平昌
平林君,君,平林
平江君,君,平江
平泉君,君,平泉
平海君,君,平海
平興君,君,平興
平陵君,君,平陵
平雲君,君,平雲
平靈君,君,平靈
幸原君,君,幸原
庚陽君,君,庚陽
府院君,府院君,
廣南君,君,廣南
廣原君,君,廣原
廣城君,君,廣城
廣山君,君,廣山
廣川君,君,廣川
廣平君,君,廣平
廣成君,君,廣成
廣昌君,君,廣昌
廣林君,君,廣林
廣武君,君,廣武
廣興君,君,廣興
廣陵君,君,廣陵
廣陽君,君,廣陽
延原君,君,延原
延城君,君,延城
延安君,君,延安
延山君,君,延山
延川君,君,延川
延昌君,君,延昌
延礽君,君,延礽
延福君,君,延福
延興君,君,延興
延豊君,君,延豊
延豐君,君,延豐
延陵君,君,延陵
延陽君,君,延陽
延齡君,君,延齡
廷齡君,君,廷齡
建安君,君,建安
弘寧君,君,弘寧
張楚君,君,張楚
彦城君,君,彦城
彦陽君,君,彦陽
復興君,君,復興
德原君,君,德原
德城君,君,德城
德安君,君,德安
德完君,君,德完
德川君,君,德川
德恩君,君,德恩
德成君,君,德成
德林君,君,德林
德泉君,君,德泉
德津君,君,德津
德源君,君,德源
德興君,君,德興
德良君,君,德良
德讓君,君,德讓
德豐君,君,德豐
德陽君,君,德陽
忠原君,君,忠原
忠安君,君,忠安
忠寧君,君,忠寧
忠恩君,君,忠恩
忠義君,君,忠義
忠興君,君,忠興
思信君,君,思信
恒山君,君,恒山
恩信君,君,恩信
恩全君,君,恩全
恩彦君,君,恩彦
恩溪君,君,恩溪
恩藎君,君,恩藎
恭寧君,君,恭寧
恭讓君,君,恭讓
恭順君,君,恭順
息城君,君,息城
惟昌原君,君,惟昌原
惠寧君,君,惠寧
愼城君,君,愼城
愼宜君,君,愼宜
愼恩君,君,愼恩
愼誼君,君,愼誼
慶信君,君,慶信
慶南君,君,慶南
慶原君,君,慶原
慶善君,君,慶善
慶安君,君,慶安
慶完君,君,慶完
慶宣君,君,慶宣
慶寅君,君,慶寅
慶川君,君,慶川
慶平君,君,慶平
慶恩君,君,慶恩
慶憲君,君,慶憲
慶新君,君,慶新
慶昌君,君,慶昌
慶明君,君,慶明
慶星君,君,慶星
慶春君,君,慶春
慶會君,君,慶會
慶林君,君,慶林
慶義君,君,慶義
慶興君,君,慶興
慶薰君,君,慶薰
慶豐君,君,慶豐
慶郞君,君,慶郞
慶陵君,君,慶陵
慶陽君,君,慶陽
慶雲君,君,慶雲
懋安君,君,懋安
懷原君,君,懷原
懷安君,君,懷安
懷川君,君,懷川
懷平君,君,懷平
懷德君,君,懷德
懷恩君,君,懷恩
懷義君,君,懷義
成安君,君,成安
成平君,君,成平
成昌君,君,成昌
成陵君,君,成陵
承襲君,君,承襲
挑源君,君,挑源
提川君,君,提川
揚平君,君,揚平
撫安君,君,撫安
敬寧君,君,敬寧
敬義君,君,敬義
敬興君,君,敬興
文化君,君,文化
文原君,君,文原
文城君,君,文城
文安君,君,文安
文寧君,君,文寧
文山君,君,文山
文川君,君,文川
文平君,君,文平
文成君,君,文成
文興君,君,文興
文陽君,君,文陽
新宗君,君,新宗
新平君,君,新平
新昌君,君,新昌
新溪君,君,新溪
新豐君,君,新豐
日城君,君,日城
昆山君,君,昆山
昇平君,君,昇平
昌原君,君,昌原
昌善君,君,昌善
昌國君,君,昌國
昌城君,君,昌城
昌安君,君,昌安
昌寧君,君,昌寧
昌山君,君,昌山
昌川君,君,昌川
昌彦君,君,昌彦
昌成君,君,昌成
昌林君,君,昌林
昌淡君,君,昌淡
昌源君,君,昌源
昌演君,君,昌演
昌陽君,君,昌陽
昌靈君,君,昌靈
明城君,君,明城
星原君,君,星原
星坪君,君,星坪
星山君,君,星山
星川君,君,星川
星昌君,君,星昌
星源君,君,星源
春城君,君,春城
春陽君,君,春陽
昭平君,君,昭平
昭悼君,君,昭悼
晉南君,君,晉南
晉原君,君,晉原
晉善君,君,晉善
晉安君,君,晉安
晉完君,君,晉完
晉宣君,君,晉宣
晉寧君,君,晉寧
晉山君,君,晉山
晉峯君,君,晉峯
晉嶺君,君,晉嶺
晉川君,君,晉川
晉平君,君,晉平
晉康君,君,晉康
晉恩君,君,晉恩
晉昌君,君,晉昌
晉春君,君,晉春
晉朗君,君,晉朗
晉海君,君,晉海
晉禮君,君,晉禮
晉興君,君,晉興
晉豐君,君,晉豐
晉陵君,君,晉陵
晉陽君,君,晉陽
晋原君,君,晋原
晋城君,君,晋城
晋安君,君,晋安
晋寧君,君,晋寧
晋山君,君,晋山
晋川君,君,晋川
晋平君,君,晋平
晋昌君,君,晋昌
晋興君,君,晋興
晋陵君,君,晋陵
晋陽君,君,晋陽
景山君,君,景山
景平君,君,景平
景彦君,君,景彦
景恩君,君,景恩
景明君,君,景明
景陽君,君,景陽
會原君,君,會原
會寧君,君,會寧
月善君,君,月善
月坪君,君,月坪
月城君,君,月城
月山君,君,月山
月川君,君,月川
月昌君,君,月昌
月溪君,君,月溪
月豐君,君,月豐
朗原君,君,朗原
朗善君,君,朗善
朱溪君,君,朱溪
朴事君,君,朴事
杆城君,君,杆城
李小君,君,李小
李少君,君,李少
杞原君,君,杞原
杞寧君,君,杞寧
杞平君,君,杞平
杞淸君,君,杞淸
杞豐君,君,杞豐
杞陽君,君,杞陽
東南君,君,東南
東原君,君,東原
東善君,君,東善
東坪君,君,東坪
東城君,君,東城
東完君,君,東完
東寧君,君,東寧
東山君,君,東山
東川君,君,東川
東平君,君,東平
東恩君,君,東恩
東昌君,君,東昌
東林君,君,東林
東河君,君,東河
東海君,君,東海
東淮君,君,東淮
東淸君,君,東淸
東興君,君,東興
東萊君,君,東萊
東鄕君,君,東鄕
東陽君,君,東陽
松山君,君,松山
松林君,君,松林
松羅君,君,松羅
林原君,君,林原
林堰君,君,林堰
林川君,君,林川
柔川君,君,柔川
柱城君,君,柱城
柱陽君,君,柱陽
柳洙文城君,君,柳洙文城
栒城君,君,栒城
栗元君,君,栗元
栗原君,君,栗原
桂原君,君,桂原
桂城君,君,桂城
桂山君,君,桂山
桂林君,君,桂林
桂賜君,君,桂賜
桂陽君,君,桂陽
桃原君,君,桃原
桃城君,君,桃城
桃平君,君,桃平
桃源君,君,桃源
桃蹊君,君,桃蹊
梁之君,君,梁之
梁山君,君,梁山
梄封君,君,梄封
梅溪君,君,梅溪
楊原君,君,楊原
楊山君,君,楊山
楊成君,君,楊成
楡城君,君,楡城
楡川君,君,楡川
榮山君,君,榮山
槐山君,君,槐山
樂原君,君,樂原
樂善君,君,樂善
樂城君,君,樂城
樂安君,君,樂安
樂平君,君,樂平
樂新君,君,樂新
樂林君,君,樂林
樂豐君,君,樂豐
檜元君,君,檜元
檜原君,君,檜原
檜山君,君,檜山
檜昌君,君,檜昌
檜興君,君,檜興
歡城君,君,歡城
武信君,君,武信
武寧君,君,武寧
武陽君,君,武陽
武靈君,君,武靈
歧城君,君,歧城
歸義君,君,歸義
永南君,君,永南
永善君,君,永善
永嘉君,君,永嘉
永城君,君,永城
永安君,君,永安
永完君,君,永完
永宣君,君,永宣
永寧君,君,永寧
永山君,君,永山
永川君,君,永川
永平君,君,永平
永新君,君,永新
永昌君,君,永昌
永春君,君,永春
永曆君,君,永曆
永福君,君,永福
永粹君,君,永粹
永膺太君,君,永膺太
永興君,君,永興
永豊君,君,永豊
永豐君,君,永豐
永陽君,君,永陽
永順君,君,永順
江城君,君,江城
江寧君,君,江寧
江川君,君,江川
江陵君,君,江陵
江陽君,君,江陽
江隱君,君,江隱
沃野君,君,沃野
沔城君,君,沔城
沔成君,君,沔成
河南君,君,河南
河原君,君,河原
河善君,君,河善
河城君,君,河城
河寧君,君,河寧
河平君,君,河平
河恩君,君,河恩
河成君,君,河成
河昌君,君,河昌
河東君,君,河東
河淸君,君,河淸
河源君,君,河源
河溪君,君,河溪
河興君,君,河興
河西君,君,河西
河陰君,君,河陰
河陵君,君,河陵
河順君,君,河順
泰慶益成君,君,泰慶益成
洛善君,君,洛善
洛城君,君,洛城
洛川君,君,洛川
洛平君,君,洛平
洛昌君,君,洛昌
洛春君,君,洛春
洛興君,君,洛興
洛豊君,君,洛豊
洛豐君,君,洛豐
洛陵君,君,洛陵
洛陽君,君,洛陽
洪山君,君,洪山
洪恩君,君,洪恩
洪陽君,君,洪陽
海原君,君,海原
海城君,君,海城
海安君,君,海安
海寧君,君,海寧
海川君,君,海川
海平君,君,海平
海平府原君,君,海平府原
海恩君,君,海恩
海愼君,君,海愼
海昌君,君,海昌
海春君,君,海春
海溪君,君,海溪
海興君,君,海興
海蓬君,君,海蓬
海襄君,君,海襄
海豊君,君,海豊
海豐君,君,海豐
海運君,君,海運
海陵君,君,海陵
海陽君,君,海陽
海雲君,君,海雲
海鷄君,君,海鷄
淵川君,君,淵川
淸原君,君,淸原
淸坪君,君,淸坪
淸城君,君,淸城
淸安君,君,淸安
淸富君,君,淸富
淸寧君,君,淸寧
淸川君,君,淸川
淸州君,君,淸州
淸平君,君,淸平
淸延君,君,淸延
淸恩君,君,淸恩
淸林君,君,淸林
淸河君,君,淸河
淸海君,君,淸海
淸淵君,君,淸淵
淸源君,君,淸源
淸溪君,君,淸溪
淸興君,君,淸興
淸豊君,君,淸豊
淸陵君,君,淸陵
淸陽君,君,淸陽
淸風君,君,淸風
湖安君,君,湖安
湖山君,君,湖山
源溪君,君,源溪
溟城君,君,溟城
溟恩君,君,溟恩
溫寧君,君,溫寧
溫陽君,君,溫陽
漆原君,君,漆原
漆城君,君,漆城
漆山君,君,漆山
漆溪君,君,漆溪
漢南君,君,漢南
漢原君,君,漢原
漢山君,君,漢山
漢川君,君,漢川
漢平君,君,漢平
漢恩君,君,漢恩
漢興君,君,漢興
漢陰君,君,漢陰
潘南君,君,潘南
潘城君,君,潘城
潘陵君,君,潘陵
潭陽君,君,潭陽
潼陽君,君,潼陽
濟興君,君,濟興
瀛原君,君,瀛原
瀛州君,君,瀛州
瀛昌君,君,瀛昌
瀛洲君,君,瀛洲
瀛海君,君,瀛海
瀛萊君,君,瀛萊
瀛陽君,君,瀛陽
烈陽君,君,烈陽
烏城君,君,烏城
烏山君,君,烏山
烏川君,君,烏川
烏昌君,君,烏昌
烏林君,君,烏林
無山君,君,無山
熊城君,君,熊城
熙寧君,君,熙寧
熙川君,君,熙川
燕城君,君,燕城
燕山君,君,燕山
爟海陵君,君,爟海陵
牙善君,君,牙善
牙城君,君,牙城
牙恩君,君,牙恩
牛山君,君,牛山
狼原君,君,狼原
玄復君,君,玄復
玄福君,君,玄福
玉城君,君,玉城
玉山君,君,玉山
玉川君,君,玉川
玉恩君,君,玉恩
王山君,君,王山
王昭君,君,王昭
珍原君,君,珍原
珍城君,君,珍城
珍山君,君,珍山
珍陽君,君,珍陽
珎原君,君,珎原
珎山君,君,珎山
琅原君,君,琅原
琅善君,君,琅善
琅坪君,君,琅坪
琅城君,君,琅城
琅堤君,君,琅堤
琅平君,君,琅平
琅成君,君,琅成
琅玶君,君,琅玶
琅琳君,君,琅琳
琅瑅君,君,琅瑅
瑞原君,君,瑞原
瑞城君,君,瑞城
瑞寧君,君,瑞寧
瑞山君,君,瑞山
瓊林君,君,瓊林
甄城君,君,甄城
申琓平川君,君,申琓平川
申純平春君,君,申純平春
皆伯君,君,皆伯
盆城君,君,盆城
盆溪君,君,盆溪
盆興君,君,盆興
益?君,君,益?
益原君,君,益原
益和君,君,益和
益城君,君,益城
益安君,君,益安
益完君,君,益完
益寧君,君,益寧
益峴君,君,益峴
益川君,君,益川
益平君,君,益平
益成君,君,益成
益昌君,君,益昌
益昌府君,君,益昌府
益興君,君,益興
益豐君,君,益豐
益陽君,君,益陽
益齡君,君,益齡
眞陽君,君,眞陽
石保君,君,石保
石陵君,君,石陵
碧溪君,君,碧溪
碧陵君,君,碧陵
碩興君,君,碩興
礪原君,君,礪原
礪城君,君,礪城
礪山君,君,礪山
礪平君,君,礪平
礪恩君,君,礪恩
礪昌君,君,礪昌
礪良君,君,礪良
礪陽君,君,礪陽
祥原君,君,祥原
福善君,君,福善
福城君,君,福城
福寧君,君,福寧
福川君,君,福川
福平君,君,福平
福成君,君,福成
福昌君,君,福昌
禫陽君,君,禫陽
禮山君,君,禮山
秀頼君,君,秀頼
竇少君,君,竇少
竇長君,君,竇長
端陽君,君,端陽
竹城君,君,竹城
竹山君,君,竹山
竺山君,君,竺山
筽城君,君,筽城
箕城君,君,箕城
結城君,君,結城
綾南君,君,綾南
綾原君,君,綾原
綾城君,君,綾城
綾安君,君,綾安
綾完君,君,綾完
綾山君,君,綾山
綾峯君,君,綾峯
綾峰君,君,綾峰
綾川君,君,綾川
綾平君,君,綾平
綾恩君,君,綾恩
綾昌君,君,綾昌
綾春君,君,綾春
綾海君,君,綾海
綾興君,君,綾興
綾豊君,君,綾豊
綾豐君,君,綾豐
綾陽君,君,綾陽
綾雲君,君,綾雲
綾靈君,君,綾靈
羅城君,君,羅城
義信君,君,義信
義原君,君,義原
義和君,君,義和
義善君,君,義善
義城君,君,義城
義安君,君,義安
義寧君,君,義寧
義山君,君,義山
義平君,君,義平
義新君,君,義新
義昌君,君,義昌
義泉君,君,義泉
義興君,君,義興
義陽君,君,義陽
義順君,君,義順
翼寧君,君,翼寧
翼峴君,君,翼峴
翼成君,君,翼成
翼現君,君,翼現
者乙山君,君,者乙山
者山君,君,者山
耽山君,君,耽山
耽羅君,君,耽羅
臨冒君,君,臨冒
臨原君,君,臨原
臨城君,君,臨城
臨安君,君,臨安
臨完君,君,臨完
臨寧君,君,臨寧
臨昌君,君,臨昌
臨武君,君,臨武
臨海君,君,臨海
臨瀛君,君,臨瀛
臨陽君,君,臨陽
興仁君,君,興仁
興元君,君,興元
興南君,君,興南
興原君,君,興原
興城君,君,興城
興安君,君,興安
興完君,君,興完
興宣君,君,興宣
興寅君,君,興寅
興寧君,君,興寧
興川君,君,興川
興平君,君,興平
興源君,君,興源
興溪君,君,興溪
興陽君,君,興陽
芮城君,君,芮城
花南君,君,花南
花原君,君,花原
花善君,君,花善
花園君,君,花園
花坪君,君,花坪
花城君,君,花城
花山君,君,花山
花川君,君,花川
花平君,君,花平
花昌君,君,花昌
花春君,君,花春
花林君,君,花林
花溪君,君,花溪
花興君,君,花興
花豐君,君,花豐
花陵君,君,花陵
花陽君,君,花陽
茂城君,君,茂城
茂山君,君,茂山
茂春君,君,茂春
茂松君,君,茂松
茂林君,君,茂林
茂豊君,君,茂豊
茂豐君,君,茂豐
草溪君,君,草溪
荳原君,君,荳原
莞城君,君,莞城
菁川君,君,菁川
菁陽君,君,菁陽
華坪君,君,華坪
華城君,君,華城
華峯君,君,華峯
萊城君,君,萊城
萬石君,君,萬石
蒼海君,君,蒼海
蓬來君,君,蓬來
蓬原君,君,蓬原
蓬城君,君,蓬城
蓬山君,君,蓬山
蓬萊君,君,蓬萊
蓮城君,君,蓮城
蓮豐君,君,蓮豐
蘂城君,君,蘂城
蛇山君,君,蛇山
襄城君,君,襄城
襄陽君,君,襄陽
西何君,君,西何
西原君,君,西原
西城君,君,西城
西寧君,君,西寧
西山君,君,西山
西川君,君,西川
西平君,君,西平
西從君,君,西從
西春君,君,西春
西月善君,君,西月善
西江君,君,西江
西河君,君,西河
西淸君,君,西淸
西溪君,君,西溪
西興君,君,西興
西陵君,君,西陵
西陽君,君,西陽
訥陽君,君,訥陽
詩山君,君,詩山
誠寧君,君,誠寧
誼城君,君,誼城
誼成君,君,誼成
諴寧君,君,諴寧
謹寧君,君,謹寧
讓寧君,君,讓寧
谷城君,君,谷城
谷山君,君,谷山
豊南君,君,豊南
豊原君,君,豊原
豊善君,君,豊善
豊安君,君,豊安
豊完君,君,豊完
豊寧君,君,豊寧
豊山君,君,豊山
豊海君,君,豊海
豊溪君,君,豊溪
豊陽君,君,豊陽
豐原君,君,豐原
豐善君,君,豐善
豐嚴君,君,豐嚴
豐城君,君,豐城
豐城院府君,君,豐城院府
豐壤君,君,豐壤
豐安君,君,豐安
豐寧君,君,豐寧
豐山君,君,豐山
豐巖君,君,豐巖
豐川君,君,豐川
豐恩君,君,豐恩
豐昌君,君,豐昌
豐春君,君,豐春
豐海君,君,豐海
豐溪君,君,豐溪
豐綾君,君,豐綾
豐義君,君,豐義
豐萊君,君,豐萊
豐陵君,君,豐陵
豐陵府原君,君,豐陵府原
豐陽君,君,豐陽
象山君,君,象山
豫章君,君,豫章
貞石君,君,貞石
賀生若君,君,賀生若
赤城君,君,赤城
越城君,君,越城
越川君,君,越川
趙尙君,君,趙尙
通原君,君,通原
連城君,君,連城
連山君,君,連山
進禮君,君,進禮
遂安君,君,遂安
遂成君,君,遂成
達善君,君,達善
達城君,君,達城
遼城君,君,遼城
遼川君,君,遼川
遼平君,君,遼平
遼海君,君,遼海
遼興君,君,遼興
遼陵君,君,遼陵
遼陽君,君,遼陽
邴原君,君,邴原
郞原君,君,郞原
郞善君,君,郞善
醴川君,君,醴川
醴泉君,君,醴泉
野城君,君,野城
野王君,君,野王
金善君,君,金善
金城君,君,金城
金山君,君,金山
金昌君,君,金昌
金海君,君,金海
金渭君,君,金渭
金溪君,君,金溪
金演君,君,金演
金禮君,君,金禮
金豐君,君,金豐
金陵君,君,金陵
金順君,君,金順
鈇城君,君,鈇城
鈴原君,君,鈴原
鈴川君,君,鈴川
鈴平君,君,鈴平
銀原君,君,銀原
銀城君,君,銀城
銀川君,君,銀川
銀溪君,君,銀溪
銓原君,君,銓原
銓平君,君,銓平
錦南君,君,錦南
錦原君,君,錦原
錦城君,君,錦城
錦安君,君,錦安
錦山君,君,錦山
錦川君,君,錦川
錦州君,君,錦州
錦平君,君,錦平
錦恩君,君,錦恩
錦林君,君,錦林
錦洲君,君,錦洲
錦溪君,君,錦溪
錦豐君,君,錦豐
錦陵君,君,錦陵
錦陽君,君,錦陽
鍮川君,君,鍮川
鍾城君,君,鍾城
鎭南君,君,鎭南
鎭安君,君,鎭安
鎭川君,君,鎭川
鎭興君,君,鎭興
鐵城君,君,鐵城
鐵川君,君,鐵川
長原君,君,長原
長城君,君,長城
長安君,君,長安
長川君,君,長川
長溪君,君,長溪
長興君,君,長興
長陽君,君,長陽
開城君,君,開城
開寧君,君,開寧
開源君,君,開源
開興君,君,開興
阿川君,君,阿川
限川君,君,限川
陜川君,君,陜川
陟山君,君,陟山
陵原君,君,陵原
陵昌君,君,陵昌
陽原君,君,陽原
陽善君,君,陽善
陽城君,君,陽城
陽寧君,君,陽寧
陽川君,君,陽川
陽平君,君,陽平
陽恩君,君,陽恩
陽成君,君,陽成
陽村吉城君,君,陽村吉城
陽興君,君,陽興
陽陵君,君,陽陵
隋城君,君,隋城
隋山君,君,隋山
隨城君,君,隨城
雙淸府君,君,雙淸府
雞城君,君,雞城
雞川君,君,雞川
雞林君,君,雞林
雲南君,君,雲南
雲城君,君,雲城
雲山君,君,雲山
雲峯君,君,雲峯
雲峰君,君,雲峰
雲川君,君,雲川
雲成君,君,雲成
雲水君,君,雲水
雲興君,君,雲興
靈信君,君,靈信
靈原君,君,靈原
靈善君,君,靈善
靈城君,君,靈城
靈安君,君,靈安
靈寧君,君,靈寧
靈山君,君,靈山
靈川君,君,靈川
靈平君,君,靈平
靈恩君,君,靈恩
靈愼君,君,靈愼
靈昌君,君,靈昌
靈春君,君,靈春
靈林君,君,靈林
靈浿君,君,靈浿
靈源君,君,靈源
靈豊君,君,靈豊
靈豐君,君,靈豐
靈陵君,君,靈陵
靈陽君,君,靈陽
靈雲君,君,靈雲
靈順君,君,靈順
靑原君,君,靑原
靑城君,君,靑城
靑寧君,君,靑寧
靑川君,君,靑川
靑平君,君,靑平
靑松君,君,靑松
靑海君,君,靑海
靑綾君,君,靑綾
靑興君,君,靑興
靑院君,君,靑院
靑陵君,君,靑陵
靑陵院君,君,靑陵院
靑陽君,君,靑陽
靑雲君,君,靑雲
靖安君,君,靖安
韓原君,君,韓原
韓城君,君,韓城
韓山君,君,韓山
韓川君,君,韓川
韓平君,君,韓平
韓恩君,君,韓恩
韓成君,君,韓成
韓昌君,君,韓昌
韓興君,君,韓興
韓豐君,君,韓豐
韓陵君,君,韓陵
韓陽君,君,韓陽
順原君,君,順原
順和君,君,順和
順城君,君,順城
順安君,君,順安
順寧君,君,順寧
順川君,君,順川
順平君,君,順平
順悌君,君,順悌
順成君,君,順成
順昌君,君,順昌
順海君,君,順海
順濟君,君,順濟
順義君,君,順義
順興君,君,順興
順華和君,君,順華和
順陽君,君,順陽
首陽君,君,首陽
驁恩君,君,驁恩
驪原君,君,驪原
驪善君,君,驪善
驪城君,君,驪城
驪安君,君,驪安
驪寧君,君,驪寧
驪山君,君,驪山
驪川君,君,驪川
驪平君,君,驪平
驪恩君,君,驪恩
驪昌君,君,驪昌
驪春君,君,驪春
驪江君,君,驪江
驪興君,君,驪興
驪陵君,君,驪陵
驪陽君,君,驪陽
高城君,君,高城
高川君,君,高川
高興君,君,高興
高陽君,君,高陽
高靈君,君,高靈
鬱陵君,君,鬱陵
魏太平眞君,君,魏太平眞
魯山君,君,魯山
鰲原君,君,鰲原
鰲城君,君,鰲城
鰲山君,君,鰲山
鰲川君,君,鰲川
鰲恩君,君,鰲恩
鰲春君,君,鰲春
鰲豐君,君,鰲豐
鳥山君,君,鳥山
鳳城君,君,鳳城
鳳安君,君,鳳安
鳳山君,君,鳳山
鳳林君,君,鳳林
鵝川君,君,鵝川
鵠城君,君,鵠城
鶴城君,君,鶴城
鶴山君,君,鶴山
鶴川君,君,鶴川
鶴林君,君,鶴林
鶴陵君,君,鶴陵
鷄原君,君,鷄原
鷄城君,君,鷄城
鷄山君,君,鷄山
鷄川君,君,鷄川
鷄林君,君,鷄林
鷰城君,君,鷰城
鷲城君,君,鷲城
鷲山君,君,鷲山
鸞城君,君,鸞城
麗原君,君,麗原
麗善君,君,麗善
麗城君,君,麗城
麗山君,君,麗山
麟城君,君,麟城
麻城君,君,麻城
黃使君,君,黃使
鼇思君,君,鼇思
鼇恩君,君,鼇恩
鼇興君,君,鼇興
齊安君,君,齊安
齊寧君,君,齊寧
齊平君,君,齊平
齊昌君,君,齊昌
齊梁之君,君,齊梁之
龍南君,君,龍南
龍城君,君,龍城
龍川君,君,龍川
龍恩君,君,龍恩
龍溪君,君,龍溪
龜城君,君,龜城
龜山君,君,龜山
龜川君,君,龜川
仁城大君,大君,仁城
仁成大君,大君,仁成
咸原大君,大君,咸原
咸城大君,大君,咸城
咸寧大君,大君,咸寧
咸川大君,大君,咸川
咸平大君,大君,咸平
咸昌大君,大君,咸昌
咸陵大君,大君,咸陵
咸陽大君,大君,咸陽
孝寧大君,大君,孝寧
安原大君,大君,安原
安川大君,大君,安川
安平大君,大君,安平
安昌大君,大君,安昌
安樂平大君,大君,安樂平
安義大君,大君,安義
安興大君,大君,安興
安豐大君,大君,安豐
完原大君,大君,完原
完城大君,大君,完城
完川大君,大君,完川
完昌大君,大君,完昌
完豐大君,大君,完豐
定遠大君,大君,定遠
宜安大君,大君,宜安
寧讓大君,大君,寧讓
平原大君,大君,平原
廣平四大君,大君,廣平四
廣平大君,大君,廣平
德安大君,大君,德安
德興大君,大君,德興
忠寧大君,大君,忠寧
慶原大君,大君,慶原
懷安大君,大君,懷安
成寧大君,大君,成寧
撫安大君,大君,撫安
昌寧大君,大君,昌寧
晉城大君,大君,晉城
晉安大君,大君,晉安
晉陽大君,大君,晉陽
晋城大君,大君,晋城
晋山大君,大君,晋山
晋平大君,大君,晋平
晋陽大君,大君,晋陽
月上大君,大君,月上
月前大君,大君,月前
月山大君,大君,月山
歷陽大君,大君,歷陽
永城大君,大君,永城
永寧大君,大君,永寧
永應大君,大君,永應
永昌大君,大君,永昌
永膺大君,大君,永膺
永興大君,大君,永興
江寧大君,大君,江寧
海陽大君,大君,海陽
濟安大君,大君,濟安
獜坪大君,大君,獜坪
益安大君,大君,益安
綾原大君,大君,綾原
綾昌大君,大君,綾昌
義安大君,大君,義安
臨嬴大君,大君,臨嬴
臨瀛大君,大君,臨瀛
臨贏大君,大君,臨贏
茂安大君,大君,茂安
誠寧大君,大君,誠寧
讓寧大君,大君,讓寧
錦城大君,大君,錦城
鎭安大君,大君,鎭安
首陽大君,大君,首陽
魯山大君,大君,魯山
鳳林大君,大君,鳳林
鸏坪大君,大君,鸏坪
麟坪大君,大君,麟坪
麟平大君,大君,麟平
齊安兩大君,大君,齊安兩
齊安大君,大君,齊安
龍城大君,大君,龍城
全奚大院君,大院君,全奚
全溪大院君,大院君,全溪
定遠大院君,大院君,定遠
廟大院君,大院君,廟
德興大院君,大院君,德興
興宣大院君,大院君,興宣
一善尉,尉,一善
于廷尉,尉,于廷
仁平尉,尉,仁平
何城尉,尉,何城
光川尉,尉,光川
光州尉,尉,光州
光恩尉,尉,光恩
光恩府尉,尉,光恩府
全昌尉,尉,全昌
全義尉,尉,全義
劉太尉,尉,劉太
千參尉,尉,千參
南寧尉,尉,南寧
南昌尉,尉,南昌
南昌縣尉,尉,南昌縣
吉城尉,尉,吉城
吉昌尉,尉,吉昌
呂城尉,尉,呂城
周大尉,尉,周大
周太尉,尉,周太
唐原尉,尉,唐原
唐城尉,尉,唐城
唐安尉,尉,唐安
唐恩尉,尉,唐恩
唐陽尉,尉,唐陽
啓川尉,尉,啓川
坡原尉,尉,坡原
坡平尉,尉,坡平
奉城尉,尉,奉城
定平尉,尉,定平
宜城尉,尉,宜城
宜山尉,尉,宜山
宜川尉,尉,宜川
寅平尉,尉,寅平
寧陽尉,尉,寧陽
延城尉,尉,延城
延昌尉,尉,延昌
張廷尉,尉,張廷
房太尉,尉,房太
斑城尉,尉,斑城
新右衛門尉,尉,新右衛門
新安尉,尉,新安
日城尉,尉,日城
昌城尉,尉,昌城
昌寧尉,尉,昌寧
星原尉,尉,星原
晉安尉,尉,晉安
晋安尉,尉,晋安
月城尉,尉,月城
李太尉,尉,李太
李衛尉,尉,李衛
東安尉,尉,東安
東寧尉,尉,東寧
東平尉,尉,東平
東昌尉,尉,東昌
東陽尉,尉,東陽
柔川尉,尉,柔川
楊太尉,尉,楊太
段太尉,尉,段太
永城尉,尉,永城
永安尉,尉,永安
永平尉,尉,永平
永明尉,尉,永明
河城尉,尉,河城
洛城尉,尉,洛城
洪檢唐原尉,尉,洪檢唐原
海崇尉,尉,海崇
海嵩尉,尉,海嵩
海平尉,尉,海平
海昌尉,尉,海昌
海松尉,尉,海松
淳原尉,尉,淳原
淸原尉,尉,淸原
淸城尉,尉,淸城
淸寧尉,尉,淸寧
淸川尉,尉,淸川
淸平尉,尉,淸平
漢川尉,尉,漢川
漢廷尉,尉,漢廷
王太尉,尉,王太
王衛尉,尉,王衛
班城尉,尉,班城
益平尉,尉,益平
礪城尉,尉,礪城
禁城尉,尉,禁城
綾原尉,尉,綾原
綾城尉,尉,綾城
綾日尉,尉,綾日
綾昌尉,尉,綾昌
綾陽尉,尉,綾陽
羅縣尉,尉,羅縣
翟廷尉,尉,翟廷
胡太尉,尉,胡太
興平尉,尉,興平
興恩尉,尉,興恩
花川尉,尉,花川
華川尉,尉,華川
豊原尉,尉,豊原
豊川尉,尉,豊川
豐原尉,尉,豐原
豐川尉,尉,豐川
連城尉,尉,連城
達城尉,尉,達城
金昌尉,尉,金昌
鈴原尉,尉,鈴原
鈴川尉,尉,鈴川
鈴平尉,尉,鈴平
錦城尉,尉,錦城
錦平尉,尉,錦平
錦昌尉,尉,錦昌
錦陵尉,尉,錦陵
錦陽尉,尉,錦陽
陶太尉,尉,陶太
雲城尉,尉,雲城
靈川尉,尉,靈川
靈陽尉,尉,靈陽
靑城尉,尉,靑城
靑寧尉,尉,靑寧
靑川尉,尉,靑川
靑平尉,尉,靑平
靑衍尉,尉,靑衍
韓太尉,尉,韓太
順義豐原尉,尉,順義豐原
順義靑城尉,尉,順義靑城
驪川尉,尉,驪川
高原尉,尉,高原
麟坪尉,尉,麟坪
黃昌府尉,尉,黃昌府
上洛府院君,府院君,上洛
上黨府院君,府院君,上黨
丹山府院君,府院君,丹山
交城府院君,府院君,交城
仁山府院君,府院君,仁山
何東府院君,府院君,何東
光城府院君,府院君,光城
光山府院君,府院君,光山
光源府院君,府院君,光源
光陽府院君,府院君,光陽
全興府院君,府院君,全興
全陽府院君,府院君,全陽
公山府院君,府院君,公山
南原府院君,府院君,南原
南寧府院君,府院君,南寧
南陽府院君,府院君,南陽
原平府院君,府院君,原平
吉昌府院君,府院君,吉昌
咸原府院君,府院君,咸原
咸從府院君,府院君,咸從
咸恩府院君,府院君,咸恩
咸陵府院君,府院君,咸陵
唐城府院君,府院君,唐城
唐興府院君,府院君,唐興
商山府院君,府院君,商山
固城府院君,府院君,固城
坡原府院君,府院君,坡原
坡城府院君,府院君,坡城
坡山府院君,府院君,坡山
坡川府院君,府院君,坡川
坡平府院君,府院君,坡平
奉寧府院君,府院君,奉寧
始寧府院君,府院君,始寧
安城府院君,府院君,安城
安川府院君,府院君,安川
安平府院君,府院君,安平
安邊府院君,府院君,安邊
完南府院君,府院君,完南
完原府院君,府院君,完原
完城府院君,府院君,完城
完山府院君,府院君,完山
完平府院君,府院君,完平
完豊府院君,府院君,完豊
完豐府院君,府院君,完豐
完陽府院君,府院君,完陽
定昌府院君,府院君,定昌
宜寧府院君,府院君,宜寧
宣城府院君,府院君,宣城
宣誠府院君,府院君,宣誠
寅城府院君,府院君,寅城
密原府院君,府院君,密原
密山府院君,府院君,密山
密昌府院君,府院君,密昌
寧城府院君,府院君,寧城
居昌府院君,府院君,居昌
岑城府院君,府院君,岑城
崇祿府院君,府院君,崇祿
嵩善府院君,府院君,嵩善
嵩陽府院君,府院君,嵩陽
平城府院君,府院君,平城
平壤府院君,府院君,平壤
平川府院君,府院君,平川
平洲府院君,府院君,平洲
平陽府院君,府院君,平陽
廣州府院君,府院君,廣州
廣昌府院君,府院君,廣昌
廣陵府院君,府院君,廣陵
延原府院君,府院君,延原
延城府院君,府院君,延城
延平府院君,府院君,延平
延恩府院君,府院君,延恩
延昌府院君,府院君,延昌
延興府院君,府院君,延興
延豐府院君,府院君,延豐
延陵府院君,府院君,延陵
延陽府院君,府院君,延陽
廷昌府院君,府院君,廷昌
德平府院君,府院君,德平
德水府院君,府院君,德水
德豐府院君,府院君,德豐
思陵府院君,府院君,思陵
慶恩府院君,府院君,慶恩
慶林府院君,府院君,慶林
慶興府院君,府院君,慶興
文城府院君,府院君,文城
文成府院君,府院君,文成
文昌府院君,府院君,文昌
文陽府院君,府院君,文陽
新豊府院君,府院君,新豊
新豐府院君,府院君,新豐
昇平府院君,府院君,昇平
昌城府院君,府院君,昌城
昌寧府院君,府院君,昌寧
昌山府院君,府院君,昌山
星山府院君,府院君,星山
春城府院君,府院君,春城
晉原府院君,府院君,晉原
晉山府院君,府院君,晉山
晉陽府院君,府院君,晉陽
晋原府院君,府院君,晋原
晋山府院君,府院君,晋山
月城府院君,府院君,月城
杞城府院君,府院君,杞城
杞溪府院君,府院君,杞溪
武靈府院君,府院君,武靈
永嘉府院君,府院君,永嘉
永城府院君,府院君,永城
永安府院君,府院君,永安
永山府院君,府院君,永山
永恩府院君,府院君,永恩
永昌府院君,府院君,永昌
永興府院君,府院君,永興
永豐府院君,府院君,永豐
沔城府院君,府院君,沔城
河城府院君,府院君,河城
河東府院君,府院君,河東
波平府院君,府院君,波平
洛興府院君,府院君,洛興
海原府院君,府院君,海原
海城府院君,府院君,海城
海寧府院君,府院君,海寧
海平府院君,府院君,海平
海恩府院君,府院君,海恩
海源府院君,府院君,海源
海豊府院君,府院君,海豊
淸原府院君,府院君,淸原
淸城府院君,府院君,淸城
淸川府院君,府院君,淸川
淸平府院君,府院君,淸平
淸源府院君,府院君,淸源
淸華府院君,府院君,淸華
淸風府院君,府院君,淸風
溫陽府院君,府院君,溫陽
漆原府院君,府院君,漆原
漢原府院君,府院君,漢原
漢山府院君,府院君,漢山
漢川府院君,府院君,漢川
漢平府院君,府院君,漢平
漢源府院君,府院君,漢源
潘城府院君,府院君,潘城
燕山府院君,府院君,燕山
玉城府院君,府院君,玉城
玉山府院君,府院君,玉山
玉川府院君,府院君,玉川
瑞原府院君,府院君,瑞原
瑞寧府院君,府院君,瑞寧
甄城府院君,府院君,甄城
益城府院君,府院君,益城
益寧府院君,府院君,益寧
益平府院君,府院君,益平
益昌府院君,府院君,益昌
益豊府院君,府院君,益豊
益豐府院君,府院君,益豐
礪原府院君,府院君,礪原
礪山府院君,府院君,礪山
礪良府院君,府院君,礪良
篷原府院君,府院君,篷原
綾原府院君,府院君,綾原
綾城府院君,府院君,綾城
綾安府院君,府院君,綾安
綾川府院君,府院君,綾川
綾豐府院君,府院君,綾豐
興安府院君,府院君,興安
興寧府院君,府院君,興寧
花山府院君,府院君,花山
茂城府院君,府院君,茂城
茂松府院君,府院君,茂松
茂陵府院君,府院君,茂陵
菁川府院君,府院君,菁川
蓬原府院君,府院君,蓬原
蓬源府院君,府院君,蓬源
蓬萊府院君,府院君,蓬萊
蓬院府院君,府院君,蓬院
西原府院君,府院君,西原
西城府院君,府院君,西城
西川府院君,府院君,西川
西平府院君,府院君,西平
西陵府院君,府院君,西陵
谷山府院君,府院君,谷山
豊原府院君,府院君,豊原
豊城府院君,府院君,豊城
豊恩府院君,府院君,豊恩
豊陵府院君,府院君,豊陵
豐原府院君,府院君,豐原
豐城府院君,府院君,豐城
豐恩府院君,府院君,豐恩
豐興府院君,府院君,豐興
豐院府院君,府院君,豐院
豐陵府院君,府院君,豐陵
象山府院君,府院君,象山
逢原府院君,府院君,逢原
達城府院君,府院君,達城
達川府院君,府院君,達川
醴泉府院君,府院君,醴泉
鈴原府院君,府院君,鈴原
鈴川府院君,府院君,鈴川
鈴平府院君,府院君,鈴平
錦城府院君,府院君,錦城
錦川府院君,府院君,錦川
鐵原府院君,府院君,鐵原
鐵城府院君,府院君,鐵城
長川府院君,府院君,長川
長溪府院君,府院君,長溪
長興府院君,府院君,長興
陵城府院君,府院君,陵城
陵安府院君,府院君,陵安
陵川府院君,府院君,陵川
陽川府院君,府院君,陽川
雲城府院君,府院君,雲城
雲誠府院君,府院君,雲誠
靈城府院君,府院君,靈城
靑原府院君,府院君,靑原
靑城府院君,府院君,靑城
靑川府院君,府院君,靑川
靑恩府院君,府院君,靑恩
靑松府院君,府院君,靑松
靑綾府院君,府院君,靑綾
靑華府院君,府院君,靑華
靑陵府院君,府院君,靑陵
韓川府院君,府院君,韓川
驪城府院君,府院君,驪城
驪川府院君,府院君,驪川
驪平府院君,府院君,驪平
驪恩府院君,府院君,驪恩
驪興府院君,府院君,驪興
驪陽府院君,府院君,驪陽
高陽府院君,府院君,高陽
高靈府院君,府院君,高靈
魯山府院君,府院君,魯山
鰲城府院君,府院君,鰲城
鰲興府院君,府院君,鰲興
鵝城府院君,府院君,鵝城
鷄林府院君,府院君,鷄林
鼇城府院君,府院君,鼇城
鼇興府院君,府院君,鼇興
龍原府院君,府院君,龍原
寅平都尉,都尉,寅平
徐都尉,都尉,徐
昌城都尉,都尉,昌城
月城都尉,都尉,月城
東平都尉,都尉,東平
東陽都尉,都尉,東陽
永安都尉,都尉,永安
永明都尉,都尉,永明
海昌都尉,都尉,海昌
申都尉,都尉,申
賢都尉,都尉,賢
鄭都尉,都尉,鄭
錦城都尉,都尉,錦城
錦平都尉,都尉,錦平
靑平都尉,都尉,靑平
一新都正,都正,一新
交城都正,都正,交城
仁陽都正,都正,仁陽
儒川都正,都正,儒川
光山都正,都正,光山
全坪都正,都正,全坪
全安都正,都正,全安
全川都正,都正,全川
全溪都正,都正,全溪
凝川都正,都正,凝川
加恩都正,都正,加恩
原豐都正,都正,原豐
原陽都正,都正,原陽
唐城都正,都正,唐城
商山都正,都正,商山
坡山都正,都正,坡山
坡興都正,都正,坡興
坡陵都正,都正,坡陵
壽城都正,都正,壽城
夏城都正,都正,夏城
夏山都正,都正,夏山
夏川都正,都正,夏川
夏陵都正,都正,夏陵
守山都正,都正,守山
安南都正,都正,安南
完城都正,都正,完城
完川都正,都正,完川
完春都正,都正,完春
完豐都正,都正,完豐
宜城都正,都正,宜城
宣成都正,都正,宣成
密安都正,都正,密安
密山都正,都正,密山
密春都正,都正,密春
密豐都正,都正,密豐
密雲都正,都正,密雲
尙臼都正,都正,尙臼
居平都正,都正,居平
常山都正,都正,常山
平原都正,都正,平原
平城都正,都正,平城
平昌都正,都正,平昌
延城都正,都正,延城
從南都正,都正,從南
德恩都正,都正,德恩
德興都正,都正,德興
德陽都正,都正,德陽
慶平都正,都正,慶平
慶興都正,都正,慶興
懷義都正,都正,懷義
扶安都正,都正,扶安
抨城都正,都正,抨城
敦寧都正,都正,敦寧
新豐都正,都正,新豐
昇平都正,都正,昇平
昌城都正,都正,昌城
昌寧都正,都正,昌寧
昌林都正,都正,昌林
明城都正,都正,明城
明川都正,都正,明川
春溪都正,都正,春溪
晉山都正,都正,晉山
景恩都正,都正,景恩
朗原都正,都正,朗原
杜陵都正,都正,杜陵
杞安都正,都正,杞安
東善都正,都正,東善
東平都正,都正,東平
枰城都正,都正,枰城
栗元都正,都正,栗元
桃平都正,都正,桃平
楊林都正,都正,楊林
樂春都正,都正,樂春
毛山都正,都正,毛山
毛陽都正,都正,毛陽
江寧都正,都正,江寧
河南都正,都正,河南
洛山都正,都正,洛山
洪山都正,都正,洪山
海安都正,都正,海安
海寧都正,都正,海寧
海平都正,都正,海平
海淸都正,都正,海淸
海瀛都正,都正,海瀛
海興都正,都正,海興
海蓬都正,都正,海蓬
海豐都正,都正,海豐
海運都正,都正,海運
淸溪都正,都正,淸溪
淸豊都正,都正,淸豊
湖城都正,都正,湖城
湖安都正,都正,湖安
湖山都正,都正,湖山
溪川都正,都正,溪川
漢陰都正,都正,漢陰
潘南都正,都正,潘南
潢陰都正,都正,潢陰
瀛萊都正,都正,瀛萊
烏山都正,都正,烏山
牟陽都正,都正,牟陽
珍山都正,都正,珍山
珍陽都正,都正,珍陽
琅堤都正,都正,琅堤
琅瑅都正,都正,琅瑅
益城都正,都正,益城
益寧都正,都正,益寧
益山都正,都正,益山
益陽都正,都正,益陽
石陽都正,都正,石陽
終南都正,都正,終南
綾城都正,都正,綾城
綾山都正,都正,綾山
綾峰都正,都正,綾峰
綾陽都正,都正,綾陽
義城都正,都正,義城
義陽都正,都正,義陽
興原都正,都正,興原
花寧都正,都正,花寧
花山都正,都正,花山
茂林都正,都正,茂林
蓮城都正,都正,蓮城
蓮恩都正,都正,蓮恩
蓮昌都正,都正,蓮昌
行樂城都正,都正,行樂城
西城都正,都正,西城
西平都正,都正,西平
西陵都正,都正,西陵
豊川都正,都正,豊川
豐山都正,都正,豐山
豐川都正,都正,豐川
遂安都正,都正,遂安
達城都正,都正,達城
金山都正,都正,金山
長城都正,都正,長城
長川都正,都正,長川
長溪都正,都正,長溪
陽原都正,都正,陽原
陽川都正,都正,陽川
陽平都正,都正,陽平
陽林都正,都正,陽林
雲原都正,都正,雲原
雲林都正,都正,雲林
雲水都正,都正,雲水
靈原都正,都正,靈原
靈林都正,都正,靈林
靈豐都正,都正,靈豐
靈陽都正,都正,靈陽
靑源都正,都正,靑源
順平都正,都正,順平
高安都正,都正,高安
鳳林都正,都正,鳳林
鵠城都正,都正,鵠城
鶴林都正,都正,鶴林
龜興都正,都正,龜興
