표제어,본체,분리결과,분리층수,규칙,부가어,검수표시
儀禮經傳通解續少牢下,儀禮,經傳通解續少牢下,2,경전+편명+상하,,
周禮天官下,周禮,天官下,2,경전+편명+상하,,
周禮天官冢宰下,周禮,天官冢宰下,2,경전+편명+상하,,
大學平天下,大學,平天下,2,경전+편명+상하,,
孟子上,孟子,上,2,경전+편명+상하,,
孟子公孫丑下,孟子,公孫丑下,2,경전+편명+상하,,
孟子告子上,孟子,告子上,2,경전+편명+상하,,
孟子告子下,孟子,告子下,2,경전+편명+상하,,
孟子滕文公上,孟子,滕文公上,2,경전+편명+상하,,
孟子滕文公下,孟子,滕文公下,2,경전+편명+상하,,
孟子盡心上,孟子,盡心上,2,경전+편명+상하,,
孟子盡心下,孟子,盡心下,2,경전+편명+상하,,
孟子第七卷盡心上,孟子,第七卷盡心上,2,경전+편명+상하,,
孟子第六卷滕文公下,孟子,第六卷滕文公下,2,경전+편명+상하,,
孟子萬章上,孟子,萬章上,2,경전+편명+상하,,
孟子萬章下,孟子,萬章下,2,경전+편명+상하,,
孟子離婁上,孟子,離婁上,2,경전+편명+상하,,
孟子離婁下,孟子,離婁下,2,경전+편명+상하,,
宋鑑元順帝下,宋鑑,元順帝下,2,경전+편명+상하,,
宋鑑寧宗紀下,宋鑑,寧宗紀下,2,경전+편명+상하,,
宋鑑神宗皇帝下,宋鑑,神宗皇帝下,2,경전+편명+상하,,
春秋文公下,春秋,文公下,2,경전+편명+상하,,
書傳說命下,書傳,說命下,2,경전+편명+상하,,
禮記曲禮下,禮記,曲禮下,2,경전+편명+상하,,
禮記月令上,禮記,月令上,2,경전+편명+상하,,
禮記檀弓上,禮記,檀弓上,2,경전+편명+상하,,
綱目中宗下,綱目,中宗下,2,경전+편명+상하,,
綱目唐中宗下,綱目,唐中宗下,2,경전+편명+상하,,
綱目唐憲宗下,綱目,唐憲宗下,2,경전+편명+상하,,
綱目唐懿宗下,綱目,唐懿宗下,2,경전+편명+상하,,
綱目唐玄宗下,綱目,唐玄宗下,2,경전+편명+상하,,
綱目唐高祖下太宗上,綱目,唐高祖下太宗上,2,경전+편명+상하,,
綱目後唐莊宗下,綱目,後唐莊宗下,2,경전+편명+상하,,
綱目梁武帝下,綱目,梁武帝下,2,경전+편명+상하,,
綱目武帝下,綱目,武帝下,2,경전+편명+상하,,
綱目高宗下,綱目,高宗下,2,경전+편명+상하,,
資治通鑑唐高祖紀上,資治通鑑,唐高祖紀上,2,경전+편명+상하,,
資治通鑑魏高貴鄕公下,資治通鑑,魏高貴鄕公下,2,경전+편명+상하,,
五禮儀享魂殿齋戒條,五禮儀,享魂殿齋戒條,2,법전+[육전]+조항,,중간층분리검토
五禮儀冊妃條,五禮儀,冊妃條,2,법전+[육전]+조항,,
五禮儀序例辨祀條,五禮儀,序例辨祀條,2,법전+[육전]+조항,,중간층분리검토
五禮儀序例齋官條,五禮儀,序例齋官條,2,법전+[육전]+조항,,중간층분리검토
五禮儀序例齋戒條,五禮儀,序例齋戒條,2,법전+[육전]+조항,,중간층분리검토
五禮儀春禮條,五禮儀,春禮條,2,법전+[육전]+조항,,
五禮儀服制條,五禮儀,服制條,2,법전+[육전]+조항,,
五禮儀班次條,五禮儀,班次條,2,법전+[육전]+조항,,
五禮儀發引條,五禮儀,發引條,2,법전+[육전]+조항,,
五禮儀發引班次條,五禮儀,發引班次條,2,법전+[육전]+조항,,중간층분리검토
五禮儀祈告報祀條,五禮儀,祈告報祀條,2,법전+[육전]+조항,,중간층분리검토
五禮儀祝版條,五禮儀,祝版條,2,법전+[육전]+조항,,
五禮儀禁戒條,五禮儀,禁戒條,2,법전+[육전]+조항,,
五禮儀禫祭條,五禮儀,禫祭條,2,법전+[육전]+조항,,
五禮儀續編拜大院君祠宇儀條,五禮儀,續編拜大院君祠宇儀條,2,법전+[육전]+조항,,중간층분리검토
五禮儀軍禮條,五禮儀,軍禮條,2,법전+[육전]+조항,,
五禮儀齋戒條,五禮儀,齋戒條,2,법전+[육전]+조항,,
刑律名例二十八條,刑律名例,二十八條,2,법전+[육전]+조항,,
刑律名例第二三十條,刑律名例,第二三十條,2,법전+[육전]+조항,,중간층분리검토
刑律名例第二十八條,刑律名例,第二十八條,2,법전+[육전]+조항,,중간층분리검토
刑律名例第十條,刑律名例,第十條,2,법전+[육전]+조항,,
受敎輯錄禁制條,受敎輯錄,禁制條,2,법전+[육전]+조항,,
同律事應奏不奏條,同律,事應奏不奏條,2,법전+[육전]+조항,,중간층분리검토
同律對制上書詐不以實條,同律,對制上書詐不以實條,2,법전+[육전]+조항,,중간층분리검토
同律捕亡條,同律,捕亡條,2,법전+[육전]+조항,,
同律棄毁制書印信條,同律,棄毁制書印信條,2,법전+[육전]+조항,,중간층분리검토
同律死囚覆奏待報條,同律,死囚覆奏待報條,2,법전+[육전]+조항,,중간층분리검토
同律死囚覆奏條,同律,死囚覆奏條,2,법전+[육전]+조항,,중간층분리검토
同律比附條,同律,比附條,2,법전+[육전]+조항,,
同律行宮營門條,同律,行宮營門條,2,법전+[육전]+조항,,중간층분리검토
同律訴訟條,同律,訴訟條,2,법전+[육전]+조항,,
同律逃避差役條,同律,逃避差役條,2,법전+[육전]+조항,,중간층분리검토
周禮大司徒掌荒政十二條,周禮,大司徒掌荒政十二條,2,법전+[육전]+조항,,중간층분리검토
周禮荒政條,周禮,荒政條,2,법전+[육전]+조항,,
喪禮補編丁丑受敎條,喪禮補編,丁丑受敎條,2,법전+[육전]+조항,,중간층분리검토
喪禮補編儀節條,喪禮補編,儀節條,2,법전+[육전]+조항,,
喪禮補編受敎條,喪禮補編,受敎條,2,법전+[육전]+조항,,
喪禮補編小內喪條,喪禮補編,小內喪條,2,법전+[육전]+조항,,
喪禮補編成服條,喪禮補編,成服條,2,법전+[육전]+조항,,
喪禮補編戒令停祭條,喪禮補編,戒令停祭條,2,법전+[육전]+조항,,중간층분리검토
喪禮補編戒令條,喪禮補編,戒令條,2,법전+[육전]+조항,,
喪禮補編服制受敎條,喪禮補編,服制受敎條,2,법전+[육전]+조항,,중간층분리검토
喪禮補編治喪條,喪禮補編,治喪條,2,법전+[육전]+조항,,
喪禮補編治葬條,喪禮補編,治葬條,2,법전+[육전]+조항,,
喪禮補編班次條,喪禮補編,班次條,2,법전+[육전]+조항,,
喪禮補編禁嫁娶條,喪禮補編,禁嫁娶條,2,법전+[육전]+조항,,
喪禮補編襲具條,喪禮補編,襲具條,2,법전+[육전]+조항,,
喪禮補編進香條,喪禮補編,進香條,2,법전+[육전]+조항,,
喪禮補編香條,喪禮補編,香條,2,법전+[육전]+조항,,
大典五服條,大典,五服條,2,법전+[육전]+조항,,
大典京官職條,大典,京官職條,2,법전+[육전]+조항,,
大典京官衙門條,大典,京官衙門條,2,법전+[육전]+조항,,중간층분리검토
大典依牒條,大典,依牒條,2,법전+[육전]+조항,,
大典倉庫條,大典,倉庫條,2,법전+[육전]+조항,,
大典僞造條,大典,僞造條,2,법전+[육전]+조항,,
大典兵制條,大典,兵制條,2,법전+[육전]+조항,,
大典刑典囚禁條,大典,刑典 | 囚禁條,3,법전+[육전]+조항,,
大典刑典禁制條,大典,刑典 | 禁制條,3,법전+[육전]+조항,,
大典印信僞造條,大典,印信僞造條,2,법전+[육전]+조항,,중간층분리검토
大典取才條,大典,取才條,2,법전+[육전]+조항,,
大典吏典褒貶條,大典,吏典 | 褒貶條,3,법전+[육전]+조항,,
大典囚禁條,大典,囚禁條,2,법전+[육전]+조항,,
大典墳墓定限禁耕牧條,大典,墳墓定限禁耕牧條,2,법전+[육전]+조항,,중간층분리검토
大典外命婦條,大典,外命婦條,2,법전+[육전]+조항,,
大典外官職條,大典,外官職條,2,법전+[육전]+조항,,
大典奔競條,大典,奔競條,2,법전+[육전]+조항,,
大典待使客條,大典,待使客條,2,법전+[육전]+조항,,
大典後續錄雜令條,大典,後續錄雜令條,2,법전+[육전]+조항,,중간층분리검토
大典徙民逃亡條,大典,徙民逃亡條,2,법전+[육전]+조항,,중간층분리검토
大典復戶條,大典,復戶條,2,법전+[육전]+조항,,
大典恤囚條,大典,恤囚條,2,법전+[육전]+조항,,
大典捕盜條,大典,捕盜條,2,법전+[육전]+조항,,
大典捕虎條,大典,捕虎條,2,법전+[육전]+조항,,
大典推斷條,大典,推斷條,2,법전+[육전]+조항,,
大典推繼條,大典,推繼條,2,법전+[육전]+조항,,
大典收稅條,大典,收稅條,2,법전+[육전]+조항,,
大典改名條,大典,改名條,2,법전+[육전]+조항,,
大典會通僞做條,大典會通,僞做條,2,법전+[육전]+조항,,
大典會通僞造條,大典會通,僞造條,2,법전+[육전]+조항,,
大典會通元惡鄕吏條,大典會通,元惡鄕吏條,2,법전+[육전]+조항,,중간층분리검토
大典會通官職條,大典會通,官職條,2,법전+[육전]+조항,,
大典會通工匠條,大典會通,工匠條,2,법전+[육전]+조항,,
大典會通戶籍條,大典會通,戶籍條,2,법전+[육전]+조항,,
大典會通推斷條,大典會通,推斷條,2,법전+[육전]+조항,,
大典會通武科條,大典會通,武科條,2,법전+[육전]+조항,,
大典會通殺獄條,大典會通,殺獄條,2,법전+[육전]+조항,,
大典會通漕轉條,大典會通,漕轉條,2,법전+[육전]+조항,,
大典會通祭禮條,大典會通,祭禮條,2,법전+[육전]+조항,,
大典會通禁制條,大典會通,禁制條,2,법전+[육전]+조항,,
大典會通立後條,大典會通,立後條,2,법전+[육전]+조항,,
大典會通罪犯準計條,大典會通,罪犯準計條,2,법전+[육전]+조항,,중간층분리검토
大典會通聽理條,大典會通,聽理條,2,법전+[육전]+조항,,
大典會通訴冤條,大典會通,訴冤條,2,법전+[육전]+조항,,
大典會通諸科條,大典會通,諸科條,2,법전+[육전]+조항,,
大典會通贓盜條,大典會通,贓盜條,2,법전+[육전]+조항,,
大典會通軍器條,大典會通,軍器條,2,법전+[육전]+조항,,
大典會通除授新增條,大典會通,除授新增條,2,법전+[육전]+조항,,중간층분리검토
大典會通雜令條,大典會通,雜令條,2,법전+[육전]+조항,,
大典服制條,大典,服制條,2,법전+[육전]+조항,,
大典朝儀條,大典,朝儀條,2,법전+[육전]+조항,,
大典栽植條,大典,栽植條,2,법전+[육전]+조항,,
大典殿講條,大典,殿講條,2,법전+[육전]+조항,,
大典決獄條,大典,決獄條,2,법전+[육전]+조항,,
大典濫刑條,大典,濫刑條,2,법전+[육전]+조항,,
大典營繕條,大典,營繕條,2,법전+[육전]+조항,,
大典用刑條,大典,用刑條,2,법전+[육전]+조항,,
大典相避條,大典,相避條,2,법전+[육전]+조항,,
大典破敵衛·壯勇衛等試力條,大典,破敵衛·壯勇衛等試力條,2,법전+[육전]+조항,,중간층분리검토
大典禁刑條,大典,禁刑條,2,법전+[육전]+조항,,
大典禁制條,大典,禁制條,2,법전+[육전]+조항,,
大典禁條,大典,禁條,2,법전+[육전]+조항,,
大典禮典勸奬條,大典,禮典 | 勸奬條,3,법전+[육전]+조항,,
大典私賤條,大典,私賤條,2,법전+[육전]+조항,,
大典科擧條,大典,科擧條,2,법전+[육전]+조항,,
大典給保條,大典,給保條,2,법전+[육전]+조항,,
大典給暇條,大典,給暇條,2,법전+[육전]+조항,,
大典續錄推斷條,大典,續錄推斷條,2,법전+[육전]+조항,,중간층분리검토
大典罪犯准計條,大典,罪犯准計條,2,법전+[육전]+조항,,중간층분리검토
大典藏文書條,大典,藏文書條,2,법전+[육전]+조항,,
大典行巡條,大典,行巡條,2,법전+[육전]+조항,,
大典褒貶條,大典,褒貶條,2,법전+[육전]+조항,,
大典訴冤條,大典,訴冤條,2,법전+[육전]+조항,,
大典訴寃條,大典,訴寃條,2,법전+[육전]+조항,,
大典試取條,大典,試取條,2,법전+[육전]+조항,,
大典諸田條,大典,諸田條,2,법전+[육전]+조항,,
大典賤妻妾子女條,大典,賤妻妾子女條,2,법전+[육전]+조항,,중간층분리검토
大典贓盜條,大典,贓盜條,2,법전+[육전]+조항,,
大典追斷條,大典,追斷條,2,법전+[육전]+조항,,
大典通編京外官相見條,大典通編,京外官相見條,2,법전+[육전]+조항,,중간층분리검토
大典通編倉庫條,大典通編,倉庫條,2,법전+[육전]+조항,,
大典通編倉條,大典通編,倉條,2,법전+[육전]+조항,,
大典通編停訟條,大典通編,停訟條,2,법전+[육전]+조항,,
大典通編備荒條,大典通編,備荒條,2,법전+[육전]+조항,,
大典通編僞造條,大典通編,僞造條,2,법전+[육전]+조항,,
大典通編免役條,大典通編,免役條,2,법전+[육전]+조항,,
大典通編入直條,大典通編,入直條,2,법전+[육전]+조항,,
大典通編公賤條,大典通編,公賤條,2,법전+[육전]+조항,,
大典通編兵典給保條,大典通編,兵典 | 給保條,3,법전+[육전]+조항,,
大典通編兵船條,大典通編,兵船條,2,법전+[육전]+조항,,
大典通編刑典條,大典通編,刑典條,2,법전+[육전]+조항,,
大典通編別試初試條,大典通編,別試初試條,2,법전+[육전]+조항,,중간층분리검토
大典通編別試文科初試條,大典通編,別試文科初試條,2,법전+[육전]+조항,,중간층분리검토
大典通編別試條,大典通編,別試條,2,법전+[육전]+조항,,
大典通編勸奬條,大典通編,勸奬條,2,법전+[육전]+조항,,
大典通編厩牧條,大典通編,厩牧條,2,법전+[육전]+조항,,
大典通編吏典外官職條,大典通編,吏典 | 外官職條,3,법전+[육전]+조항,,
大典通編囚禁條,大典通編,囚禁條,2,법전+[육전]+조항,,
大典通編增條,大典通編,增條,2,법전+[육전]+조항,,
大典通編增補受敎條,大典通編,增補受敎條,2,법전+[육전]+조항,,중간층분리검토
大典通編增補條,大典通編,增補條,2,법전+[육전]+조항,,
大典通編外官職條,大典通編,外官職條,2,법전+[육전]+조항,,
大典通編奬勸條,大典通編,奬勸條,2,법전+[육전]+조항,,
大典通編奸犯條,大典通編,奸犯條,2,법전+[육전]+조항,,
大典通編宿衛條,大典通編,宿衛條,2,법전+[육전]+조항,,
大典通編封箋條,大典通編,封箋條,2,법전+[육전]+조항,,
大典通編廏牧條,大典通編,廏牧條,2,법전+[육전]+조항,,
大典通編廐牧條,大典通編,廐牧條,2,법전+[육전]+조항,,
大典通編徭役條,大典通編,徭役條,2,법전+[육전]+조항,,
大典通編徭賦條,大典通編,徭賦條,2,법전+[육전]+조항,,
大典通編戶典徭賦條,大典通編,戶典 | 徭賦條,3,법전+[육전]+조항,,
大典通編戶典漕轉條,大典通編,戶典 | 漕轉條,3,법전+[육전]+조항,,
大典通編戶籍條,大典通編,戶籍條,2,법전+[육전]+조항,,
大典通編推斷條,大典通編,推斷條,2,법전+[육전]+조항,,
大典通編推繼條,大典通編,推繼條,2,법전+[육전]+조항,,
大典通編推齗條,大典通編,推齗條,2,법전+[육전]+조항,,
大典通編摘奸條,大典通編,摘奸條,2,법전+[육전]+조항,,
大典通編擅殺讎人條,大典通編,擅殺讎人條,2,법전+[육전]+조항,,중간층분리검토
大典通編擲奸條,大典通編,擲奸條,2,법전+[육전]+조항,,
大典通編支供條,大典通編,支供條,2,법전+[육전]+조항,,
大典通編收稅條,大典通編,收稅條,2,법전+[육전]+조항,,
大典通編文紀條,大典通編,文紀條,2,법전+[육전]+조항,,
大典通編文記條,大典通編,文記條,2,법전+[육전]+조항,,
大典通編會計條,大典通編,會計條,2,법전+[육전]+조항,,
大典通編朝儀條,大典通編,朝儀條,2,법전+[육전]+조항,,
大典通編株數定式條,大典通編,株數定式條,2,법전+[육전]+조항,,중간층분리검토
大典通編栽植條,大典通編,栽植條,2,법전+[육전]+조항,,
大典通編檢驗條,大典通編,檢驗條,2,법전+[육전]+조항,,
大典通編武科條,大典通編,武科條,2,법전+[육전]+조항,,
大典通編殺獄條,大典通編,殺獄條,2,법전+[육전]+조항,,
大典通編決獄日限條,大典通編,決獄日限條,2,법전+[육전]+조항,,중간층분리검토
大典通編決獄條,大典通編,決獄條,2,법전+[육전]+조항,,
大典通編漕船致敗條,大典通編,漕船致敗條,2,법전+[육전]+조항,,중간층분리검토
大典通編漕轉條,大典通編,漕轉條,2,법전+[육전]+조항,,
大典通編濫刑條,大典通編,濫刑條,2,법전+[육전]+조항,,
大典通編烽燧條,大典通編,烽燧條,2,법전+[육전]+조항,,
大典通編用刑條,大典通編,用刑條,2,법전+[육전]+조항,,
大典通編留防條,大典通編,留防條,2,법전+[육전]+조항,,
大典通編番上條,大典通編,番上條,2,법전+[육전]+조항,,
大典通編相避條,大典通編,相避條,2,법전+[육전]+조항,,
大典通編祈雨條,大典通編,祈雨條,2,법전+[육전]+조항,,
大典通編祭禮條,大典通編,祭禮條,2,법전+[육전]+조항,,
大典通編禁令條,大典通編,禁令條,2,법전+[육전]+조항,,
大典通編禁刑條,大典通編,禁刑條,2,법전+[육전]+조항,,
大典通編禁別條,大典通編,禁別條,2,법전+[육전]+조항,,
大典通編禁制條,大典通編,禁制條,2,법전+[육전]+조항,,
大典通編禁條,大典通編,禁條,2,법전+[육전]+조항,,
大典通編禮典儀章條,大典通編,禮典 | 儀章條,3,법전+[육전]+조항,,
大典通編禮典科擧條,大典通編,禮典 | 科擧條,3,법전+[육전]+조항,,
大典通編科場攔入條,大典通編,科場攔入條,2,법전+[육전]+조항,,중간층분리검토
大典通編符信條,大典通編,符信條,2,법전+[육전]+조항,,
大典通編給暇條,大典通編,給暇條,2,법전+[육전]+조항,,
大典通編綱常罪緣坐條,大典通編,綱常罪緣坐條,2,법전+[육전]+조항,,중간층분리검토
大典通編罪犯准計條,大典通編,罪犯准計條,2,법전+[육전]+조항,,중간층분리검토
大典通編罪犯準計條,大典通編,罪犯準計條,2,법전+[육전]+조항,,중간층분리검토
大典通編聽理條,大典通編,聽理條,2,법전+[육전]+조항,,
大典通編訴冤條,大典通編,訴冤條,2,법전+[육전]+조항,,
大典通編訴寃條,大典通編,訴寃條,2,법전+[육전]+조항,,
大典通編試取條,大典通編,試取條,2,법전+[육전]+조항,,
大典通編試射條,大典通編,試射條,2,법전+[육전]+조항,,
大典通編諸田條,大典通編,諸田條,2,법전+[육전]+조항,,
大典通編諸科條,大典通編,諸科條,2,법전+[육전]+조항,,
大典通編贈諡條,大典通編,贈諡條,2,법전+[육전]+조항,,
大典通編贓盜條,大典通編,贓盜條,2,법전+[육전]+조항,,
大典通編贖良條,大典通編,贖良條,2,법전+[육전]+조항,,
大典通編赦令條,大典通編,赦令條,2,법전+[육전]+조항,,
大典通編軍士還屬條,大典通編,軍士還屬條,2,법전+[육전]+조항,,중간층분리검토
大典通編追斷條,大典通編,追斷條,2,법전+[육전]+조항,,
大典通編追贈條,大典通編,追贈條,2,법전+[육전]+조항,,
大典通編逃亡條,大典通編,逃亡條,2,법전+[육전]+조항,,
大典通編還上未準捧條,大典通編,還上未準捧條,2,법전+[육전]+조항,,중간층분리검토
大典通編限品敍用條,大典通編,限品敍用條,2,법전+[육전]+조항,,중간층분리검토
大典通編雜令條,大典通編,雜令條,2,법전+[육전]+조항,,
大典通編驛馬條,大典通編,驛馬條,2,법전+[육전]+조항,,
大典通編魚鹽條,大典通編,魚鹽條,2,법전+[육전]+조항,,
大典通編龍虎營續條,大典通編,龍虎營續條,2,법전+[육전]+조항,,중간층분리검토
大典郵驛條,大典,郵驛條,2,법전+[육전]+조항,,
大典金石科條,大典,金石科條,2,법전+[육전]+조항,,
大典雜令條,大典,雜令條,2,법전+[육전]+조항,,
"大明律,不應爲條",大明律,",不應爲條",2,법전+[육전]+조항,,중간층분리검토
大明律上書奏事條,大明律,上書奏事條,2,법전+[육전]+조항,,중간층분리검토
大明律上書奏事犯諱條,大明律,上書奏事犯諱條,2,법전+[육전]+조항,,중간층분리검토
大明律上書詐不以實條,大明律,上書詐不以實條,2,법전+[육전]+조항,,중간층분리검토
大明律上書詐不實條,大明律,上書詐不實條,2,법전+[육전]+조항,,중간층분리검토
大明律不應條,大明律,不應條,2,법전+[육전]+조항,,
大明律不應爲事理重條,大明律,不應爲事理重條,2,법전+[육전]+조항,,중간층분리검토
大明律不應爲條,大明律,不應爲條,2,법전+[육전]+조항,,
大明律不操練軍士條,大明律,不操練軍士條,2,법전+[육전]+조항,,중간층분리검토
大明律不操鍊軍士條,大明律,不操鍊軍士條,2,법전+[육전]+조항,,중간층분리검토
大明律不能爲條,大明律,不能爲條,2,법전+[육전]+조항,,
大明律不覺被盜條,大明律,不覺被盜條,2,법전+[육전]+조항,,중간층분리검토
大明律主守不覺失囚條,大明律,主守不覺失囚條,2,법전+[육전]+조항,,중간층분리검토
大明律主守敎囚反異條,大明律,主守敎囚反異條,2,법전+[육전]+조항,,중간층분리검토
大明律乘輿服御物條,大明律,乘輿服御物條,2,법전+[육전]+조항,,중간층분리검토
大明律事應奏不奏條,大明律,事應奏不奏條,2,법전+[육전]+조항,,중간층분리검토
大明律二罪俱發條,大明律,二罪俱發條,2,법전+[육전]+조항,,중간층분리검토
大明律人命條,大明律,人命條,2,법전+[육전]+조항,,
大明律人戶以籍爲定條,大明律,人戶以籍爲定條,2,법전+[육전]+조항,,중간층분리검토
大明律保辜限期條,大明律,保辜限期條,2,법전+[육전]+조항,,중간층분리검토
大明律修理橋梁道路條,大明律,修理橋梁道路條,2,법전+[육전]+조항,,중간층분리검토
大明律倉庫不覺被盜條,大明律,倉庫不覺被盜條,2,법전+[육전]+조항,,중간층분리검토
大明律倉庫條,大明律,倉庫條,2,법전+[육전]+조항,,
大明律僞造印信曆日條,大明律,僞造印信曆日條,2,법전+[육전]+조항,,중간층분리검토
大明律僞造印信曆日等條,大明律,僞造印信曆日等條,2,법전+[육전]+조항,,중간층분리검토
大明律僞造印信條,大明律,僞造印信條,2,법전+[육전]+조항,,중간층분리검토
大明律僞造條,大明律,僞造條,2,법전+[육전]+조항,,
大明律儀制條,大明律,儀制條,2,법전+[육전]+조항,,
大明律免罪條,大明律,免罪條,2,법전+[육전]+조항,,
大明律八議條,大明律,八議條,2,법전+[육전]+조항,,
大明律公事應行稽程條,大明律,公事應行稽程條,2,법전+[육전]+조항,,중간층분리검토
大明律公差人員欺凌長官條,大明律,公差人員欺凌長官條,2,법전+[육전]+조항,,중간층분리검토
大明律公差人欺凌官長條,大明律,公差人欺凌官長條,2,법전+[육전]+조항,,중간층분리검토
大明律公式條,大明律,公式條,2,법전+[육전]+조항,,
大明律公試條,大明律,公試條,2,법전+[육전]+조항,,
大明律共犯罪分首從條,大明律,共犯罪分首從條,2,법전+[육전]+조항,,중간층분리검토
大明律出使不復命條,大明律,出使不復命條,2,법전+[육전]+조항,,중간층분리검토
大明律出納官物有違條,大明律,出納官物有違條,2,법전+[육전]+조항,,중간층분리검토
大明律制書有達條,大明律,制書有達條,2,법전+[육전]+조항,,중간층분리검토
大明律制書有違條,大明律,制書有違條,2,법전+[육전]+조항,,중간층분리검토
大明律制書條,大明律,制書條,2,법전+[육전]+조항,,
大明律制有違條,大明律,制有違條,2,법전+[육전]+조항,,
大明律則斷獄條,大明律,則斷獄條,2,법전+[육전]+조항,,
大明律剋留盜贓條,大明律,剋留盜贓條,2,법전+[육전]+조항,,중간층분리검토
大明律加減罪例條,大明律,加減罪例條,2,법전+[육전]+조항,,중간층분리검토
大明律劫囚條,大明律,劫囚條,2,법전+[육전]+조항,,
大明律十惡條,大明律,十惡條,2,법전+[육전]+조항,,
大明律受贓條,大明律,受贓條,2,법전+[육전]+조항,,
大明律合和御藥條,大明律,合和御藥條,2,법전+[육전]+조항,,중간층분리검토
大明律名例條,大明律,名例條,2,법전+[육전]+조항,,
大明律告狀不受理條,大明律,告狀不受理條,2,법전+[육전]+조항,,중간층분리검토
大明律囑托公事條,大明律,囑托公事條,2,법전+[육전]+조항,,중간층분리검토
大明律囑託公事條,大明律,囑託公事條,2,법전+[육전]+조항,,중간층분리검토
大明律囚應禁而不禁條,大明律,囚應禁而不禁條,2,법전+[육전]+조항,,중간층분리검토
大明律因公擅科斂條,大明律,因公擅科斂條,2,법전+[육전]+조항,,중간층분리검토
大明律在官求索借貸人財物條,大明律,在官求索借貸人財物條,2,법전+[육전]+조항,,중간층분리검토
大明律在官求索借貸財物條,大明律,在官求索借貸財物條,2,법전+[육전]+조항,,중간층분리검토
大明律坐贓致罪條,大明律,坐贓致罪條,2,법전+[육전]+조항,,중간층분리검토
大明律增減官文書條,大明律,增減官文書條,2,법전+[육전]+조항,,중간층분리검토
大明律多收稅糧斛面條,大明律,多收稅糧斛面條,2,법전+[육전]+조항,,중간층분리검토
大明律夜無故入人家條,大明律,夜無故入人家條,2,법전+[육전]+조항,,중간층분리검토
大明律夜禁條,大明律,夜禁條,2,법전+[육전]+조항,,
大明律大祀丘壇條,大明律,大祀丘壇條,2,법전+[육전]+조항,,중간층분리검토
大明律太廟門擅入條,大明律,太廟門擅入條,2,법전+[육전]+조항,,중간층분리검토
大明律失火條,大明律,失火條,2,법전+[육전]+조항,,
大明律奴婢毆家長條,大明律,奴婢毆家長條,2,법전+[육전]+조항,,중간층분리검토
大明律妖書妖言條,大明律,妖書妖言條,2,법전+[육전]+조항,,중간층분리검토
大明律威力制縛人條,大明律,威力制縛人條,2,법전+[육전]+조항,,중간층분리검토
大明律威逼人致死條,大明律,威逼人致死條,2,법전+[육전]+조항,,중간층분리검토
大明律婦人犯罪條,大明律,婦人犯罪條,2,법전+[육전]+조항,,중간층분리검토
大明律存兩養親條,大明律,存兩養親條,2,법전+[육전]+조항,,중간층분리검토
大明律存由養親條,大明律,存由養親條,2,법전+[육전]+조항,,중간층분리검토
大明律存留養親條,大明律,存留養親條,2,법전+[육전]+조항,,중간층분리검토
大明律存養親條,大明律,存養親條,2,법전+[육전]+조항,,
大明律官司出入人罪條,大明律,官司出入人罪條,2,법전+[육전]+조항,,중간층분리검토
大明律官吏受財條,大明律,官吏受財條,2,법전+[육전]+조항,,중간층분리검토
大明律官吏受賂條,大明律,官吏受賂條,2,법전+[육전]+조항,,중간층분리검토
大明律官員赴任過限條,大明律,官員赴任過限條,2,법전+[육전]+조항,,중간층분리검토
大明律宮內忿爭條,大明律,宮內忿爭條,2,법전+[육전]+조항,,중간층분리검토
大明律宮殿擅入條,大明律,宮殿擅入條,2,법전+[육전]+조항,,중간층분리검토
大明律宮殿門擅入條,大明律,宮殿門擅入條,2,법전+[육전]+조항,,중간층분리검토
大明律宮衛條,大明律,宮衛條,2,법전+[육전]+조항,,
大明律宮闈條,大明律,宮闈條,2,법전+[육전]+조항,,
大明律家長條,大明律,家長條,2,법전+[육전]+조항,,
大明律宿衛守衛人私自代替條,大明律,宿衛守衛人私自代替條,2,법전+[육전]+조항,,중간층분리검토
大明律宿衛條,大明律,宿衛條,2,법전+[육전]+조항,,
大明律對制上書條,大明律,對制上書條,2,법전+[육전]+조항,,중간층분리검토
大明律對制上書詐不以實條,大明律,對制上書詐不以實條,2,법전+[육전]+조항,,중간층분리검토
大明律干名犯義條,大明律,干名犯義條,2,법전+[육전]+조항,,중간층분리검토
大明律廐牧條,大明律,廐牧條,2,법전+[육전]+조항,,
大明律强盜條,大明律,强盜條,2,법전+[육전]+조항,,
大明律徒流人逃條,大明律,徒流人逃條,2,법전+[육전]+조항,,중간층분리검토
大明律徒流人逃躱條,大明律,徒流人逃躱條,2,법전+[육전]+조항,,중간층분리검토
大明律徒流罪人逃條,大明律,徒流罪人逃條,2,법전+[육전]+조항,,중간층분리검토
大明律從征違期條,大明律,從征違期條,2,법전+[육전]+조항,,중간층분리검토
大明律從駕稽違條,大明律,從駕稽違條,2,법전+[육전]+조항,,중간층분리검토
大明律應奏不奏及不應爲條,大明律,應奏不奏及不應爲條,2,법전+[육전]+조항,,중간층분리검토
大明律應奏不奏罪條,大明律,應奏不奏罪條,2,법전+[육전]+조항,,중간층분리검토
大明律懸帶冠防牌面條,大明律,懸帶冠防牌面條,2,법전+[육전]+조항,,중간층분리검토
大明律懸帶關防牌面條,大明律,懸帶關防牌面條,2,법전+[육전]+조항,,중간층분리검토
大明律戶役條,大明律,戶役條,2,법전+[육전]+조항,,
大明律拒敺條,大明律,拒敺條,2,법전+[육전]+조항,,
大明律拒敺追攝人條,大明律,拒敺追攝人條,2,법전+[육전]+조항,,중간층분리검토
大明律拒毆追攝人條,大明律,拒毆追攝人條,2,법전+[육전]+조항,,중간층분리검토
大明律拒驅追攝人條,大明律,拒驅追攝人條,2,법전+[육전]+조항,,중간층분리검토
大明律挪移出納條,大明律,挪移出納條,2,법전+[육전]+조항,,중간층분리검토
大明律捉奸條,大明律,捉奸條,2,법전+[육전]+조항,,
大明律捕亡條,大明律,捕亡條,2,법전+[육전]+조항,,
大明律擅入宮殿門條,大明律,擅入宮殿門條,2,법전+[육전]+조항,,중간층분리검토
大明律擅移職役條,大明律,擅移職役條,2,법전+[육전]+조항,,중간층분리검토
大明律擅調官軍條,大明律,擅調官軍條,2,법전+[육전]+조항,,중간층분리검토
大明律擅造作條,大明律,擅造作條,2,법전+[육전]+조항,,
大明律擅離職役條,大明律,擅離職役條,2,법전+[육전]+조항,,중간층분리검토
大明律擧非其人條,大明律,擧非其人條,2,법전+[육전]+조항,,중간층분리검토
大明律收支留難條,大明律,收支留難條,2,법전+[육전]+조항,,중간층분리검토
大明律收糧違限條,大明律,收糧違限條,2,법전+[육전]+조항,,중간층분리검토
大明律故燒人房屋條,大明律,故燒人房屋條,2,법전+[육전]+조항,,중간층분리검토
大明律故禁故勘平人條,大明律,故禁故勘平人條,2,법전+[육전]+조항,,중간층분리검토
大明律敎咬詞訟條,大明律,敎咬詞訟條,2,법전+[육전]+조항,,중간층분리검토
大明律敎誘人犯法條,大明律,敎誘人犯法條,2,법전+[육전]+조항,,중간층분리검토
大明律敺制使及本管長條,大明律,敺制使及本管長條,2,법전+[육전]+조항,,중간층분리검토
大明律棄毁制書印信條,大明律,棄毁制書印信條,2,법전+[육전]+조항,,중간층분리검토
大明律棄毁制書條,大明律,棄毁制書條,2,법전+[육전]+조항,,중간층분리검토
大明律椉馬去轡條,大明律,椉馬去轡條,2,법전+[육전]+조항,,중간층분리검토
大明律檢踏災傷田糧條,大明律,檢踏災傷田糧條,2,법전+[육전]+조항,,중간층분리검토
大明律檢驗不實條,大明律,檢驗不實條,2,법전+[육전]+조항,,중간층분리검토
大明律檢驗屍傷不以實條,大明律,檢驗屍傷不以實條,2,법전+[육전]+조항,,중간층분리검토
大明律欺詐官私取財條,大明律,欺詐官私取財條,2,법전+[육전]+조항,,중간층분리검토
大明律欺隱田糧條,大明律,欺隱田糧條,2,법전+[육전]+조항,,중간층분리검토
大明律歐制使及本管長官條,大明律,歐制使及本管長官條,2,법전+[육전]+조항,,중간층분리검토
大明律死囚覆奏待報條,大明律,死囚覆奏待報條,2,법전+[육전]+조항,,중간층분리검토
大明律殺一家三人條,大明律,殺一家三人條,2,법전+[육전]+조항,,중간층분리검토
大明律殺死奸夫條,大明律,殺死奸夫條,2,법전+[육전]+조항,,중간층분리검토
大明律殺死姦夫條,大明律,殺死姦夫條,2,법전+[육전]+조항,,중간층분리검토
大明律殺祖父母·父母條,大明律,殺祖父母·父母條,2,법전+[육전]+조항,,중간층분리검토
大明律毁大祀丘壇條,大明律,毁大祀丘壇條,2,법전+[육전]+조항,,중간층분리검토
大明律毆制使及本官長官條,大明律,毆制使及本官長官條,2,법전+[육전]+조항,,중간층분리검토
大明律毆制使及本管長官條,大明律,毆制使及本管長官條,2,법전+[육전]+조항,,중간층분리검토
大明律毆制使條,大明律,毆制使條,2,법전+[육전]+조항,,
大明律毆打條,大明律,毆打條,2,법전+[육전]+조항,,
大明律毆殺子婦條,大明律,毆殺子婦條,2,법전+[육전]+조항,,중간층분리검토
大明律毆父母祖父母條,大明律,毆父母祖父母條,2,법전+[육전]+조항,,중간층분리검토
大明律求索借貸人財物條,大明律,求索借貸人財物條,2,법전+[육전]+조항,,중간층분리검토
大明律決罰不如法條,大明律,決罰不如法條,2,법전+[육전]+조항,,중간층분리검토
大明律流囚家屬條,大明律,流囚家屬條,2,법전+[육전]+조항,,중간층분리검토
大明律濫設官吏條,大明律,濫設官吏條,2,법전+[육전]+조항,,중간층분리검토
大明律營造條,大明律,營造條,2,법전+[육전]+조항,,
大明律父祖被毆條,大明律,父祖被毆條,2,법전+[육전]+조항,,중간층분리검토
大明律犯夜條,大明律,犯夜條,2,법전+[육전]+조항,,
大明律犯罪存留養親條,大明律,犯罪存留養親條,2,법전+[육전]+조항,,중간층분리검토
大明律犯罪時未老疾條,大明律,犯罪時未老疾條,2,법전+[육전]+조항,,중간층분리검토
大明律犯罪逃走條,大明律,犯罪逃走條,2,법전+[육전]+조항,,중간층분리검토
大明律獄囚脫監及反獄在逃條,大明律,獄囚脫監及反獄在逃條,2,법전+[육전]+조항,,중간층분리검토
大明律獄囚衣糧條,大明律,獄囚衣糧條,2,법전+[육전]+조항,,중간층분리검토
大明律田宅條,大明律,田宅條,2,법전+[육전]+조항,,
大明律畜産咬踢人條,大明律,畜産咬踢人條,2,법전+[육전]+조항,,중간층분리검토
大明律略人略賣人條,大明律,略人略賣人條,2,법전+[육전]+조항,,중간층분리검토
大明律發塚條,大明律,發塚條,2,법전+[육전]+조항,,
大明律發塜條,大明律,發塜條,2,법전+[육전]+조항,,
大明律白晝搶奪條,大明律,白晝搶奪條,2,법전+[육전]+조항,,중간층분리검토
大明律盜內府財物條,大明律,盜內府財物條,2,법전+[육전]+조항,,중간층분리검토
大明律盜印信條,大明律,盜印信條,2,법전+[육전]+조항,,
大明律盜園陵樹木條,大明律,盜園陵樹木條,2,법전+[육전]+조항,,중간층분리검토
大明律盜城門鑰條,大明律,盜城門鑰條,2,법전+[육전]+조항,,중간층분리검토
大明律盜大祀神御物條,大明律,盜大祀神御物條,2,법전+[육전]+조항,,중간층분리검토
大明律盜賊窩主條,大明律,盜賊窩主條,2,법전+[육전]+조항,,중간층분리검토
大明律盜賣田宅條,大明律,盜賣田宅條,2,법전+[육전]+조항,,중간층분리검토
大明律監守自盜倉庫錢兩條,大明律,監守自盜倉庫錢兩條,2,법전+[육전]+조항,,중간층분리검토
大明律監守自盜倉庫錢糧條,大明律,監守自盜倉庫錢糧條,2,법전+[육전]+조항,,중간층분리검토
大明律監守自盜條,大明律,監守自盜條,2,법전+[육전]+조항,,중간층분리검토
大明律盤詰姦細條,大明律,盤詰姦細條,2,법전+[육전]+조항,,중간층분리검토
大明律知情藏匿罪人條,大明律,知情藏匿罪人條,2,법전+[육전]+조항,,중간층분리검토
大明律祭享條,大明律,祭享條,2,법전+[육전]+조항,,
大明律祭祀條,大明律,祭祀條,2,법전+[육전]+조항,,
大明律禁止師巫邪術條,大明律,禁止師巫邪術條,2,법전+[육전]+조항,,중간층분리검토
大明律私出外境及違禁下海條,大明律,私出外境及違禁下海條,2,법전+[육전]+조항,,중간층분리검토
大明律私役部民條,大明律,私役部民條,2,법전+[육전]+조항,,중간층분리검토
大明律私茶條,大明律,私茶條,2,법전+[육전]+조항,,
大明律私越冒度關津條,大明律,私越冒度關津條,2,법전+[육전]+조항,,중간층분리검토
大明律私鑄條,大明律,私鑄條,2,법전+[육전]+조항,,
大明律稱與同罪至死者減等條,大明律,稱與同罪至死者減等條,2,법전+[육전]+조항,,중간층분리검토
大明律稽留囚徒條,大明律,稽留囚徒條,2,법전+[육전]+조항,,중간층분리검토
大明律竊盜條,大明律,竊盜條,2,법전+[육전]+조항,,
大明律罪人拒捕條,大明律,罪人拒捕條,2,법전+[육전]+조항,,중간층분리검토
大明律罵制使及本管長官條,大明律,罵制使及本管長官條,2,법전+[육전]+조항,,중간층분리검토
大明律罵詈條,大明律,罵詈條,2,법전+[육전]+조항,,
大明律老小廢疾收贖條,大明律,老小廢疾收贖條,2,법전+[육전]+조항,,중간층분리검토
大明律老少廢疾收贖條,大明律,老少廢疾收贖條,2,법전+[육전]+조항,,중간층분리검토
大明律老少癈疾收贖條,大明律,老少癈疾收贖條,2,법전+[육전]+조항,,중간층분리검토
大明律老幼不拷訊條,大明律,老幼不拷訊條,2,법전+[육전]+조항,,중간층분리검토
大明律職制條,大明律,職制條,2,법전+[육전]+조항,,
大明律致祭祀典神祇條,大明律,致祭祀典神祇條,2,법전+[육전]+조항,,중간층분리검토
大明律致祭祀典神祗條,大明律,致祭祀典神祗條,2,법전+[육전]+조항,,중간층분리검토
大明律行宮營門條,大明律,行宮營門條,2,법전+[육전]+조항,,중간층분리검토
大明律術士妄言條,大明律,術士妄言條,2,법전+[육전]+조항,,중간층분리검토
大明律衝突儀仗條,大明律,衝突儀仗條,2,법전+[육전]+조항,,중간층분리검토
大明律製書有違條,大明律,製書有違條,2,법전+[육전]+조항,,중간층분리검토
大明律見任官輒自立碑條,大明律,見任官輒自立碑條,2,법전+[육전]+조항,,중간층분리검토
大明律訴冤條,大明律,訴冤條,2,법전+[육전]+조항,,
大明律訴訟條,大明律,訴訟條,2,법전+[육전]+조항,,
大明律詐不以實條,大明律,詐不以實條,2,법전+[육전]+조항,,중간층분리검토
大明律詐不實條,大明律,詐不實條,2,법전+[육전]+조항,,
大明律詐假官條,大明律,詐假官條,2,법전+[육전]+조항,,
大明律詐傳詔旨條,大明律,詐傳詔旨條,2,법전+[육전]+조항,,중간층분리검토
大明律詐僞制書條,大明律,詐僞制書條,2,법전+[육전]+조항,,중간층분리검토
大明律詐僞條,大明律,詐僞條,2,법전+[육전]+조항,,
大明律詐敎人犯法條,大明律,詐敎人犯法條,2,법전+[육전]+조항,,중간층분리검토
大明律詐敎誘人犯法條,大明律,詐敎誘人犯法條,2,법전+[육전]+조항,,중간층분리검토
大明律詐欺官私取財條,大明律,詐欺官私取財條,2,법전+[육전]+조항,,중간층분리검토
大明律詐欺官私條,大明律,詐欺官私條,2,법전+[육전]+조항,,중간층분리검토
大明律詐爲制書條,大明律,詐爲制書條,2,법전+[육전]+조항,,중간층분리검토
大明律詐爲條,大明律,詐爲條,2,법전+[육전]+조항,,
大明律詐爲瑞應條,大明律,詐爲瑞應條,2,법전+[육전]+조항,,중간층분리검토
大明律誣告條,大明律,誣告條,2,법전+[육전]+조항,,
大明律課程條,大明律,課程條,2,법전+[육전]+조항,,
大明律謀反大逆不道條,大明律,謀反大逆不道條,2,법전+[육전]+조항,,중간층분리검토
大明律謀反大逆條,大明律,謀反大逆條,2,법전+[육전]+조항,,중간층분리검토
大明律謀反條,大明律,謀反條,2,법전+[육전]+조항,,
大明律謀叛大逆條,大明律,謀叛大逆條,2,법전+[육전]+조항,,중간층분리검토
大明律謀叛條,大明律,謀叛條,2,법전+[육전]+조항,,
大明律謀殺人條,大明律,謀殺人條,2,법전+[육전]+조항,,
大明律謀殺制使及本管長官條,大明律,謀殺制使及本管長官條,2,법전+[육전]+조항,,중간층분리검토
大明律謀殺條,大明律,謀殺條,2,법전+[육전]+조항,,
大明律謀殺祖父母·父母條,大明律,謀殺祖父母·父母條,2,법전+[육전]+조항,,중간층분리검토
大明律謀殺祖父母條,大明律,謀殺祖父母條,2,법전+[육전]+조항,,중간층분리검토
大明律議制條,大明律,議制條,2,법전+[육전]+조항,,
大明律賊盜條,大明律,賊盜條,2,법전+[육전]+조항,,
大明律越城條,大明律,越城條,2,법전+[육전]+조항,,
大明律越訴條,大明律,越訴條,2,법전+[육전]+조항,,
大明律軍政條,大明律,軍政條,2,법전+[육전]+조항,,
大明律輒出入宮殿門條,大明律,輒出入宮殿門條,2,법전+[육전]+조항,,중간층분리검토
大明律轉解官物條,大明律,轉解官物條,2,법전+[육전]+조항,,중간층분리검토
大明律逃避差役條,大明律,逃避差役條,2,법전+[육전]+조항,,중간층분리검토
大明律造作不如法條,大明律,造作不如法條,2,법전+[육전]+조항,,중간층분리검토
大明律造妖書妖言條,大明律,造妖書妖言條,2,법전+[육전]+조항,,중간층분리검토
大明律造妖言條,大明律,造妖言條,2,법전+[육전]+조항,,
大明律過失條,大明律,過失條,2,법전+[육전]+조항,,
大明律過失殺傷人條,大明律,過失殺傷人條,2,법전+[육전]+조항,,중간층분리검토
大明律過失殺條,大明律,過失殺條,2,법전+[육전]+조항,,
大明律違令條,大明律,違令條,2,법전+[육전]+조항,,
大明律遺失符驗條,大明律,遺失符驗條,2,법전+[육전]+조항,,중간층분리검토
大明律邀取實封公文一條,大明律,邀取實封公文一條,2,법전+[육전]+조항,,중간층분리검토
大明律邀取實封公文條,大明律,邀取實封公文條,2,법전+[육전]+조항,,중간층분리검토
大明律那移出納條,大明律,那移出納條,2,법전+[육전]+조항,,중간층분리검토
大明律那移條,大明律,那移條,2,법전+[육전]+조항,,
大明律錢兩互相覺察條,大明律,錢兩互相覺察條,2,법전+[육전]+조항,,중간층분리검토
大明律錢穀互相覺察條,大明律,錢穀互相覺察條,2,법전+[육전]+조항,,중간층분리검토
大明律錢糧互相覺察條,大明律,錢糧互相覺察條,2,법전+[육전]+조항,,중간층분리검토
大明律錢銀互相覺察條,大明律,錢銀互相覺察條,2,법전+[육전]+조항,,중간층분리검토
大明律門禁鎖鑰條,大明律,門禁鎖鑰條,2,법전+[육전]+조항,,중간층분리검토
大明律關津條,大明律,關津條,2,법전+[육전]+조항,,
大明律附例條,大明律,附例條,2,법전+[육전]+조항,,
大明律附例訴訟條,大明律,附例訴訟條,2,법전+[육전]+조항,,중간층분리검토
大明律附餘錢糧私下補數條,大明律,附餘錢糧私下補數條,2,법전+[육전]+조항,,중간층분리검토
大明律雜犯條,大明律,雜犯條,2,법전+[육전]+조항,,
大明律雜犯篇不應爲條,大明律,雜犯篇不應爲條,2,법전+[육전]+조항,,중간층분리검토
大明律驅期親尊長條,大明律,驅期親尊長條,2,법전+[육전]+조항,,중간층분리검토
大明律鬪敺及故殺人條,大明律,鬪敺及故殺人條,2,법전+[육전]+조항,,중간층분리검토
大明律鬪敺條,大明律,鬪敺條,2,법전+[육전]+조항,,
大明律鬪歐條,大明律,鬪歐條,2,법전+[육전]+조항,,
大明律鬪毆及故殺人條,大明律,鬪毆及故殺人條,2,법전+[육전]+조항,,중간층분리검토
大明律鬪毆條,大明律,鬪毆條,2,법전+[육전]+조항,,
大明律鬪驅條,大明律,鬪驅條,2,법전+[육전]+조항,,
大明律鬪鬨條,大明律,鬪鬨條,2,법전+[육전]+조항,,
大明律鬭毆條,大明律,鬭毆條,2,법전+[육전]+조항,,
大明會典朝會條,大明會典,朝會條,2,법전+[육전]+조항,,
大明會典朝賀條,大明會典,朝賀條,2,법전+[육전]+조항,,
大明會典禮部條,大明會典,禮部條,2,법전+[육전]+조항,,
大明會典迎詔條,大明會典,迎詔條,2,법전+[육전]+조항,,
大明集禮祭癘條,大明集禮,祭癘條,2,법전+[육전]+조항,,
經國大典取才條,經國大典,取才條,2,법전+[육전]+조항,,
經國大典成均館條,經國大典,成均館條,2,법전+[육전]+조항,,
經國大典用印條,經國大典,用印條,2,법전+[육전]+조항,,
經國大典禁制條,經國大典,禁制條,2,법전+[육전]+조항,,
經國大典禮典奬勸條,經國大典,禮典 | 奬勸條,3,법전+[육전]+조항,,
經國大典贓盜條,經國大典,贓盜條,2,법전+[육전]+조항,,
續大典之守穀物虧欠條,續大典,之守穀物虧欠條,2,법전+[육전]+조항,,중간층분리검토
續大典倉庫條,續大典,倉庫條,2,법전+[육전]+조항,,
續大典倉穀條,續大典,倉穀條,2,법전+[육전]+조항,,
續大典偸葬禁斷條,續大典,偸葬禁斷條,2,법전+[육전]+조항,,중간층분리검토
續大典入直條,續大典,入直條,2,법전+[육전]+조항,,
續大典公賤條,續大典,公賤條,2,법전+[육전]+조항,,
續大典典守穀物虧欠條,續大典,典守穀物虧欠條,2,법전+[육전]+조항,,중간층분리검토
續大典名簿條,續大典,名簿條,2,법전+[육전]+조항,,
續大典吏典追贈條,續大典,吏典 | 追贈條,3,법전+[육전]+조항,,
續大典囚禁條,續大典,囚禁條,2,법전+[육전]+조항,,
續大典外官職條,續大典,外官職條,2,법전+[육전]+조항,,
續大典居齋儒生圓點條,續大典,居齋儒生圓點條,2,법전+[육전]+조항,,중간층분리검토
續大典徵債條,續大典,徵債條,2,법전+[육전]+조항,,
續大典恤囚條,續大典,恤囚條,2,법전+[육전]+조항,,
續大典成均館條,續大典,成均館條,2,법전+[육전]+조항,,
續大典戶籍條,續大典,戶籍條,2,법전+[육전]+조항,,
續大典推斷條,續大典,推斷條,2,법전+[육전]+조항,,
續大典擲奸條,續大典,擲奸條,2,법전+[육전]+조항,,
續大典支供條,續大典,支供條,2,법전+[육전]+조항,,
續大典收稅條,續大典,收稅條,2,법전+[육전]+조항,,
續大典文記條,續大典,文記條,2,법전+[육전]+조항,,
續大典武科條,續大典,武科條,2,법전+[육전]+조항,,
續大典殺獄條,續大典,殺獄條,2,법전+[육전]+조항,,
續大典漕轉條,續大典,漕轉條,2,법전+[육전]+조항,,
續大典漕運條,續大典,漕運條,2,법전+[육전]+조항,,
續大典濫刑條,續大典,濫刑條,2,법전+[육전]+조항,,
續大典烽燧條,續大典,烽燧條,2,법전+[육전]+조항,,
續大典祭祀條,續大典,祭祀條,2,법전+[육전]+조항,,
續大典祭禮條,續大典,祭禮條,2,법전+[육전]+조항,,
續大典禁制條,續大典,禁制條,2,법전+[육전]+조항,,
續大典節日製條,續大典,節日製條,2,법전+[육전]+조항,,
續大典考課條,續大典,考課條,2,법전+[육전]+조항,,
續大典聽理條,續大典,聽理條,2,법전+[육전]+조항,,
續大典行巡條,續大典,行巡條,2,법전+[육전]+조항,,
續大典訴冤條,續大典,訴冤條,2,법전+[육전]+조항,,
續大典訴寃條,續大典,訴寃條,2,법전+[육전]+조항,,
續大典詐冤條,續大典,詐冤條,2,법전+[육전]+조항,,
續大典諸科條,續大典,諸科條,2,법전+[육전]+조항,,
續大典赦令條,續大典,赦令條,2,법전+[육전]+조항,,
續大典雜令條,續大典,雜令條,2,법전+[육전]+조항,,
續大典面里任笞杖殺人條,續大典,面里任笞杖殺人條,2,법전+[육전]+조항,,중간층분리검토
續大典魚鹽條,續大典,魚鹽條,2,법전+[육전]+조항,,
補編停樂條,補編,停樂條,2,법전+[육전]+조항,,
補編停祭條,補編,停祭條,2,법전+[육전]+조항,,
補編受敎條,補編,受敎條,2,법전+[육전]+조항,,
補編小內外喪條,補編,小內外喪條,2,법전+[육전]+조항,,중간층분리검토
補編小喪成服條,補編,小喪成服條,2,법전+[육전]+조항,,중간층분리검토
補編小喪條,補編,小喪條,2,법전+[육전]+조항,,
補編小斂條,補編,小斂條,2,법전+[육전]+조항,,
補編成服條,補編,成服條,2,법전+[육전]+조항,,
補編戒令條,補編,戒令條,2,법전+[육전]+조항,,
補編橫看圖杖期條,補編,橫看圖杖期條,2,법전+[육전]+조항,,중간층분리검토
補編橫看條,補編,橫看條,2,법전+[육전]+조항,,
補編班次條,補編,班次條,2,법전+[육전]+조항,,
補編第一卷內喪在先條,補編,第一卷內喪在先條,2,법전+[육전]+조항,,중간층분리검토
補編諸具條,補編,諸具條,2,법전+[육전]+조항,,
中庸九經章,中庸,九經章,2,본체+[중간층]+편명,,
中庸序,中庸,序,2,본체+[중간층]+편명,,
中庸序文,中庸,序文,2,본체+[중간층]+편명,,
五禮儀序,五禮儀,序,2,본체+[중간층]+편명,,
五禮儀序文,五禮儀,序文,2,본체+[중간층]+편명,,
五禮儀禮典,五禮儀,禮典,2,본체+[중간층]+편명,,
古文眞寶前,古文眞寶,前,2,본체+[중간층]+편명,前,
古文眞寶懸吐,古文眞寶,懸吐,2,본체+[중간층]+편명,懸吐,
史記評林初卷,史記,評林初卷,2,본체+[중간층]+편명,,
史記評林太伯傳,史記,評林太伯傳,2,본체+[중간층]+편명,,
史記評林黃帝本紀,史記,評林黃帝本紀,2,본체+[중간층]+편명,,
名臣奏議一百五十五編,名臣奏議,一百五十五編,2,본체+[중간층]+편명,,
名臣奏議第一百五十四,名臣奏議,第一百五十四,2,본체+[중간층]+편명,,
名臣錄劉安世傳,名臣錄,劉安世傳,2,본체+[중간층]+편명,,
名臣錄孫復傳,名臣錄,孫復傳,2,본체+[중간층]+편명,,
君德篇愛民章,君德篇,愛民章,2,본체+[중간층]+편명,,
周易損卦傳,周易,損卦傳,2,본체+[중간층]+편명,,
大典刑典,大典,刑典,2,본체+[중간층]+편명,,
大典名例,大典,名例,2,본체+[중간층]+편명,,
大典吏典,大典,吏典,2,본체+[중간층]+편명,,
大典工典,大典,工典,2,본체+[중간층]+편명,,
大典戶典,大典,戶典,2,본체+[중간층]+편명,,
大典會通禮典,大典會通,禮典,2,본체+[중간층]+편명,,
大典禮典,大典,禮典,2,본체+[중간층]+편명,,
大典通編刑典,大典通編,刑典,2,본체+[중간층]+편명,,
大典通編戶典,大典通編,戶典,2,본체+[중간층]+편명,,
大典通編禮典,大典通編,禮典,2,본체+[중간층]+편명,,
大學序,大學,序,2,본체+[중간층]+편명,,
大學序文,大學,序文,2,본체+[중간층]+편명,,
大學篇題,大學,篇題,2,본체+[중간층]+편명,,
大學絜矩章,大學,絜矩章,2,본체+[중간층]+편명,,
大學經一章,大學,經一章,2,본체+[중간층]+편명,,
大學誠意章,大學,誠意章,2,본체+[중간층]+편명,,
大明律制書有違,大明律,制書有違,2,본체+[중간층]+편명,,
大明律名例,大明律,名例,2,본체+[중간층]+편명,,
孟子七篇,孟子,七篇,2,본체+[중간층]+편명,,
孟子浩然章,孟子,浩然章,2,본체+[중간층]+편명,,
孟子盡心,孟子,盡心,2,본체+[중간층]+편명,,
孟子萬章,孟子,萬章,2,본체+[중간층]+편명,,
宋鑑光宗,宋鑑,光宗,2,본체+[중간층]+편명,,
宋鑑序文,宋鑑,序文,2,본체+[중간층]+편명,,
宋鑑武宗紀,宋鑑,武宗紀,2,본체+[중간층]+편명,,
小學善行篇,小學,善行篇,2,본체+[중간층]+편명,,
小學序,小學,序,2,본체+[중간층]+편명,,
小學序文,小學,序文,2,본체+[중간층]+편명,,
小學立敎,小學,立敎,2,본체+[중간층]+편명,,
小學立敎篇,小學,立敎篇,2,본체+[중간층]+편명,,
小學篇題,小學,篇題,2,본체+[중간층]+편명,,
書傳召誥,書傳,召誥,2,본체+[중간층]+편명,,
書傳周書,書傳,周書,2,본체+[중간층]+편명,,
書傳周書召誥,書傳,周書 | 召誥,3,본체+[중간층]+편명,,
書傳周書多方,書傳,周書 | 多方,3,본체+[중간층]+편명,,
書傳周書大誥,書傳,周書 | 大誥,3,본체+[중간층]+편명,,
書傳周書洛誥,書傳,周書 | 洛誥,3,본체+[중간층]+편명,,
書傳周書立政,書傳,周書 | 立政,3,본체+[중간층]+편명,,
書傳夏書,書傳,夏書,2,본체+[중간층]+편명,,
書傳多方,書傳,多方,2,본체+[중간층]+편명,,
書傳大誥,書傳,大誥,2,본체+[중간층]+편명,,
書傳太甲,書傳,太甲,2,본체+[중간층]+편명,,
書傳序,書傳,序,2,본체+[중간층]+편명,,
書傳洛誥,書傳,洛誥,2,본체+[중간층]+편명,,
書傳立政,書傳,立政,2,본체+[중간층]+편명,,
書傳虞書,書傳,虞書,2,본체+[중간층]+편명,,
毓祥宮宮園凡式例,毓祥宮宮園,凡式例,2,본체+[중간층]+편명,,
毓祥宮紀懷銘幷序,毓祥宮紀懷銘,幷序,2,본체+[중간층]+편명,幷序,
毛詩國風,毛詩,國風,2,본체+[중간층]+편명,,
禮記曲禮,禮記,曲禮,2,본체+[중간층]+편명,,
禮記曾子問,禮記,曾子問,2,본체+[중간층]+편명,,
禮記月令,禮記,月令,2,본체+[중간층]+편명,,
禮記王制,禮記,王制,2,본체+[중간층]+편명,,
經國大典戶典,經國大典,戶典,2,본체+[중간층]+편명,,
經國大典禮典,經國大典,禮典,2,본체+[중간층]+편명,,
綱目南北朝紀,綱目,南北朝紀,2,본체+[중간층]+편명,,
綱目漢紀,綱目,漢紀,2,본체+[중간층]+편명,,
綱目第七卷,綱目,第七卷,2,본체+[중간층]+편명,,
續大典倉庫,續大典,倉庫,2,본체+[중간층]+편명,,
續大典兵典,續大典,兵典,2,본체+[중간층]+편명,,
續大典刑典,續大典,刑典,2,본체+[중간층]+편명,,
續大典吏典,續大典,吏典,2,본체+[중간층]+편명,,
續大典序,續大典,序,2,본체+[중간층]+편명,,
續大典序文,續大典,序文,2,본체+[중간층]+편명,,
續大典戶典,續大典,戶典,2,본체+[중간층]+편명,,
續大典禮典,續大典,禮典,2,본체+[중간층]+편명,,
詩傳召南,詩傳,召南,2,본체+[중간층]+편명,,
詩傳唐風,詩傳,唐風,2,본체+[중간층]+편명,,
詩傳國風,詩傳,國風,2,본체+[중간층]+편명,,
詩傳國風召南,詩傳,國風 | 召南,3,본체+[중간층]+편명,,
詩傳大雅,詩傳,大雅,2,본체+[중간층]+편명,,
詩傳序,詩傳,序,2,본체+[중간층]+편명,,
詩傳序文,詩傳,序文,2,본체+[중간층]+편명,,
詩傳衛,詩傳,衛,2,본체+[중간층]+편명,,
詩傳衛風,詩傳,衛風,2,본체+[중간층]+편명,,
詩傳邶風,詩傳,邶風,2,본체+[중간층]+편명,,
詩傳鄘,詩傳,鄘,2,본체+[중간층]+편명,,
詩唐風,詩,唐風,2,본체+[중간층]+편명,,
詩大雅,詩,大雅,2,본체+[중간층]+편명,,
詩序,詩,序,2,본체+[중간층]+편명,,
詩經國風,詩經,國風,2,본체+[중간층]+편명,,
詩經序文,詩經,序文,2,본체+[중간층]+편명,,
詩經邶風,詩經,邶風,2,본체+[중간층]+편명,,
詩說,詩,說,2,본체+[중간층]+편명,,
詩雅,詩,雅,2,본체+[중간층]+편명,,
論語先進篇,論語,先進篇,2,본체+[중간층]+편명,,
論語學而,論語,學而,2,본체+[중간층]+편명,,
資治通鑑唐高祖記,資治通鑑,唐高祖記,2,본체+[중간층]+편명,,
資治通鑑序文,資治通鑑,序文,2,본체+[중간층]+편명,,
