표제어,구분,하위분류
中庸,본체,경전·역사서
儀禮,본체,경전·역사서
古文眞寶,본체,경전·역사서
史記,본체,경전·역사서
名臣奏議,본체,경전·역사서
名臣錄,본체,경전·역사서
君德篇,본체,경전·역사서
周易,본체,경전·역사서
周禮,본체,경전·역사서
大學,본체,경전·역사서
孝經,본체,경전·역사서
孟子,본체,경전·역사서
宋鑑,본체,경전·역사서
小學,본체,경전·역사서
尙書,본체,경전·역사서
春秋,본체,경전·역사서
書傳,본체,경전·역사서
書經,본체,경전·역사서
毓祥宮宮園,본체,경전·역사서
毓祥宮紀懷銘,본체,경전·역사서
毛詩,본체,경전·역사서
爾雅,본체,경전·역사서
禮記,본체,경전·역사서
綱目,본체,경전·역사서
詩,본체,경전·역사서
詩傳,본체,경전·역사서
詩經,본체,경전·역사서
論語,본체,경전·역사서
資治通鑑,본체,경전·역사서
五禮儀,본체,법전
刑律名例,본체,법전
受敎輯錄,본체,법전
同律,본체,법전
喪禮補編,본체,법전
大典,본체,법전
大典會通,본체,법전
大典通編,본체,법전
大明律,본체,법전
大明會典,본체,법전
大明集禮,본체,법전
經國大典,본체,법전
續大典,본체,법전
補編,본체,법전
前,부가어,판본·위치 표시
幷序,부가어,판본·위치 표시
後,부가어,판본·위치 표시
懸吐,부가어,판본·위치 표시
周書,중간층,書 구분
商書,중간층,書 구분
夏書,중간층,書 구분
虞書,중간층,書 구분
兵典,중간층,육전
刑典,중간층,육전
吏典,중간층,육전
工典,중간층,육전
戶典,중간층,육전
禮典,중간층,육전
一百五十五編,편명,
七篇,편명,
九經章,편명,
倉庫,편명,
先進篇,편명,
光宗,편명,
凡式例,편명,
制書有違,편명,
劉安世傳,편명,
南北朝紀,편명,
召南,편명,
召誥,편명,
名例,편명,
唐風,편명,
唐高祖記,편명,
善行篇,편명,
國風,편명,
多方,편명,
大誥,편명,
大雅,편명,
太甲,편명,
孫復傳,편명,
學而,편명,
寧宗紀下,편명,
序,편명,
序文,편명,
愛民章,편명,
損卦傳,편명,
曲禮,편명,
曾子問,편명,
月令,편명,
武宗紀,편명,
洛誥,편명,
浩然章,편명,
漢紀,편명,
王制,편명,
盡心,편명,
立政,편명,
立敎,편명,
立敎篇,편명,
第一百五十四,편명,
第七卷,편명,
篇題,편명,
絜矩章,편명,
經一章,편명,
萬章,편명,
衛,편명,
衛風,편명,
評林初卷,편명,
評林太伯傳,편명,
評林黃帝本紀,편명,
誠意章,편명,
說,편명,
邶風,편명,
鄘,편명,
雅,편명,
