표제어,단위,도,읍격,진관,상위,표준형,전거,신뢰도,별칭여부
南漢,邑,京畿,牧,,,廣州,,,별칭
沁府,邑,京畿,都護府,,,江華,,,별칭
沁都,邑,京畿,都護府,,,江華,,,별칭
畿內,道,京畿,,,,京畿,,,별칭
瀛州,邑,全羅道,牧,,,濟州,,,별칭
灣府,邑,平安道,牧,,,義州,,,별칭
箕城,邑,平安道,府,,,平壤,,,별칭
萊府,邑,慶尙道,縣,,,東萊,,,별칭
萊館,邑,慶尙道,縣,,,東萊,,,별칭
北漢,,,,,,楊州,실험팀 폴백 회수,C,별칭
完山,?,,,,,全州,조선왕조실록 관직명사전,C,별칭
嶺南,?,,,,,慶尙道,조선왕조실록 관직명사전,C,별칭
松都,?,,,,,開城,조선왕조실록 관직명사전,C,별칭
海西,?,,,,,黃海道,조선왕조실록 관직명사전,C,별칭
湖南,?,,,,,全羅道,조선왕조실록 관직명사전,C,별칭
湖西,?,,,,,忠淸道,조선왕조실록 관직명사전,C,별칭
畿甸,,,,,,京畿,실험팀 폴백 회수,C,별칭
耽羅,?,,,,,濟州,조선왕조실록 관직명사전,C,별칭
華城,?,,,,,水原,조선왕조실록 관직명사전,C,별칭
關北,?,,,,,咸鏡道,조선왕조실록 관직명사전,C,별칭
關東,?,,,,,江原道,조선왕조실록 관직명사전,C,별칭
關西,?,,,,,平安道,조선왕조실록 관직명사전,C,별칭
井浦,鎭堡,京畿,,月串鎭,,,,,
交河,邑,京畿,縣,楊州鎭,,,,,
京畿,道,京畿,,,,,,,
仁川,邑,京畿,都護府,水原鎭,,,,,
利川,邑,京畿,都護府,廣州鎭,,,,,
加平,邑,京畿,縣,楊州鎭,,,,,
南陽,邑,京畿,都護府,水原鎭,,,,,
右道水運,邑,京畿,,,,,,,
喬桐,邑,京畿,縣,長湍鎭,,,,,
喬桐梁,鎭堡,京畿,,月串鎭,,,,,
坡州,邑,京畿,牧,楊州鎭,,,,,
崇義殿,廟殿宮,京畿,,,,,,,
左道水運,邑,京畿,,,,,,,
平丘道,驛道,京畿,,,,,,,
廣州,邑,京畿,牧,,,,,,
廣州鎭,邑,京畿,,,,,,,
慶安道,驛道,京畿,,,,,,,
抱川,邑,京畿,縣,楊州鎭,,,,,
振威,邑,京畿,縣,水原鎭,,,,,
月串鎭,鎭,京畿,,,,,,,
朔寧,邑,京畿,郡,長湍鎭,,,,,
果川,邑,京畿,縣,廣州鎭,,,,,
桃源道,驛道,京畿,,,,,,,
楊州,邑,京畿,牧,,,,,,
楊州鎭,鎭,京畿,,,,,,,
楊根,邑,京畿,郡,廣州鎭,,,,,
水原,邑,京畿,都護府,,,,,,
水原鎭,邑,京畿,,,,,,,
永宗浦,鎭堡,京畿,,月串鎭,,,,,
永平,邑,京畿,縣,楊州鎭,,,,,
江華,邑,京畿,都護府,長湍鎭,,,,,
洛河,渡,京畿,,,,,,,
漢江,渡,京畿,,,,,,,
漣川,邑,京畿,縣,長湍鎭,,,,,
濟物梁,鎭堡,京畿,,月串鎭,,,,,
砥平,邑,京畿,縣,廣州鎭,,,,,
碧瀾,渡,京畿,,,,,,,
積城,邑,京畿,縣,楊州鎭,,,,,
竹山,邑,京畿,縣,廣州鎭,,,,,
臨津,渡,京畿,,,,,,,
良才道,驛道,京畿,,,,,,,
草芝梁,鎭堡,京畿,,月串鎭,,,,,
衿川,邑,京畿,縣,水原鎭,,,,,
豊德,邑,京畿,郡,,,,,,
豐德,邑,京畿,,長湍鎭,,,,,
路梁,渡,京畿,,,,,,,
迎曙道,驛道,京畿,,,,,,,
通津,邑,京畿,縣,水原鎭,,,,,
重林道,驛道,京畿,,,,,,,
金浦,邑,京畿,縣,水原鎭,,,,,
長湍,邑,京畿,都護府,,,,,,
長湍鎭,鎭,京畿,,,,,,,
陰竹,邑,京畿,縣,廣州鎭,,,,,
陽城,邑,京畿,縣,水原鎭,,,,,
陽川,邑,京畿,縣,水原鎭,,,,,
陽智,邑,京畿,縣,廣州鎭,,,,,
驪州,邑,京畿,牧,廣州鎭,,,,,
高陽,邑,京畿,郡,楊州鎭,,,,,
麻田,邑,京畿,郡,長湍鎭,,,,,
龍仁,邑,京畿,縣,水原鎭,,,,,
井邑,邑,全羅道,縣,全州鎭,,,,,
任實,邑,全羅道,縣,南原鎭,,,,,
光州,邑,全羅道,牧,羅州鎭,,,,,
光陽,邑,全羅道,縣,順天鎭,,,,,
全州,邑,全羅道,府,,,,,,
全州鎭,邑,全羅道,,,,,,,
全羅右道,道,全羅道,,,,,,,
全羅左道,道,全羅道,,,,,,,
全羅道,道,全羅道,,,,,,,
務安,邑,全羅道,縣,羅州鎭,,,,,
南原,邑,全羅道,都護府,,,,,,
南原鎭,邑,全羅道,,,,,,,
南平,邑,全羅道,縣,羅州鎭,,,,,
南桃浦,鎭堡,全羅道,,臨淄島鎭,,,,,
參禮道,驛道,全羅道,,,,,,,
古阜,邑,全羅道,郡,全州鎭,,,,,
同福,邑,全羅道,縣,順天鎭,,,,,
呂島,鎭堡,全羅道,,蛇渡鎭,,,,,
和順,邑,全羅道,縣,順天鎭,,,,,
咸平,邑,全羅道,縣,羅州鎭,,,,,
咸悅,邑,全羅道,縣,全州鎭,,,,,
多慶浦,鎭堡,全羅道,,臨淄島鎭,,,,,
大靜,邑,全羅道,縣,濟州鎭,,,,,
寶城,邑,全羅道,郡,順天鎭,,,,,
康津,邑,全羅道,縣,長興鎭,,,,,
扶安,邑,全羅道,縣,全州鎭,,,,,
於蘭浦,鎭堡,全羅道,,臨淄島鎭,,,,,
旌義,邑,全羅道,縣,濟州鎭,,,,,
昌平,邑,全羅道,縣,南原鎭,,,,,
景陽道,驛道,全羅道,,,,,,,
會寧浦,鎭堡,全羅道,,蛇渡鎭,,,,,
木浦,鎭堡,全羅道,,臨淄島鎭,,,,,
樂安,邑,全羅道,郡,順天鎭,,,,,
求禮,邑,全羅道,縣,順天鎭,,,,,
沃溝,邑,全羅道,縣,全州鎭,,,,,
法聖浦,鎭堡,全羅道,,臨淄島鎭,,,,,
泰仁,邑,全羅道,縣,全州鎭,,,,,
海南,邑,全羅道,縣,長興鎭,,,,,
淳昌,邑,全羅道,郡,南原鎭,,,,,
潭陽,邑,全羅道,都護府,南原鎭,,,,,
濟原道,驛道,全羅道,,,,,,,
濟州,邑,全羅道,牧,,,,,,
濟州鎭,邑,全羅道,,,,,,,
獒樹道,驛道,全羅道,,,,,,,
玉果,邑,全羅道,縣,南原鎭,,,,,
珍原,邑,全羅道,縣,羅州鎭,,,,,
珍山,邑,全羅道,郡,全州鎭,,,,,
珍島,邑,全羅道,郡,長興鎭,,,,,
益山,邑,全羅道,郡,全州鎭,,,,,
碧沙道,驛道,全羅道,,,,,,,
礪山,邑,全羅道,郡,全州鎭,,,,,
突山浦,鎭堡,全羅道,,蛇渡鎭,,,,,
綾城,邑,全羅道,縣,順天鎭,,,,,
羅州,邑,全羅道,牧,,,,,,
羅州鎭,邑,全羅道,,,,,,,
群山浦,鎭堡,全羅道,,臨淄島鎭,,,,,
臨淄島鎭,鎭,全羅道,,,,,,,
臨陂,邑,全羅道,縣,全州鎭,,,,,
興德,邑,全羅道,縣,全州鎭,,,,,
興陽,邑,全羅道,縣,順天鎭,,,,,
茂朱,邑,全羅道,縣,南原鎭,,,,,
茂長,邑,全羅道,縣,羅州鎭,,,,,
萬頃,邑,全羅道,縣,全州鎭,,,,,
蛇渡鎭,鎭,全羅道,,,,,,,
谷城,邑,全羅道,縣,南原鎭,,,,,
達梁,鎭堡,全羅道,,蛇渡鎭,,,,,
金堤,邑,全羅道,郡,全州鎭,,,,,
金溝,邑,全羅道,縣,全州鎭,,,,,
金甲島,鎭堡,全羅道,,臨淄島鎭,,,,,
鉢浦,鎭堡,全羅道,,蛇渡鎭,,,,,
錦山,邑,全羅道,郡,全州鎭,,,,,
鎭安,邑,全羅道,縣,南原鎭,,,,,
長城,邑,全羅道,縣,羅州鎭,,,,,
長水,邑,全羅道,縣,南原鎭,,,,,
長興,邑,全羅道,都護府,,,,,,
長興鎭,鎭,全羅道,,,,,,,
雲峯,邑,全羅道,縣,南原鎭,,,,,
靈光,邑,全羅道,郡,羅州鎭,,,,,
靈巖,邑,全羅道,郡,羅州鎭,,,,,
靑巖道,驛道,全羅道,,,,,,,
順天,邑,全羅道,都護府,,,,,,
順天鎭,鎭,全羅道,,,,,,,
馬島,鎭堡,全羅道,,蛇渡鎭,,,,,
高山,邑,全羅道,縣,全州鎭,,,,,
高敞,邑,全羅道,縣,羅州鎭,,,,,
鹿島,鎭堡,全羅道,,蛇渡鎭,,,,,
黔毛浦,鎭堡,全羅道,,臨淄島鎭,,,,,
龍安,邑,全羅道,縣,全州鎭,,,,,
上土,鎭堡,平安道,,江界鎭,,,,,
中和,邑,平安道,郡,平壤鎭,,,,,
仇寧,鎭堡,平安道,,朔州鎭,,,,,
价川,邑,平安道,郡,成川鎭,,,,,
博川,邑,平安道,郡,寧邊鎭,,,,,
咸從,邑,平安道,縣,平壤鎭,,,,,
嘉山,邑,平安道,郡,安州鎭,,,,,
大同道,驛道,平安道,,,,,,,
孟山,邑,平安道,縣,成川鎭,,,,,
安州,邑,平安道,牧,,,,,,
安州鎭,邑,平安道,,,,,,,
定州,邑,平安道,牧,安州鎭,,,,,
定州鎭,邑,平安道,,,,,,,
宣川,邑,平安道,郡,龜城鎭,,,,,
宣沙浦鎭,鎭,平安道,,,,,,,
寧遠,邑,平安道,郡,,,,,,
寧遠鎭,鎭,平安道,,,,,,,
寧邊,邑,平安道,大都護府,,,,,,
寧邊鎭,邑,平安道,,,,,,,
平壤,邑,平安道,府,,,,,,
平壤鎭,邑,平安道,,,,,,,
平安道,道,平安道,,,,,,,
廣梁鎭,鎭,平安道,,,,,,,
德川,邑,平安道,郡,成川鎭,,,,,
慈山,邑,平安道,郡,成川鎭,,,,,
成川,邑,平安道,都護府,,,,,,
成川鎭,鎭,平安道,,,,,,,
方山鎭,鎭,平安道,,,,,,,
昌城,邑,平安道,都護府,,,,,,
昌城鎭,鎭,平安道,,,,,,,
昌洲鎭,鎭,平安道,,,,,,,
朔州,邑,平安道,都護府,,,,,,
朔州鎭,鎭,平安道,,,,,,,
楸坡,鎭堡,平安道,,江界鎭,,,,,
殷山,邑,平安道,縣,成川鎭,,,,,
永柔,邑,平安道,縣,安州鎭,,,,,
江東,邑,平安道,縣,成川鎭,,,,,
江界,邑,平安道,都護府,,,,,,
江界鎭,邑,平安道,,,,,,,
江西,邑,平安道,縣,平壤鎭,,,,,
泰川,邑,平安道,縣,寧邊鎭,,,,,
渭原,邑,平安道,郡,,,,,,
渭原鎭,鎭,平安道,,,,,,,
滿浦鎭,鎭,平安道,,,,,,,
熙川,邑,平安道,郡,寧邊鎭,,,,,
理山,邑,平安道,郡,,,,,,
理山鎭,鎭,平安道,,,,,,,
甑山,邑,平安道,縣,平壤鎭,,,,,
碧團鎭,鎭,平安道,,,,,,,
碧潼,邑,平安道,郡,,,,,,
碧潼鎭,鎭,平安道,,,,,,,
祥原,邑,平安道,郡,成川鎭,,,,,
義州,邑,平安道,牧,,,,,,
義州鎭,邑,平安道,,,,,,,
老江鎭,鎭,平安道,,,,,,,
肅川,邑,平安道,都護府,安州鎭,,,,,
郭山,邑,平安道,郡,龜城鎭,,,,,
鐵山,邑,平安道,郡,義州鎭,,,,,
阿耳,鎭堡,平安道,,碧潼鎭,,,,,
陽德,邑,平安道,縣,成川鎭,,,,,
順安,邑,平安道,縣,平壤鎭,,,,,
順川,邑,平安道,郡,成川鎭,,,,,
高山里鎭,鎭,平安道,,,,,,,
魚川道,驛道,平安道,,,,,,,
麟山鎭,鎭,平安道,,,,,,,
龍岡,邑,平安道,縣,平壤鎭,,,,,
龍川,邑,平安道,郡,義州鎭,,,,,
龜城,邑,平安道,都護府,,,,,,
龜城鎭,鎭,平安道,,,,,,,
丹陽,邑,忠淸道,郡,忠州鎭,,,,,
保寧,邑,忠淸道,縣,洪州鎭,,,,,
全義,邑,忠淸道,縣,公州鎭,,,,,
公州,邑,忠淸道,牧,,,,,,
公州鎭,邑,忠淸道,,,,,,,
利仁道,驛道,忠淸道,,,,,,,
唐津,邑,忠淸道,縣,洪州鎭,,,,,
唐津浦,鎭堡,忠淸道,,所斤浦鎭,,,,,
堤川,邑,忠淸道,縣,忠州鎭,,,,,
報恩,邑,忠淸道,縣,淸州鎭,,,,,
大興,邑,忠淸道,縣,洪州鎭,,,,,
天安,邑,忠淸道,郡,淸州鎭,,,,,
定山,邑,忠淸道,縣,公州鎭,,,,,
尼山,邑,忠淸道,縣,公州鎭,,,,,
平澤,邑,忠淸道,縣,洪州鎭,,,,,
庇仁,邑,忠淸道,縣,洪州鎭,,,,,
延豐,邑,忠淸道,縣,忠州鎭,,,,,
忠州,邑,忠淸道,牧,,,,,,
忠州鎭,邑,忠淸道,,,,,,,
忠淸道,道,忠淸道,,,,,,,
恩津,邑,忠淸道,縣,公州鎭,,,,,
懷仁,邑,忠淸道,縣,淸州鎭,,,,,
懷德,邑,忠淸道,縣,公州鎭,,,,,
成歡道,驛道,忠淸道,,,,,,,
所斤浦鎭,鎭,忠淸道,,,,,,,
扶餘,邑,忠淸道,縣,公州鎭,,,,,
文義,邑,忠淸道,縣,淸州鎭,,,,,
新昌,邑,忠淸道,縣,洪州鎭,,,,,
時興道,驛道,忠淸道,,,,,,,
木川,邑,忠淸道,縣,淸州鎭,,,,,
栗峯道,驛道,忠淸道,,,,,,,
槐山,邑,忠淸道,郡,忠州鎭,,,,,
永同,邑,忠淸道,縣,淸州鎭,,,,,
永春,邑,忠淸道,縣,忠州鎭,,,,,
沃川,邑,忠淸道,郡,淸州鎭,,,,,
沔川,邑,忠淸道,郡,洪州鎭,,,,,
波知島,鎭堡,忠淸道,,所斤浦鎭,,,,,
泰安,邑,忠淸道,郡,洪州鎭,,,,,
洪州,邑,忠淸道,牧,,,,,,
洪州鎭,邑,忠淸道,,,,,,,
海美,邑,忠淸道,縣,洪州鎭,,,,,
淸安,邑,忠淸道,縣,淸州鎭,,,,,
淸州,邑,忠淸道,牧,,,,,,
淸州鎭,邑,忠淸道,,,,,,,
淸風,邑,忠淸道,郡,忠州鎭,,,,,
溫陽,邑,忠淸道,郡,洪州鎭,,,,,
燕岐,邑,忠淸道,縣,,,,,,
燕歧,邑,忠淸道,,公州鎭,,,,,
牙山,邑,忠淸道,縣,洪州鎭,,,,,
瑞山,邑,忠淸道,郡,洪州鎭,,,,,
石城,邑,忠淸道,縣,公州鎭,,,,,
禮山,邑,忠淸道,縣,洪州鎭,,,,,
稷山,邑,忠淸道,縣,淸州鎭,,,,,
結城,邑,忠淸道,縣,洪州鎭,,,,,
舒川,邑,忠淸道,郡,洪州鎭,,,,,
舒川浦,鎭堡,忠淸道,,馬梁鎭,,,,,
藍浦,邑,忠淸道,縣,洪州鎭,,,,,
連原道,驛道,忠淸道,,,,,,,
連山,邑,忠淸道,縣,公州鎭,,,,,
金井道,驛道,忠淸道,,,,,,,
鎭岑,邑,忠淸道,縣,公州鎭,,,,,
鎭川,邑,忠淸道,縣,淸州鎭,,,,,
陰城,邑,忠淸道,縣,忠州鎭,,,,,
靑山,邑,忠淸道,縣,淸州鎭,,,,,
靑陽,邑,忠淸道,縣,洪州鎭,,,,,
韓山,邑,忠淸道,郡,公州鎭,,,,,
馬梁鎭,鎭,忠淸道,,,,,,,
鴻山,邑,忠淸道,縣,洪州鎭,,,,,
黃澗,邑,忠淸道,縣,淸州鎭,,,,,
丑山浦,鎭堡,慶尙道,,釜山浦鎭,,,,,
丹城,邑,慶尙道,縣,晉州鎭,,,,,
仁同,邑,慶尙道,縣,大丘鎭,,,,,
助羅浦,鎭堡,慶尙道,,薺浦鎭,,,,,
包伊浦,鎭堡,慶尙道,,釜山浦鎭,,,,,
南海,邑,慶尙道,縣,晉州鎭,,,,,
召村道,驛道,慶尙道,,,,,,,
咸安,邑,慶尙道,郡,金海鎭,,,,,
咸昌,邑,慶尙道,縣,尙州鎭,,,,,
咸陽,邑,慶尙道,郡,晉州鎭,,,,,
唐浦,鎭堡,慶尙道,,薺浦鎭,,,,,
善山,邑,慶尙道,都護府,尙州鎭,,,,,
固城,邑,慶尙道,縣,金海鎭,,,,,
多大浦,鎭堡,慶尙道,,釜山浦鎭,,,,,
大丘,邑,慶尙道,都護府,,,,,,
大丘鎭,鎭,慶尙道,,,,,,,
奉化,邑,慶尙道,縣,安東鎭,,,,,
安奇道,驛道,慶尙道,,,,,,,
安東,邑,慶尙道,大都護府,,,,,,
安東鎭,邑,慶尙道,,,,,,,
安骨浦,鎭堡,慶尙道,,薺浦鎭,,,,,
宜寧,邑,慶尙道,縣,晉州鎭,,,,,
密陽,邑,慶尙道,都護府,大丘鎭,,,,,
寧海,邑,慶尙道,都護府,安東鎭,,,,,
尙州,邑,慶尙道,牧,,,,,,
尙州鎭,邑,慶尙道,,,,,,,
居昌,邑,慶尙道,縣,晉州鎭,,,,,
山陰,邑,慶尙道,縣,晉州鎭,,,,,
巨濟,邑,慶尙道,縣,金海鎭,,,,,
平山浦,鎭堡,慶尙道,,薺浦鎭,,,,,
幽谷道,驛道,慶尙道,,,,,,,
延日,邑,慶尙道,縣,,,,,,
彦陽,邑,慶尙道,縣,慶州鎭,,,,,
慶尙右道,道,慶尙道,,,,,,,
慶尙左道,道,慶尙道,,,,,,,
慶尙道,道,慶尙道,,,,,,,
慶山,邑,慶尙道,縣,大丘鎭,,,,,
慶州,邑,慶尙道,府,,,,,,
慶州鎭,邑,慶尙道,,,,,,,
新寧,邑,慶尙道,縣,大丘鎭,,,,,
昆陽,邑,慶尙道,郡,晉州鎭,,,,,
昌原,邑,慶尙道,都護府,金海鎭,,,,,
昌寧,邑,慶尙道,縣,大丘鎭,,,,,
昌樂道,驛道,慶尙道,,,,,,,
星州,邑,慶尙道,牧,尙州鎭,,,,,
晉州,邑,慶尙道,牧,,,,,,
晉州鎭,邑,慶尙道,,,,,,,
東萊,邑,慶尙道,縣,慶州鎭,,,,,
松羅道,驛道,慶尙道,,,,,,,
梁山,邑,慶尙道,郡,慶州鎭,,,,,
榮川,邑,慶尙道,郡,安東鎭,,,,,
機張,邑,慶尙道,縣,慶州鎭,,,,,
比安,邑,慶尙道,縣,安東鎭,,,,,
永川,邑,慶尙道,郡,慶州鎭,,,,,
永登浦,鎭堡,慶尙道,,薺浦鎭,,,,,
沙斤道,驛道,慶尙道,,,,,,,
河東,邑,慶尙道,縣,晉州鎭,,,,,
河陽,邑,慶尙道,縣,大丘鎭,,,,,
泗川,邑,慶尙道,縣,晉州鎭,,,,,
海雲浦,鎭堡,慶尙道,,釜山浦鎭,,,,,
淸河,邑,慶尙道,縣,慶州鎭,,,,,
淸道,邑,慶尙道,郡,大丘鎭,,,,,
漆原,邑,慶尙道,縣,金海鎭,,,,,
漆浦,鎭堡,慶尙道,,釜山浦鎭,,,,,
烏浦,鎭堡,慶尙道,,釜山浦鎭,,,,,
熊川,邑,慶尙道,縣,金海鎭,,,,,
玄風,邑,慶尙道,縣,大丘鎭,,,,,
玉浦,鎭堡,慶尙道,,薺浦鎭,,,,,
甘浦,鎭堡,慶尙道,,釜山浦鎭,,,,,
盈德,邑,慶尙道,縣,安東鎭,,,,,
省峴道,驛道,慶尙道,,,,,,,
眞寶,邑,慶尙道,縣,安東鎭,,,,,
知世浦,鎭堡,慶尙道,,薺浦鎭,,,,,
知禮,邑,慶尙道,縣,尙州鎭,,,,,
禮安,邑,慶尙道,縣,安東鎭,,,,,
義城,邑,慶尙道,縣,安東鎭,,,,,
義興,邑,慶尙道,縣,大丘鎭,,,,,
聞慶,邑,慶尙道,縣,尙州鎭,,,,,
自如道,驛道,慶尙道,,,,,,,
興海,邑,慶尙道,郡,慶州鎭,,,,,
草溪,邑,慶尙道,郡,晉州鎭,,,,,
蔚山,邑,慶尙道,郡,慶州鎭,,,,,
薺浦,邑,慶尙道,,,,,,,
薺浦鎭,鎭,慶尙道,,,,,,,
蛇梁,鎭堡,慶尙道,,薺浦鎭,,,,,
西生浦,鎭堡,慶尙道,,釜山浦鎭,,,,,
豆毛浦,鎭堡,慶尙道,,釜山浦鎭,,,,,
豐基,邑,慶尙道,郡,安東鎭,,,,,
赤梁,鎭堡,慶尙道,,薺浦鎭,,,,,
軍威,邑,慶尙道,縣,安東鎭,,,,,
迎日,邑,慶尙道,,慶州鎭,,,,,
醴泉,邑,慶尙道,郡,安東鎭,,,,,
金山,邑,慶尙道,郡,尙州鎭,,,,,
金泉道,驛道,慶尙道,,,,,,,
金海,邑,慶尙道,都護府,,,,,,
金海鎭,鎭,慶尙道,,,,,,,
釜山浦,邑,慶尙道,,,,,,,
釜山浦鎭,鎭,慶尙道,,,,,,,
鎭海,邑,慶尙道,縣,金海鎭,,,,,
長水道,驛道,慶尙道,,,,,,,
長鬐,邑,慶尙道,縣,慶州鎭,,,,,
開寧,邑,慶尙道,縣,尙州鎭,,,,,
陜川,邑,慶尙道,郡,晉州鎭,,,,,
靈山,邑,慶尙道,縣,大丘鎭,,,,,
高靈,邑,慶尙道,縣,尙州鎭,,,,,
鹽浦,鎭堡,慶尙道,,釜山浦鎭,,,,,
黃山道,驛道,慶尙道,,,,,,,
龍宮,邑,慶尙道,縣,安東鎭,,,,,
三水鎭,鎭,永安道,,,,,,,
利城,邑,永安道,縣,北靑鎭,,,,,
北靑,邑,永安道,都護府,,,,,,
北靑鎭,邑,永安道,,,,,,,
吉城,邑,永安道,縣,鏡城鎭,,,,,
咸興,邑,永安道,郡,永興鎭,,,,,
安邊,邑,永安道,大都護府,,,,,,
安邊鎭,鎭,永安道,,,,,,,
定平,邑,永安道,都護府,永興鎭,,,,,
富寧,邑,永安道,都護府,,,,,,
富寧鎭,鎭,永安道,,,,,,,
居山道,驛道,永安道,,,,,,,
德源,邑,永安道,都護府,安邊鎭,,,,,
惠山鎭,鎭,永安道,,,,,,,
慶源,邑,永安道,都護府,,,,,,
慶源鎭,邑,永安道,,,,,,,
慶興,邑,永安道,都護府,,,,,,
慶興鎭,鎭,永安道,,,,,,,
撫夷,鎭堡,永安道,,慶興鎭,,,,,
文川,邑,永安道,郡,安邊鎭,,,,,
斜下北,鎭堡,永安道,,鏡城鎭,,,,,
斜亇洞,鎭堡,永安道,,鏡城鎭,,,,,
明川,邑,永安道,縣,鏡城鎭,,,,,
會寧,邑,永安道,都護府,,,,,,
會寧鎭,邑,永安道,,,,,,,
朱乙溫,鎭堡,永安道,,鏡城鎭,,,,,
柔遠鎭,鎭,永安道,,,,,,,
永安北道,道,永安道,,,,,,,
永安南道,道,永安道,,,,,,,
永安道,道,永安道,,,,,,,
永建,鎭堡,永安道,,穩城鎭,,,,,
永興,邑,永安道,府,,,,,,
永興鎭,邑,永安道,,,,,,,
洪原,邑,永安道,縣,北靑鎭,,,,,
浪城浦,鎭堡,永安道,,南鎭,,,,,
潼關鎭,鎭,永安道,,,,,,,
玉連,鎭堡,永安道,,富寧鎭,,,,,
甲山,邑,永安道,都護府,,,,,,
甲山鎭,鎭,永安道,,,,,,,
穩城,邑,永安道,都護府,,,,,,
穩城鎭,邑,永安道,,,,,,,
端川,邑,永安道,郡,北靑鎭,,,,,
美錢鎭,鎭,永安道,,,,,,,
茂山,鎭堡,永安道,,富寧鎭,,,,,
西北,鎭堡,永安道,,鏡城鎭,,,,,
訓戎鎭,鎭,永安道,,,,,,,
輸城道,驛道,永安道,,,,,,,
造山浦,鎭堡,永安道,,北鎭,,,,,
道安浦,鎭堡,永安道,,南鎭,,,,,
鍾城,邑,永安道,都護府,,,,,,
鍾城鎭,邑,永安道,,,,,,,
鏡城,邑,永安道,都護府,,,,,,
鏡城鎭,邑,永安道,,,,,,,
防垣,鎭堡,永安道,,鍾城鎭,,,,,
阿吾地,鎭堡,永安道,,慶源鎭,,,,,
雲寵,鎭堡,永安道,,甲山鎭,,,,,
高原,邑,永安道,郡,永興鎭,,,,,
高山道,驛道,永安道,,,,,,,
高嶺鎭,鎭,永安道,,,,,,,
魚游澗,鎭堡,永安道,,鏡城鎭,,,,,
三涉浦鎭,鎭,江原道,,,,,,,
伊川,邑,江原道,縣,淮陽鎭,,,,,
保安道,驛道,江原道,,,,,,,
原州,邑,江原道,牧,,,,,,
原州鎭,邑,江原道,,,,,,,
安仁浦,鎭堡,江原道,,三陟浦鎭,,,,,
安峽,邑,江原道,縣,淮陽鎭,,,,,
寧越,邑,江原道,郡,原州鎭,,,,,
平康,邑,江原道,縣,淮陽鎭,,,,,
平昌,邑,江原道,郡,原州鎭,,,,,
平海,邑,江原道,郡,江陵鎭,,,,,
平陵道,驛道,江原道,,,,,,,
旌善,邑,江原道,郡,原州鎭,,,,,
春川,邑,江原道,都護府,原州鎭,,,,,
杆城,邑,江原道,郡,江陵鎭,,,,,
楊口,邑,江原道,縣,淮陽鎭,,,,,
橫城,邑,江原道,縣,原州鎭,,,,,
歙谷,邑,江原道,縣,江陵鎭,,,,,
江原道,道,江原道,,,,,,,
江陵,邑,江原道,大都護府,,,,,,
江陵鎭,邑,江原道,,,,,,,
洪川,邑,江原道,縣,原州鎭,,,,,
淮陽,邑,江原道,都護府,,,,,,
淮陽鎭,鎭,江原道,,,,,,,
狼川,邑,江原道,縣,淮陽鎭,,,,,
祥雲道,驛道,江原道,,,,,,,
蔚珍,邑,江原道,縣,江陵鎭,,,,,
蔚珍浦,鎭堡,江原道,,三陟浦鎭,,,,,
襄陽,邑,江原道,都護府,江陵鎭,,,,,
越松浦,鎭堡,江原道,,三陟浦鎭,,,,,
通川,邑,江原道,郡,江陵鎭,,,,,
金化,邑,江原道,縣,淮陽鎭,,,,,
金城,邑,江原道,縣,淮陽鎭,,,,,
銀溪道,驛道,江原道,,,,,,,
鐵原,邑,江原道,都護府,淮陽鎭,,,,,
高城,邑,江原道,郡,江陵鎭,,,,,
高城浦,鎭堡,江原道,,三陟浦鎭,,,,,
麟蹄,邑,江原道,縣,原州鎭,,,,,
信川,邑,黃海道,郡,黃州鎭,,,,,
兔山,邑,黃海道,縣,黃州鎭,,,,,
吾叉浦,鎭堡,黃海道,,所江鎭,,,,,
安岳,邑,黃海道,郡,黃州鎭,,,,,
平山,邑,黃海道,都護府,黃州鎭,,,,,
康翎,邑,黃海道,縣,海州鎭,,,,,
廣巖梁,鎭堡,黃海道,,所江鎭,,,,,
延安,邑,黃海道,都護府,海州鎭,,,,,
所江鎭,鎭,黃海道,,,,,,,
文化,邑,黃海道,縣,黃州鎭,,,,,
新溪,邑,黃海道,縣,黃州鎭,,,,,
松禾,邑,黃海道,縣,海州鎭,,,,,
殷栗,邑,黃海道,縣,海州鎭,,,,,
江陰,邑,黃海道,縣,海州鎭,,,,,
海州,邑,黃海道,牧,,,,,,
海州鎭,邑,黃海道,,,,,,,
牛峯,邑,黃海道,縣,黃州鎭,,,,,
瑞興,邑,黃海道,都護府,黃州鎭,,,,,
瓮津,邑,黃海道,縣,海州鎭,,,,,
白川,邑,黃海道,郡,海州鎭,,,,,
茄乙浦,鎭堡,黃海道,,所江鎭,,,,,
許沙浦,鎭堡,黃海道,,所江鎭,,,,,
谷山,邑,黃海道,郡,黃州鎭,,,,,
豐川,邑,黃海道,都護府,海州鎭,,,,,
載寧,邑,黃海道,郡,黃州鎭,,,,,
遂安,邑,黃海道,郡,黃州鎭,,,,,
金郊道,驛道,黃海道,,,,,,,
長淵,邑,黃海道,縣,海州鎭,,,,,
長連,邑,黃海道,縣,黃州鎭,,,,,
阿郞浦,鎭堡,黃海道,,所江鎭,,,,,
靑丹道,驛道,黃海道,,,,,,,
鳳山,邑,黃海道,郡,黃州鎭,,,,,
麒麟道,驛道,黃海道,,,,,,,
黃州,邑,黃海道,牧,,,,,,
黃州鎭,邑,黃海道,,,,,,,
黃海道,道,黃海道,,,,,,,
龍媒梁,鎭堡,黃海道,,所江鎭,,,,,
一員從三,邑,,,,,,대전회통 이전,B,
一員從二,邑,,,,,,대전회통 이전,B,
一員從五,邑,,,,,,대전회통 이전,B,
一員從四,邑,,,,,,대전회통 이전,B,
一員正三,邑,,,,,,대전회통 이전,B,
七員從三,邑,,,,,,대전회통 이전,B,
七員從四,邑,,,,,,대전회통 이전,B,
三千浦,鎭堡,,,,,,대전회통 병전,B,
三千鎭,?,,,,,,조선왕조실록 관직명사전,C,
三和,,,,,,,실험팀 폴백 회수,C,
三和原,邑,,,,,,대전회통 이전,B,
三員從五,邑,,,,,,대전회통 이전,B,
三員正三,邑,,,,,,대전회통 이전,B,
三嘉,,,,,,,실험팀 폴백 회수,C,
三州,,,,,,,실험팀 폴백 회수,C,
三水,,,,,,,실험팀 폴백 회수,C,
三水原,邑,,,,,,대전회통 이전,B,
三涉,,,,,,,실험팀 폴백 회수,C,
三登,,,,,,,실험팀 폴백 회수,C,
三陟,,,,,,,실험팀 폴백 회수,C,
三陟浦,?,,,,,,조선왕조실록 관직명사전,C,
三陟浦鎭,鎭,,,,,,대전회통 병전,B,
三陟鎭,?,,,,,,조선왕조실록 관직명사전,C,
上林,驛,,,,幽谷道,,,,
下三道,道,,,,,,조선왕조실록 관직명사전,C,
下川,驛,,,,金井道,,,,
世川,驛,,,,金井道,,,,
丘山,驛,,,,平陵道,,,,
丘虛,驛,,,,召村道,,,,
中和原,邑,,,,,,대전회통 이전,B,
中哨,?,,,,,,조선왕조실록 관직명사전,C,
中樞府,?,,,,,,조선왕조실록 관직명사전,C,
中連,驛,,,,迎曙道,,,,
中部,?,,,,,,조선왕조실록 관직명사전,C,
丹丘,驛,,,,保安道,,,,
丹嚴,驛,,,,靑巖道,,,,
丹嶺,驛,,,,濟原道,,,,
丹平,驛,,,,成歡道,,,,
丹月,驛,,,,連原道,,,,
丹林,驛,,,,金郊道,,,,
丹棗,驛,,,,桃源道,,,,
乃而浦,?,,,,,,조선왕조실록 관직명사전,C,
乫波知,鎭堡,,,,,,대전회통 병전 진보,B,
乼溫,?,,,,,,조선왕조실록 관직명사전,C,
乾原,?,,,,,,조선왕조실록 관직명사전,C,
乾川,驛,,,,銀溪道,,,,
二員從二,邑,,,,,,대전회통 이전,B,
二員從五,邑,,,,,,대전회통 이전,B,
二員從六,邑,,,,,,대전회통 이전,B,
二員從四,邑,,,,,,대전회통 이전,B,
二員正三,邑,,,,,,대전회통 이전,B,
云交,驛,,,,保安道,,,,
五員從五,邑,,,,,,대전회통 이전,B,
五員從六,邑,,,,,,대전회통 이전,B,
交可,驛,,,,平陵道,,,,
交河原,邑,,,,,,대전회통 이전,B,
京,?,,,,,,조선왕조실록 관직명사전,C,
京城,?,,,,,,조선왕조실록 관직명사전,C,
京尙道,道,,,,,,조선왕조실록 관직명사전,C,
京山,?,,,,,,조선왕조실록 관직명사전,C,
京畿右道,道,,,,,,조선왕조실록 관직명사전,C,
京畿左道,道,,,,,,조선왕조실록 관직명사전,C,
京畿道,道,,,,,,조선왕조실록 관직명사전,C,
京畿都,?,,,,,,조선왕조실록 관직명사전,C,
人物,驛,,,,景陽道,,,,
仁同原,邑,,,,,,대전회통 이전,B,
仁壽府,?,,,,,,조선왕조실록 관직명사전,C,
仁寧府,?,,,,,,조선왕조실록 관직명사전,C,
仁山,驛,,,,連原道,,,,
仁嵐,驛,,,,保安道,,,,
仁庇,驛,,,,長水道,,,,
仁慶,宮闕,,,,,,궁궐명(수문장 관할),,
仁陵,陵,,,,,,능묘전 시설명,,
仁順府,?,,,,,,조선왕조실록 관직명사전,C,
仇和,驛,,,,桃源道,,,,
仇彌,驛,,,,幽谷道,,,,
仇於,驛,,,,長水道,,,,
仇良梁,?,,,,,,조선왕조실록 관직명사전,C,
仇谷,驛,,,,平丘道,,,,
仇非,?,,,,,,조선왕조실록 관직명사전,C,
仍浦,驛,,,,黃山道,,,,
仙嚴,驛,,,,靑巖道,,,,
令泉,驛,,,,連原道,,,,
仲和,?,,,,,,조선왕조실록 관직명사전,C,
伊川原,邑,,,,,,대전회통 이전,B,
伊州,?,,,,,,조선왕조실록 관직명사전,C,
伐登,鎭堡,,,,,,대전회통 병전 진보,B,
休山,驛,,,,黃山道,,,,
位羅,驛,,,,麒麟道,,,,
佐贊,驛,,,,良才道,,,,
作乃,驛,,,,金泉道,,,,
係京職,邑,,,,,,대전회통 이전,B,
保和,?,,,,,,조선왕조실록 관직명사전,C,
保安,?,,,,,,조선왕조실록 관직명사전,C,
保安縣,?,,,,,,조선왕조실록 관직명사전,C,
保山,?,,,,,,조선왕조실록 관직명사전,C,
健元陵,陵,,,,,,조선왕조실록 관직명사전,C,
健陵,陵,,,,,,능묘전 시설명,,
僞木川,?,,,,,,조선왕조실록 관직명사전,C,
儀賓,?,,,,,,조선왕조실록 관직명사전,C,
元山,驛,,,,麒麟道,,,,
元帥,?,,,,,,조선왕조실록 관직명사전,C,
元陵,陵,,,,,,능묘전 시설명,,
兆陽鎭,?,,,,,,조선왕조실록 관직명사전,C,
先鋒,?,,,,,,조선왕조실록 관직명사전,C,
光利,驛,,,,靑巖道,,,,
光山,?,,,,,,조선왕조실록 관직명사전,C,
光時,驛,,,,金井道,,,,
光陵,陵,,,,,,조선왕조실록 관직명사전,C,
免山,?,,,,,,조선왕조실록 관직명사전,C,
兎城,?,,,,,,조선왕조실록 관직명사전,C,
兎山,?,,,,,,조선왕조실록 관직명사전,C,
入居,?,,,,,,조선왕조실록 관직명사전,C,
入直,?,,,,,,조선왕조실록 관직명사전,C,
內廂,?,,,,,,조선왕조실록 관직명사전,C,
內才,驛,,,,參禮道,,,,
內禁衛,?,,,,,,조선왕조실록 관직명사전,C,
內禮,?,,,,,,조선왕조실록 관직명사전,C,
內資,?,,,,,,조선왕조실록 관직명사전,C,
內野,驛,,,,省峴道,,,,
全儀,?,,,,,,조선왕조실록 관직명사전,C,
全光,?,,,,,,조선왕조실록 관직명사전,C,
全光道,道,,,,,,조선왕조실록 관직명사전,C,
全南,?,,,,,,조선왕조실록 관직명사전,C,
全羅,?,,,,,,조선왕조실록 관직명사전,C,
全羅北道,道,,,,,,조선왕조실록 관직명사전,C,
全羅南道,道,,,,,,조선왕조실록 관직명사전,C,
兩界,?,,,,,,조선왕조실록 관직명사전,C,
兩西,?,,,,,,조선왕조실록 관직명사전,C,
八員從三,邑,,,,,,대전회통 이전,B,
八員從六,邑,,,,,,대전회통 이전,B,
公山,?,,,,,,조선왕조실록 관직명사전,C,
公弘道,道,,,,,,조선왕조실록 관직명사전,C,
公忠,?,,,,,,조선왕조실록 관직명사전,C,
公忠道,道,,,,,,조선왕조실록 관직명사전,C,
公洪,?,,,,,,조선왕조실록 관직명사전,C,
公洪道,道,,,,,,조선왕조실록 관직명사전,C,
公淸,?,,,,,,조선왕조실록 관직명사전,C,
公淸道,道,,,,,,조선왕조실록 관직명사전,C,
六員從三,邑,,,,,,대전회통 이전,B,
六員從五,邑,,,,,,대전회통 이전,B,
六員從六,邑,,,,,,대전회통 이전,B,
六員從四,邑,,,,,,대전회통 이전,B,
六鎭,,,,,,,실험팀 폴백 회수,C,
典樂,?,,,,,,조선왕조실록 관직명사전,C,
典牲,?,,,,,,조선왕조실록 관직명사전,C,
典獄,?,,,,,,조선왕조실록 관직명사전,C,
典祀,?,,,,,,조선왕조실록 관직명사전,C,
典農,?,,,,,,조선왕조실록 관직명사전,C,
典醫,?,,,,,,조선왕조실록 관직명사전,C,
冬德,驛,,,,平陵道,,,,
准陽,?,,,,,,조선왕조실록 관직명사전,C,
凡於,驛,,,,省峴道,,,,
分巡,?,,,,,,조선왕조실록 관직명사전,C,
分臺,?,,,,,,조선왕조실록 관직명사전,C,
分行,驛,,,,良才道,,,,
刑房,?,,,,,,조선왕조실록 관직명사전,C,
別侍衛,?,,,,,,조선왕조실록 관직명사전,C,
別刑房,?,,,,,,조선왕조실록 관직명사전,C,
別害,?,,,,,,조선왕조실록 관직명사전,C,
別珍,驛,,,,碧沙道,,,,
別砲,?,,,,,,조선왕조실록 관직명사전,C,
別譴,?,,,,,,조선왕조실록 관직명사전,C,
別遺,?,,,,,,조선왕조실록 관직명사전,C,
別驍士,?,,,,,,조선왕조실록 관직명사전,C,
利仁,?,,,,,,조선왕조실록 관직명사전,C,
利原,?,,,,,,조선왕조실록 관직명사전,C,
利山,,,,,,,실험팀 폴백 회수,C,
劍水,驛,,,,金郊道,,,,
加乙波知,?,,,,,,조선왕조실록 관직명사전,C,
加川,驛,,,,良才道,,,,
加平原,邑,,,,,,대전회통 이전,B,
加德,?,,,,,,조선왕조실록 관직명사전,C,
加德浦,?,,,,,,조선왕조실록 관직명사전,C,
加德鎭,鎭,,,,,,대전회통 병전,B,
加林,驛,,,,景陽道,,,,
加波乙知,?,,,,,,조선왕조실록 관직명사전,C,
加背,?,,,,,,조선왕조실록 관직명사전,C,
加背梁,鎭堡,,,,,,대전회통 병전,B,
加莫,驛,,,,魚川道,,,,
加里,驛,,,,靑巖道,,,,
加里浦,?,,,,,,조선왕조실록 관직명사전,C,
加里浦鎭,鎭,,,,,,대전회통 병전,B,
助山,?,,,,,,조선왕조실록 관직명사전,C,
助泥浦,鎭堡,,,,,,대전회통 병전,B,
助羅,?,,,,,,조선왕조실록 관직명사전,C,
勵山,,,,,,,실험팀 폴백 회수,C,
勸賓,驛,,,,金泉道,,,,
化仁,驛,,,,栗峯道,,,,
北,?,,,,,,조선왕조실록 관직명사전,C,
北方,?,,,,,,조선왕조실록 관직명사전,C,
北洞,驛,,,,魚川道,,,,
北淸,,,,,,,실험팀 폴백 회수,C,
北部,?,,,,,,조선왕조실록 관직명사전,C,
北關,?,,,,,,조선왕조실록 관직명사전,C,
北面,?,,,,,,조선왕조실록 관직명사전,C,
十三員從,邑,,,,,,대전회통 이전,B,
十二員從,邑,,,,,,대전회통 이전,B,
十八員從,邑,,,,,,대전회통 이전,B,
十員從四,邑,,,,,,대전회통 이전,B,
十四員從,邑,,,,,,대전회통 이전,B,
半石,驛,,,,參禮道,,,,
南,?,,,,,,조선왕조실록 관직명사전,C,
南利,驛,,,,碧沙道,,,,
南山,驛,,,,高山道,,,,
南村,?,,,,,,조선왕조실록 관직명사전,C,
南浦,,,,,,,실험팀 폴백 회수,C,
南部,?,,,,,,조선왕조실록 관직명사전,C,
南陽鎭,鎭,,,,,,대전회통 병전,B,
南面,?,,,,,,조선왕조실록 관직명사전,C,
南驛,驛,,,,自如道,,,,
厚州,?,,,,,,조선왕조실록 관직명사전,C,
厚州補,邑,,,,,,대전회통 이전,B,
厚昌,?,,,,,,조선왕조실록 관직명사전,C,
厚陵,陵,,,,,,조선왕조실록 관직명사전,C,
原城,?,,,,,,조선왕조실록 관직명사전,C,
原巖,驛,,,,栗峯道,,,,
原川,驛,,,,銀溪道,,,,
原平,?,,,,,,조선왕조실록 관직명사전,C,
原昌,驛,,,,保安道,,,,
原春,?,,,,,,조선왕조실록 관직명사전,C,
原春道,道,,,,,,조선왕조실록 관직명사전,C,
原襄,?,,,,,,조선왕조실록 관직명사전,C,
參奉,?,,,,,,조선왕조실록 관직명사전,C,
參禮,?,,,,,,조선왕조실록 관직명사전,C,
口子,?,,,,,,조선왕조실록 관직명사전,C,
古延,驛,,,,魚川道,,,,
古理,驛,,,,魚川道,,,,
古站,驛,,,,居山道,,,,
古群山,?,,,,,,조선왕조실록 관직명사전,C,
古豐山,鎭堡,,,,,,대전회통 병전 진보,B,
召村,?,,,,,,조선왕조실록 관직명사전,C,
召溪,驛,,,,幽谷道,,,,
可申,驛,,,,碧沙道,,,,
可興,驛,,,,連原道,,,,
台郞,驛,,,,栗峯道,,,,
史直,驛,,,,平陵道,,,,
右邊,?,,,,,,조선왕조실록 관직명사전,C,
司僕,?,,,,,,조선왕조실록 관직명사전,C,
司宰,?,,,,,,조선왕조실록 관직명사전,C,
司導,?,,,,,,조선왕조실록 관직명사전,C,
司禁,?,,,,,,조선왕조실록 관직명사전,C,
司諫,?,,,,,,조선왕조실록 관직명사전,C,
司豹局,?,,,,,,조선왕조실록 관직명사전,C,
吉州,?,,,,,,조선왕조실록 관직명사전,C,
吉州原,邑,,,,,,대전회통 이전,B,
吉州鎭,鎭,,,,,,대전회통 병전,B,
同化,驛,,,,良才道,,,,
同知摠制,?,,,,,,조선왕조실록 관직명사전,C,
君威,?,,,,,,조선왕조실록 관직명사전,C,
含春,驛,,,,銀溪道,,,,
含林,驛,,,,栗峯道,,,,
吾川,驛,,,,慶安道,,,,
吾村,驛,,,,輸城道,,,,
吾老梁,?,,,,,,조선왕조실록 관직명사전,C,
吾賜,驛,,,,連原道,,,,
呂州,,,,,,,실험팀 폴백 회수,C,
和原,驛,,,,高山道,,,,
和州,?,,,,,,조선왕조실록 관직명사전,C,
和睦,驛,,,,安奇道,,,,
咸原,驛,,,,居山道,,,,
咸吉北道,道,,,,,,조선왕조실록 관직명사전,C,
咸吉南道,道,,,,,,조선왕조실록 관직명사전,C,
咸吉道,道,,,,,,조선왕조실록 관직명사전,C,
咸寧,,,,,,,실험팀 폴백 회수,C,
咸州,?,,,,,,조선왕조실록 관직명사전,C,
咸平縣,?,,,,,,조선왕조실록 관직명사전,C,
咸從原,邑,,,,,,대전회통 이전,B,
咸慶道,道,,,,,,조선왕조실록 관직명사전,C,
咸鏡,?,,,,,,조선왕조실록 관직명사전,C,
咸鏡北道,道,,,,,,조선왕조실록 관직명사전,C,
咸鏡南道,道,,,,,,조선왕조실록 관직명사전,C,
咸鏡道,道,,,,,,조선왕조실록 관직명사전,C,
問弊,?,,,,,,조선왕조실록 관직명사전,C,
喬桐原,邑,,,,,,대전회통 이전,B,
喬桐慰諭,?,,,,,,조선왕조실록 관직명사전,C,
喬洞,,,,,,,실험팀 폴백 회수,C,
嘉和,驛,,,,栗峯道,,,,
嘉山鎭,鎭,,,,,,대전회통 병전,B,
嘉平,驛,,,,大同道,,,,
四員從五,邑,,,,,,대전회통 이전,B,
四員正三,邑,,,,,,대전회통 이전,B,
圍籬,?,,,,,,조선왕조실록 관직명사전,C,
土坡,驛,,,,栗峯道,,,,
土羅,?,,,,,,조선왕조실록 관직명사전,C,
在德,鎭堡,,,,,,대전회통 병전,B,
坎原,驛,,,,連原道,,,,
城干,驛,,,,魚川道,,,,
城津,?,,,,,,조선왕조실록 관직명사전,C,
基原,驛,,,,居山道,,,,
基川,?,,,,,,조선왕조실록 관직명사전,C,
堀火,驛,,,,黃山道,,,,
堤堰,?,,,,,,조선왕조실록 관직명사전,C,
報平,驛,,,,自如道,,,,
報恩原,邑,,,,,,대전회통 이전,B,
增若,驛,,,,栗峯道,,,,
壬海,?,,,,,,조선왕조실록 관직명사전,C,
壽康,宮闕,,,,,,궁궐명(수문장 관할),,
外怪,?,,,,,,조선왕조실록 관직명사전,C,
多大,?,,,,,,조선왕조실록 관직명사전,C,
夢熊,驛,,,,金井道,,,,
大口,,,,,,,실험팀 폴백 회수,C,
大同,?,,,,,,조선왕조실록 관직명사전,C,
大同店,?,,,,,,조선왕조실록 관직명사전,C,
大和,驛,,,,保安道,,,,
大富,驛,,,,景陽道,,,,
大山,驛,,,,自如道,,,,
大峴,?,,,,,,조선왕조실록 관직명사전,C,
大康,驛,,,,祥雲道,,,,
大昌,驛,,,,平陵道,,,,
大昌道,道,,,,,,조선왕조실록 관직명사전,C,
大朔,驛,,,,魚川道,,,,
大松,驛,,,,松羅道,,,,
大浦,?,,,,,,조선왕조실록 관직명사전,C,
大興原,邑,,,,,,대전회통 이전,B,
大邱,?,,,,,,조선왕조실록 관직명사전,C,
大都護,?,,,,,,조선왕조실록 관직명사전,C,
大隱,驛,,,,幽谷道,,,,
大靜原,邑,,,,,,대전회통 이전,B,
天城,?,,,,,,조선왕조실록 관직명사전,C,
天城堡,?,,,,,,조선왕조실록 관직명사전,C,
天城浦,鎭堡,,,,,,대전회통 병전,B,
天文,?,,,,,,조선왕조실록 관직명사전,C,
央土,驛,,,,魚川道,,,,
奉天,,,,,,,실험팀 폴백 회수,C,
奉安,驛,,,,平丘道,,,,
奉常,?,,,,,,조선왕조실록 관직명사전,C,
奉龍,驛,,,,高山道,,,,
女眞,?,,,,,,조선왕조실록 관직명사전,C,
奴谷,驛,,,,黃山道,,,,
好善,驛,,,,保安道,,,,
始興,?,,,,,,조선왕조실록 관직명사전,C,
始興原,邑,,,,,,대전회통 이전,B,
娛賓,驛,,,,平丘道,,,,
孝陵,陵,,,,,,조선왕조실록 관직명사전,C,
守令,?,,,,,,조선왕조실록 관직명사전,C,
守城,?,,,,,,조선왕조실록 관직명사전,C,
守山,驛,,,,幽谷道,,,,
安仁,驛,,,,平陵道,,,,
安保,驛,,,,保安道,,,,
安北,?,,,,,,조선왕조실록 관직명사전,C,
安原,?,,,,,,조선왕조실록 관직명사전,C,
安原堡,?,,,,,,조선왕조실록 관직명사전,C,
安城,驛,,郡,水原鎭,金郊道,,,,
安奇,驛,,,,平丘道,,,,
安定,驛,,,,大同道,,,,
安富,驛,,,,連原道,,,,
安山,驛,,郡,水原鎭,麒麟道,,,,
安島,,,,,,,실험팀 폴백 회수,C,
安平,驛,,,,慶安道,,,,
安康,,,,,,,실험팀 폴백 회수,C,
安彦,驛,,,,金泉道,,,,
安接,?,,,,,,조선왕조실록 관직명사전,C,
安撫,?,,,,,,조선왕조실록 관직명사전,C,
安昌,驛,,,,保安道,,,,
安林,驛,,,,金泉道,,,,
安樂,,,,,,,실험팀 폴백 회수,C,
安民,驛,,,,自如道,,,,
安源,?,,,,,,조선왕조실록 관직명사전,C,
安溪,驛,,,,幽谷道,,,,
安澗,驛,,,,沙斤道,,,,
安義,?,,,,,,조선왕조실록 관직명사전,C,
安興,驛,,,,大同道,,,,
安行梁,?,,,,,,조선왕조실록 관직명사전,C,
安谷,驛,,,,幽谷道,,,,
安邊原,邑,,,,,,대전회통 이전,B,
安郊,驛,,,,昌樂道,,,,
安陰,驛,,縣,晉州鎭,連原道,,,,
安陵,,,,,,,실험팀 폴백 회수,C,
宗廟,廟殿宮,,,,,,조선왕조실록 관직명사전,C,
宗簿,?,,,,,,조선왕조실록 관직명사전,C,
官栗,驛,,,,召村道,,,,
定城,,,,,,,실험팀 폴백 회수,C,
定川,,,,,,,실험팀 폴백 회수,C,
宣安,驛,,,,昌樂道,,,,
宣川原,邑,,,,,,대전회통 이전,B,
宣沙,?,,,,,,조선왕조실록 관직명사전,C,
宣沙浦,?,,,,,,조선왕조실록 관직명사전,C,
宣陵,陵,,,,,,조선왕조실록 관직명사전,C,
宿鴻,驛,,,,利仁道,,,,
寅火堡,鎭堡,,,,,,대전회통 병전,B,
寅火浦,鎭堡,,,,,,대전회통 병전 진보,B,
密直,?,,,,,,조선왕조실록 관직명사전,C,
富多,驛,,,,召村道,,,,
富居,?,,,,,,조선왕조실록 관직명사전,C,
富山,?,,,,,,조선왕조실록 관직명사전,C,
富平,驛,,都護府,水原鎭,長水道,,,,
富昌,驛,,,,保安道,,,,
富林,驛,,,,銀溪道,,,,
察民隱,?,,,,,,조선왕조실록 관직명사전,C,
寧北鎭,?,,,,,,조선왕조실록 관직명사전,C,
寧城,,,,,,,실험팀 폴백 회수,C,
寧安,驛,,,,輸城道,,,,
寧山,,,,,,,실험팀 폴백 회수,C,
寧德,,,,,,,실험팀 폴백 회수,C,
寧越原,邑,,,,,,대전회통 이전,B,
寧邊道,道,,,,,,조선왕조실록 관직명사전,C,
寧陵,陵,,,,,,조선왕조실록 관직명사전,C,
寧陽,驛,,,,安奇道,,,,
審察,?,,,,,,조선왕조실록 관직명사전,C,
審理,?,,,,,,조선왕조실록 관직명사전,C,
寶山,驛,,,,金郊道,,,,
小南,驛,,,,沙斤道,,,,
小朔,驛,,,,魚川道,,,,
小波兒,?,,,,,,조선왕조실록 관직명사전,C,
小農堡,?,,,,,,조선왕조실록 관직명사전,C,
尼城,?,,,,,,조선왕조실록 관직명사전,C,
居山,驛,,,,參禮道,,,,
居昌原,邑,,,,,,대전회통 이전,B,
屯田,?,,,,,,조선왕조실록 관직명사전,C,
山城,?,,,,,,조선왕조실록 관직명사전,C,
山城浦,?,,,,,,조선왕조실록 관직명사전,C,
山淸,?,,,,,,조선왕조실록 관직명사전,C,
山羊會,?,,,,,,조선왕조실록 관직명사전,C,
山羊會堡,?,,,,,,조선왕조실록 관직명사전,C,
山陵,?,,,,,,조선왕조실록 관직명사전,C,
山陽,驛,,,,銀溪道,,,,
山靑,,,,,,,실험팀 폴백 회수,C,
峯山,驛,,,,松羅道,,,,
崇仁,?,,,,,,조선왕조실록 관직명사전,C,
崇仁殿,廟殿宮,,,,,,능묘전 시설명,,
崇德殿,廟殿宮,,,,,,능묘전 시설명,,
崇烈殿,廟殿宮,,,,,,능묘전 시설명,,
崇節祠,廟殿宮,,,,,,능묘전 시설명,,
崇陵,陵,,,,,,조선왕조실록 관직명사전,C,
崇靈殿,廟殿宮,,,,,,능묘전 시설명,,
嵐校,驛,,,,銀溪道,,,,
嶺東,驛,,,,居山道,,,,
川原,驛,,,,參禮道,,,,
川寧,?,,,,,,조선왕조실록 관직명사전,C,
川鍊,?,,,,,,조선왕조실록 관직명사전,C,
川防,?,,,,,,조선왕조실록 관직명사전,C,
巡審,?,,,,,,조선왕조실록 관직명사전,C,
巡檢,?,,,,,,조선왕조실록 관직명사전,C,
巡衛府,?,,,,,,조선왕조실록 관직명사전,C,
巡視,?,,,,,,조선왕조실록 관직명사전,C,
左兵,?,,,,,,조선왕조실록 관직명사전,C,
左兵馬,?,,,,,,조선왕조실록 관직명사전,C,
左右,?,,,,,,조선왕조실록 관직명사전,C,
左水運,?,,,,,,조선왕조실록 관직명사전,C,
左道暗行,?,,,,,,조선왕조실록 관직명사전,C,
巨文島,?,,,,,,조선왕조실록 관직명사전,C,
巨濟原,邑,,,,,,대전회통 이전,B,
巨豐,驛,,,,祥雲道,,,,
巴水,驛,,,,自如道,,,,
常令,驛,,,,召村道,,,,
幕嶺,鎭堡,,,,,,대전회통 병전,B,
平丘,?,,,,,,조선왕조실록 관직명사전,C,
平南,?,,,,,,조선왕조실록 관직명사전,C,
平原,驛,,,,高山道,,,,
平壞,,,,,,,실험팀 폴백 회수,C,
平壤道,道,,,,,,조선왕조실록 관직명사전,C,
平安,驛,,,,保安道,,,,
平安中道,道,,,,,,조선왕조실록 관직명사전,C,
平安北道,道,,,,,,조선왕조실록 관직명사전,C,
平安南道,道,,,,,,조선왕조실록 관직명사전,C,
平安東道,道,,,,,,조선왕조실록 관직명사전,C,
平安東都,?,,,,,,조선왕조실록 관직명사전,C,
平安西道,道,,,,,,조선왕조실록 관직명사전,C,
平居,驛,,,,召村道,,,,
平川,驛,,,,成歡道,,,,
平恩,驛,,,,昌樂道,,,,
平沙,驛,,,,沙斤道,,,,
平浦,驛,,,,居山道,,,,
平浦道,道,,,,,,조선왕조실록 관직명사전,C,
平田,驛,,,,魚川道,,,,
平薪,?,,,,,,조선왕조실록 관직명사전,C,
平陵,?,,,,,,조선왕조실록 관직명사전,C,
幽山,驛,,,,省峴道,,,,
幽曲,?,,,,,,조선왕조실록 관직명사전,C,
幽洞,驛,,,,昌樂道,,,,
幽谷,?,,,,,,조선왕조실록 관직명사전,C,
庇人,?,,,,,,조선왕조실록 관직명사전,C,
庇安,,,,,,,실험팀 폴백 회수,C,
府尹,?,,,,,,조선왕조실록 관직명사전,C,
康福,驛,,,,良才道,,,,
康翊,,,,,,,실험팀 폴백 회수,C,
康陵,陵,,,,,,조선왕조실록 관직명사전,C,
廟洞,?,,,,,,조선왕조실록 관직명사전,C,
廢茂山,鎭堡,,,,,,대전회통 병전,B,
廣坪,?,,,,,,조선왕조실록 관직명사전,C,
廣城堡,?,,,,,,조선왕조실록 관직명사전,C,
廣城津,?,,,,,,조선왕조실록 관직명사전,C,
廣平,鎭堡,,,,,,대전회통 병전,B,
廣梁,?,,,,,,조선왕조실록 관직명사전,C,
廣程,驛,,,,成歡道,,,,
延山,?,,,,,,조선왕조실록 관직명사전,C,
延平,驛,,,,保安道,,,,
延恩殿,廟殿宮,,,,,,능묘전 시설명,,
延春,驛,,,,成歡道,,,,
延曙,?,,,,,,조선왕조실록 관직명사전,C,
延祜宮,園,,,,,,능묘전 시설명,,
延豊,?,,,,,,조선왕조실록 관직명사전,C,
延陽,驛,,,,麒麟道,,,,
延香,驛,,,,幽谷道,,,,
引月,驛,,,,獒樹道,,,,
弘陵,陵,,,,,,능묘전 시설명,,
張興,?,,,,,,조선왕조실록 관직명사전,C,
彌串,?,,,,,,조선왕조실록 관직명사전,C,
彌串鎭,?,,,,,,조선왕조실록 관직명사전,C,
彌助項,?,,,,,,조선왕조실록 관직명사전,C,
彌助項鎭,鎭,,,,,,대전회통 병전,B,
徙民,?,,,,,,조선왕조실록 관직명사전,C,
從五品,邑,,,,,,대전회통 이전,B,
從浦,驛,,,,魚川道,,,,
復設,邑,,,,,,대전회통 이전,B,
德原,,,,,,,실험팀 폴백 회수,C,
德壽,宮闕,,,,,,궁궐명(수문장 관할),,
德奇,驛,,,,景陽道,,,,
德寧,?,,,,,,조선왕조실록 관직명사전,C,
德山,驛,,縣,洪州鎭,高山道,,,,
德山原,邑,,,,,,대전회통 이전,B,
德恩,?,,,,,,조선왕조실록 관직명사전,C,
德新,驛,,,,召村道,,,,
德明,驛,,,,輸城道,,,,
德泉,驛,,,,黃山道,,,,
德津,?,,,,,,조선왕조실록 관직명사전,C,
德浦,?,,,,,,조선왕조실록 관직명사전,C,
德浦鎭,鎭,,,,,,대전회통 병전,B,
德神,驛,,,,平陵道,,,,
德積,?,,,,,,조선왕조실록 관직명사전,C,
德豐,驛,,,,慶安道,,,,
德通,驛,,,,幽谷道,,,,
德陽,驛,,,,獒樹道,,,,
德驛,驛,,,,栗峯道,,,,
徽慶園,園,,,,,,능묘전 시설명,,
徽陵,陵,,,,,,조선왕조실록 관직명사전,C,
忠公,?,,,,,,조선왕조실록 관직명사전,C,
忠公道,道,,,,,,조선왕조실록 관직명사전,C,
忠勳,?,,,,,,조선왕조실록 관직명사전,C,
忠北,?,,,,,,조선왕조실록 관직명사전,C,
忠原,?,,,,,,조선왕조실록 관직명사전,C,
忠情,?,,,,,,조선왕조실록 관직명사전,C,
忠洪,?,,,,,,조선왕조실록 관직명사전,C,
忠洪道,道,,,,,,조선왕조실록 관직명사전,C,
忠淸,?,,,,,,조선왕조실록 관직명사전,C,
忠淸兵,?,,,,,,조선왕조실록 관직명사전,C,
忠淸北道,道,,,,,,조선왕조실록 관직명사전,C,
忠淸南道,道,,,,,,조선왕조실록 관직명사전,C,
忠淸南都,?,,,,,,조선왕조실록 관직명사전,C,
忠淸右道,道,,,,,,조선왕조실록 관직명사전,C,
忠淸左道,道,,,,,,조선왕조실록 관직명사전,C,
忠義衛,?,,,,,,조선왕조실록 관직명사전,C,
忠翊府,?,,,,,,조선왕조실록 관직명사전,C,
思陵,陵,,,,,,능묘전 시설명,,
恃寨,?,,,,,,조선왕조실록 관직명사전,C,
恩山,驛,,,,利仁道,,,,
恩律,,,,,,,실험팀 폴백 회수,C,
恭安,?,,,,,,조선왕조실록 관직명사전,C,
恭陵,陵,,,,,,조선왕조실록 관직명사전,C,
惟新,?,,,,,,조선왕조실록 관직명사전,C,
惟鳩,驛,,,,成歡道,,,,
惠山,?,,,,,,조선왕조실록 관직명사전,C,
惠民,?,,,,,,조선왕조실록 관직명사전,C,
惠陵,陵,,,,,,조선왕조실록 관직명사전,C,
慈仁,?,,,,,,조선왕조실록 관직명사전,C,
慈山原,邑,,,,,,대전회통 이전,B,
慶信,驛,,,,重林道,,,,
慶基殿,廟殿宮,,,,,,조선왕조실록 관직명사전,C,
慶安,?,,,,,,조선왕조실록 관직명사전,C,
慶尙,?,,,,,,조선왕조실록 관직명사전,C,
慶尙北道,道,,,,,,조선왕조실록 관직명사전,C,
慶尙南道,道,,,,,,조선왕조실록 관직명사전,C,
慶尙都,?,,,,,,조선왕조실록 관직명사전,C,
慶昌,?,,,,,,조선왕조실록 관직명사전,C,
慶熙,宮闕,,,,,,궁궐명(수문장 관할),,
慶運,宮闕,,,,,,궁궐명(수문장 관할),,
應嶺,驛,,,,獒樹道,,,,
懷綏,驛,,,,輸城道,,,,
懿寧園,園,,,,,,조선왕조실록 관직명사전,C,
懿陵,陵,,,,,,조선왕조실록 관직명사전,C,
成均館,?,,,,,,조선왕조실록 관직명사전,C,
成天,?,,,,,,조선왕조실록 관직명사전,C,
成歡,?,,,,,,조선왕조실록 관직명사전,C,
所串,驛,,,,麒麟道,,,,
所古,驛,,,,魚川道,,,,
所坪,驛,,,,麒麟道,,,,
所川,驛,,,,濟原道,,,,
所己,?,,,,,,조선왕조실록 관직명사전,C,
所斤,?,,,,,,조선왕조실록 관직명사전,C,
所斤鎭,?,,,,,,조선왕조실록 관직명사전,C,
所江,?,,,,,,조선왕조실록 관직명사전,C,
所非浦,?,,,,,,조선왕조실록 관직명사전,C,
扈衛,?,,,,,,조선왕조실록 관직명사전,C,
扈衞,?,,,,,,조선왕조실록 관직명사전,C,
扞城,,,,,,,실험팀 폴백 회수,C,
扶興,驛,,,,參禮道,,,,
扶雙,驛,,,,金泉道,,,,
承寧府,?,,,,,,조선왕조실록 관직명사전,C,
承旨,?,,,,,,조선왕조실록 관직명사전,C,
押粱,驛,,,,長水道,,,,
按察,?,,,,,,조선왕조실록 관직명사전,C,
按撫,?,,,,,,조선왕조실록 관직명사전,C,
按決,?,,,,,,조선왕조실록 관직명사전,C,
掌令,?,,,,,,조선왕조실록 관직명사전,C,
掌務,?,,,,,,조선왕조실록 관직명사전,C,
掌牲,?,,,,,,조선왕조실록 관직명사전,C,
採紅駿,?,,,,,,조선왕조실록 관직명사전,C,
採訪,?,,,,,,조선왕조실록 관직명사전,C,
推刷,?,,,,,,조선왕조실록 관직명사전,C,
提川,,,,,,,실험팀 폴백 회수,C,
揚川,驛,,,,金泉道,,,,
揚州,,,,,,,실험팀 폴백 회수,C,
搜檢,?,,,,,,조선왕조실록 관직명사전,C,
搜銀,?,,,,,,조선왕조실록 관직명사전,C,
摘奸,?,,,,,,조선왕조실록 관직명사전,C,
摠戎,?,,,,,,조선왕조실록 관직명사전,C,
撫安,驛,,,,輸城道,,,,
撫寧,驛,,,,輸城道,,,,
撫諭,?,,,,,,조선왕조실록 관직명사전,C,
撿毛浦,?,,,,,,조선왕조실록 관직명사전,C,
擧行,?,,,,,,조선왕조실록 관직명사전,C,
故,?,,,,,,조선왕조실록 관직명사전,C,
敦寧,?,,,,,,조선왕조실록 관직명사전,C,
敬天,驛,,,,金郊道,,,,
敬陵,陵,,,,,,조선왕조실록 관직명사전,C,
文和,驛,,,,召村道,,,,
文城,?,,,,,,조선왕조실록 관직명사전,C,
文居,驛,,,,安奇道,,,,
文山,驛,,,,金泉道,,,,
文昭殿,廟殿宮,,,,,,조선왕조실록 관직명사전,C,
文書,?,,,,,,조선왕조실록 관직명사전,C,
文殊,?,,,,,,조선왕조실록 관직명사전,C,
文羅,驛,,,,麒麟道,,,,
斜麽洞,?,,,,,,조선왕조실록 관직명사전,C,
新,?,,,,,,조선왕조실록 관직명사전,C,
新安,驛,,,,銀溪道,,,,
新恩,驛,,,,成歡道,,,,
新明,驛,,,,黃山道,,,,
新津,驛,,,,慶安道,,,,
新興,驛,,,,麒麟道,,,,
新行,驛,,,,靑丹道,,,,
新谷,驛,,,,利仁道,,,,
新豐,驛,,,,連原道,,,,
新門,?,,,,,,조선왕조실록 관직명사전,C,
方山,驛,,,,魚川道,,,,
方川,驛,,,,銀溪道,,,,
方林,驛,,,,保安道,,,,
於汀,?,,,,,,조선왕조실록 관직명사전,C,
於蘭,?,,,,,,조선왕조실록 관직명사전,C,
施利,驛,,,,居山道,,,,
旋義,,,,,,,실험팀 폴백 회수,C,
旌義原,邑,,,,,,대전회통 이전,B,
旗牌,?,,,,,,조선왕조실록 관직명사전,C,
日新,驛,,,,成歡道,,,,
日興,驛,,,,時興道,,,,
昇天,鎭堡,,,,,,대전회통 병전 진보,B,
昇天堡,鎭堡,,,,,,대전회통 병전,B,
昌仁,驛,,,,自如道,,,,
昌保,驛,,,,昌樂道,,,,
昌原原,邑,,,,,,대전회통 이전,B,
昌州,驛,,,,魚川道,,,,
昌德,宮闕,,,,時興道,,,,
昌慶,宮闕,,,,,,궁궐명(수문장 관할),,
昌新,驛,,,,景陽道,,,,
昌樂,?,,,,,,조선왕조실록 관직명사전,C,
昌洲,?,,,,,,조선왕조실록 관직명사전,C,
昌活,驛,,,,獒樹道,,,,
昌源,,,,,,,실험팀 폴백 회수,C,
昌道,驛,,,,銀溪道,,,,
昌陵,陵,,,,,,조선왕조실록 관직명사전,C,
明原,驛,,,,居山道,,,,
明川原,邑,,,,,,대전회통 이전,B,
明州,,,,,,,실험팀 폴백 회수,C,
明月,?,,,,,,조선왕조실록 관직명사전,C,
明月浦,鎭堡,,,,,,대전회통 병전,B,
明破,驛,,,,祥雲道,,,,
明陵,陵,,,,,,조선왕조실록 관직명사전,C,
星奇,驛,,,,金泉道,,,,
星山,?,,,,,,조선왕조실록 관직명사전,C,
星川,,,,,,,실험팀 폴백 회수,C,
春谷,驛,,,,自如道,,,,
昭寧園,園,,,,,,능묘전 시설명,,
昭敬殿,?,,,,,,조선왕조실록 관직명사전,C,
時化,驛,,,,栗峯道,,,,
時興,?,,,,,,조선왕조실록 관직명사전,C,
晉陽,?,,,,,,조선왕조실록 관직명사전,C,
晋州,?,,,,,,조선왕조실록 관직명사전,C,
普州,?,,,,,,조선왕조실록 관직명사전,C,
景慕宮,廟殿宮,,,,,,조선왕조실록 관직명사전,C,
景申,驛,,,,靑巖道,,,,
景福,宮闕,,,,,,궁궐명(수문장 관할),,
景陵,陵,,,,,,능묘전 시설명,,
景陽,?,,,,,,조선왕조실록 관직명사전,C,
晴川,?,,,,,,조선왕조실록 관직명사전,C,
智島,鎭堡,,,,,,대전회통 병전 진보,B,
智陵,?,,,,,,조선왕조실록 관직명사전,C,
曲城,,,,,,,실험팀 폴백 회수,C,
曲浦,?,,,,,,조선왕조실록 관직명사전,C,
曲阜,,,,,,,실험팀 폴백 회수,C,
更審,?,,,,,,조선왕조실록 관직명사전,C,
書寫官,?,,,,,,조선왕조실록 관직명사전,C,
書雲,?,,,,,,조선왕조실록 관직명사전,C,
會令鎭,?,,,,,,조선왕조실록 관직명사전,C,
會同,驛,,,,栗峯道,,,,
月串,?,,,,,,조선왕조실록 관직명사전,C,
月松浦,?,,,,,,조선왕조실록 관직명사전,C,
有麟,驛,,,,沙斤道,,,,
朔安,驛,,,,高山道,,,,
朔川,?,,,,,,조선왕조실록 관직명사전,C,
望昌,驛,,,,松羅道,,,,
望汀,驛,,,,靑丹道,,,,
朝珍,驛,,,,祥雲道,,,,
朝驛,驛,,,,長水道,,,,
朝鮮,,,,,,,실험팀 폴백 회수,C,
木界,驛,,,,平陵道,,,,
本州,?,,,,,,조선왕조실록 관직명사전,C,
本府,?,,,,,,조선왕조실록 관직명사전,C,
本鎭,?,,,,,,조선왕조실록 관직명사전,C,
朱村,驛,,,,輸城道,,,,
朴山,驛,,,,麒麟道,,,,
杆城鎭,?,,,,,,조선왕조실록 관직명사전,C,
東坡,驛,,,,迎曙道,,,,
東安,驛,,,,金泉道,,,,
東林,?,,,,,,조선왕조실록 관직명사전,C,
東溪,驛,,,,召村道,,,,
東窯,?,,,,,,조선왕조실록 관직명사전,C,
東萊原,邑,,,,,,대전회통 이전,B,
東萊鎭,鎭,,,,,,대전회통 병전,B,
東道,驛,,,,獒樹道,,,,
東部,?,,,,,,조선왕조실록 관직명사전,C,
東里,?,,,,,,조선왕조실록 관직명사전,C,
東面,?,,,,,,조선왕조실록 관직명사전,C,
松京,?,,,,,,조선왕조실록 관직명사전,C,
松羅,?,,,,,,조선왕조실록 관직명사전,C,
松蹄,驛,,,,安奇道,,,,
松道,驛,,,,召村道,,,,
林丹,驛,,,,銀溪道,,,,
林川,驛,,郡,公州鎭,銀溪道,,,,
林畔,驛,,,,大同道,,,,
林谷,驛,,,,參禮道,,,,
架山,?,,,,,,조선왕조실록 관직명사전,C,
柄谷,驛,,,,松羅道,,,,
柒原,?,,,,,,조선왕조실록 관직명사전,C,
柒谷,?,,,,,,조선왕조실록 관직명사전,C,
柔遠,?,,,,,,조선왕조실록 관직명사전,C,
査定,?,,,,,,조선왕조실록 관직명사전,C,
査陳,?,,,,,,조선왕조실록 관직명사전,C,
栗元,驛,,,,沙斤道,,,,
栗峯,?,,,,,,조선왕조실록 관직명사전,C,
栗峰,?,,,,,,조선왕조실록 관직명사전,C,
栗峰道,道,,,,,,조선왕조실록 관직명사전,C,
栗浦,?,,,,,,조선왕조실록 관직명사전,C,
校理,?,,,,,,조선왕조실록 관직명사전,C,
桃源,?,,,,,,조선왕조실록 관직명사전,C,
案覈,?,,,,,,조선왕조실록 관직명사전,C,
梁文,驛,,,,平丘道,,,,
梁永萬洞,?,,,,,,조선왕조실록 관직명사전,C,
梨洞,鎭堡,,,,,,대전회통 병전 진보,B,
梨津,?,,,,,,조선왕조실록 관직명사전,C,
森森坡,?,,,,,,조선왕조실록 관직명사전,C,
植松,鎭堡,,,,,,대전회통 병전,B,
椒島,?,,,,,,조선왕조실록 관직명사전,C,
楊下,?,,,,,,조선왕조실록 관직명사전,C,
楊原,驛,,,,金泉道,,,,
楊川,,,,,,,실험팀 폴백 회수,C,
楊廣道,道,,,,,,조선왕조실록 관직명사전,C,
楊江,驛,,,,碧沙道,,,,
楊淵,驛,,,,保安道,,,,
楊花,驛,,,,慶安道,,,,
楊花鎭,?,,,,,,조선왕조실록 관직명사전,C,
楚山,?,,,,,,조선왕조실록 관직명사전,C,
楚山原,邑,,,,,,대전회통 이전,B,
楚山鎭,鎭,,,,,,대전회통 병전,B,
楡川,驛,,,,省峴道,,,,
楡楊,驛,,,,利仁道,,,,
榮安北道,道,,,,,,조선왕조실록 관직명사전,C,
榮州,,,,,,,실험팀 폴백 회수,C,
榮陽,,,,,,,실험팀 폴백 회수,C,
槍浦,?,,,,,,조선왕조실록 관직명사전,C,
樂生,驛,,,,良才道,,,,
樂豐,驛,,,,平陵道,,,,
機長,,,,,,,실험팀 폴백 회수,C,
橫川,?,,,,,,조선왕조실록 관직명사전,C,
橫浦,驛,,,,沙斤道,,,,
橫溪,驛,,,,保安道,,,,
檢督,?,,,,,,조선왕조실록 관직명사전,C,
櫟山,驛,,,,輸城道,,,,
正守,驛,,,,沙斤道,,,,
正方,?,,,,,,조선왕조실록 관직명사전,C,
正谷,驛,,,,沙斤道,,,,
歷代始祖殿,廟殿宮,,,,,,능묘전 시설명,,
殺手,?,,,,,,조선왕조실록 관직명사전,C,
毓祥宮,廟殿宮,,,,,,능묘전 시설명,,
毛良,驛,,,,長水道,,,,
水下,?,,,,,,조선왕조실록 관직명사전,C,
水仁,驛,,,,銀溪道,,,,
水使兼,邑,,,,,,대전회통 이전,B,
水口,?,,,,,,조선왕조실록 관직명사전,C,
水同,?,,,,,,조선왕조실록 관직명사전,C,
水安,驛,,,,省峴道,,,,
水山,驛,,,,連原道,,,,
水源,,,,,,,실험팀 폴백 회수,C,
水站,?,,,,,,조선왕조실록 관직명사전,C,
水運,?,,,,,,조선왕조실록 관직명사전,C,
永保,驛,,,,靑巖道,,,,
永安,?,,,,,,조선왕조실록 관직명사전,C,
永安都,?,,,,,,조선왕조실록 관직명사전,C,
永宗,?,,,,,,조선왕조실록 관직명사전,C,
永寧殿,廟殿宮,,,,,,능묘전 시설명,,
永崇殿,?,,,,,,조선왕조실록 관직명사전,C,
永平原,邑,,,,,,대전회통 이전,B,
永徽殿,?,,,,,,조선왕조실록 관직명사전,C,
永懷園,園,,,,,,조선왕조실록 관직명사전,C,
永昌,驛,,,,召村道,,,,
永昌殿,?,,,,,,조선왕조실록 관직명사전,C,
永有,?,,,,,,조선왕조실록 관직명사전,C,
永申,驛,,,,靑巖道,,,,
永登,?,,,,,,조선왕조실록 관직명사전,C,
永禧殿,廟殿宮,,,,,,조선왕조실록 관직명사전,C,
永興原,邑,,,,,,대전회통 이전,B,
永葇,?,,,,,,조선왕조실록 관직명사전,C,
永豐,,,,,,,실험팀 폴백 회수,C,
永達,鎭堡,,,,,,대전회통 병전,B,
永陵,陵,,,,,,조선왕조실록 관직명사전,C,
江原,?,,,,,,조선왕조실록 관직명사전,C,
江春,?,,,,,,조선왕조실록 관직명사전,C,
江春道,道,,,,,,조선왕조실록 관직명사전,C,
江津,,,,,,,실험팀 폴백 회수,C,
江源道,道,,,,,,조선왕조실록 관직명사전,C,
江華島,?,,,,,,조선왕조실록 관직명사전,C,
江華鎭,?,,,,,,조선왕조실록 관직명사전,C,
江襄,?,,,,,,조선왕조실록 관직명사전,C,
江襄道,道,,,,,,조선왕조실록 관직명사전,C,
江邊,,,,,,,실험팀 폴백 회수,C,
江陵道,道,,,,,,조선왕조실록 관직명사전,C,
江陽,驛,,,,輸城道,,,,
汲泉,驛,,,,時興道,,,,
沃原,驛,,,,平陵道,,,,
沙斤,?,,,,,,조선왕조실록 관직명사전,C,
沙里,驛,,,,長水道,,,,
河東原,邑,,,,,,대전회통 이전,B,
治腫,?,,,,,,조선왕조실록 관직명사전,C,
泉南,驛,,,,連原道,,,,
泉甘,驛,,,,保安道,,,,
法聖,?,,,,,,조선왕조실록 관직명사전,C,
波靑,驛,,,,碧沙道,,,,
泥城,?,,,,,,조선왕조실록 관직명사전,C,
泥城道,道,,,,,,조선왕조실록 관직명사전,C,
注文島,?,,,,,,조선왕조실록 관직명사전,C,
泰陵,陵,,,,,,조선왕조실록 관직명사전,C,
泳興,?,,,,,,조선왕조실록 관직명사전,C,
洛平,驛,,,,幽谷道,,,,
洛昇,驛,,,,碧沙道,,,,
洛東,驛,,,,幽谷道,,,,
洛水,驛,,,,獒樹道,,,,
洛源,驛,,,,幽谷道,,,,
洛西,驛,,,,幽谷道,,,,
洛陽,驛,,,,幽谷道,,,,
洞仙,驛,,,,金郊道,,,,
洪忠,?,,,,,,조선왕조실록 관직명사전,C,
洪忠道,道,,,,,,조선왕조실록 관직명사전,C,
洪淸,?,,,,,,조선왕조실록 관직명사전,C,
洪源,,,,,,,실험팀 폴백 회수,C,
洪陵,陵,,,,,,조선왕조실록 관직명사전,C,
洪陽,?,,,,,,조선왕조실록 관직명사전,C,
浣沙,驛,,,,召村道,,,,
海州牧,?,,,,,,조선왕조실록 관직명사전,C,
海珍,?,,,,,,조선왕조실록 관직명사전,C,
海豐,?,,,,,,조선왕조실록 관직명사전,C,
海運,?,,,,,,조선왕조실록 관직명사전,C,
海運浦,?,,,,,,조선왕조실록 관직명사전,C,
海道,道,,,,,,조선왕조실록 관직명사전,C,
海門,驛,,,,金井道,,,,
海領,?,,,,,,조선왕조실록 관직명사전,C,
淑陵,?,,,,,,조선왕조실록 관직명사전,C,
深洞,驛,,,,靑丹道,,,,
淸公道,道,,,,,,조선왕조실록 관직명사전,C,
淸北,?,,,,,,조선왕조실록 관직명사전,C,
淸南,?,,,,,,조선왕조실록 관직명사전,C,
淸城,?,,,,,,조선왕조실록 관직명사전,C,
淸州牧,?,,,,,,조선왕조실록 관직명사전,C,
淸景,驛,,,,長水道,,,,
淸水,?,,,,,,조선왕조실록 관직명사전,C,
淸江,?,,,,,,조선왕조실록 관직명사전,C,
淸洪,?,,,,,,조선왕조실록 관직명사전,C,
淸洪道,道,,,,,,조선왕조실록 관직명사전,C,
淸澗,驛,,,,祥雲道,,,,
淸風原,邑,,,,,,대전회통 이전,B,
渭川,驛,,,,黃山道,,,,
渭源,?,,,,,,조선왕조실록 관직명사전,C,
湍川,,,,,,,실험팀 폴백 회수,C,
湖南右道,道,,,,,,조선왕조실록 관직명사전,C,
湖南左道,道,,,,,,조선왕조실록 관직명사전,C,
湖西右道,道,,,,,,조선왕조실록 관직명사전,C,
湘水,驛,,,,桃源道,,,,
溫井,驛,,,,省峴道,,,,
溫水,?,,,,,,조선왕조실록 관직명사전,C,
溫陵,陵,,,,,,조선왕조실록 관직명사전,C,
滿浦,驛,,,,魚川道,,,,
漁川,?,,,,,,조선왕조실록 관직명사전,C,
漆谷,?,,,,,,조선왕조실록 관직명사전,C,
漆谷增,邑,,,,,,대전회통 이전,B,
漕運,?,,,,,,조선왕조실록 관직명사전,C,
漢城,?,,,,,,조선왕조실록 관직명사전,C,
潺水,驛,,,,獒樹道,,,,
潼關,?,,,,,,조선왕조실록 관직명사전,C,
濟人,驛,,,,居山道,,,,
濟原,?,,,,,,조선왕조실록 관직명사전,C,
濟川,,,,,,,실험팀 폴백 회수,C,
濟州道,道,,,,,,조선왕조실록 관직명사전,C,
濟源,?,,,,,,조선왕조실록 관직명사전,C,
濟物,?,,,,,,조선왕조실록 관직명사전,C,
濟用,?,,,,,,조선왕조실록 관직명사전,C,
濬源殿,?,,,,,,조선왕조실록 관직명사전,C,
瀋陽,,,,,,,실험팀 폴백 회수,C,
瀛原,驛,,,,參禮道,,,,
火燈,驛,,,,高山道,,,,
烏原,驛,,,,參禮道,,,,
烏壤,驛,,,,召村道,,,,
烏林,驛,,,,靑巖道,,,,
無極,驛,,,,良才道,,,,
無訖,驛,,,,省峴道,,,,
熊天,?,,,,,,조선왕조실록 관직명사전,C,
熊耳,驛,,,,居山道,,,,
熙天,?,,,,,,조선왕조실록 관직명사전,C,
燕基,驛,,,,輸城道,,,,
燕崎,?,,,,,,조선왕조실록 관직명사전,C,
營山,?,,,,,,조선왕조실록 관직명사전,C,
牙山浦,?,,,,,,조선왕조실록 관직명사전,C,
牛場,驛,,,,魚川道,,,,
牛峰,?,,,,,,조선왕조실록 관직명사전,C,
牛峴,?,,,,,,조선왕조실록 관직명사전,C,
牛峴鎭,?,,,,,,조선왕조실록 관직명사전,C,
牛谷,驛,,,,長水道,,,,
狄餘,驛,,,,魚川道,,,,
狻猊,驛,,,,迎曙道,,,,
猪山,驛,,,,栗峯道,,,,
獒樹,?,,,,,,조선왕조실록 관직명사전,C,
獜蹄,,,,,,,실험팀 폴백 회수,C,
獻陵,陵,,,,,,조선왕조실록 관직명사전,C,
玉包,驛,,,,濟原道,,,,
玉江,?,,,,,,조선왕조실록 관직명사전,C,
玉洞,驛,,,,銀溪道,,,,
玉溪,驛,,,,桃源道,,,,
珍城,?,,,,,,조선왕조실록 관직명사전,C,
珍富,驛,,,,保安道,,,,
珍寶,,,,,,,실험팀 폴백 회수,C,
琴召,驛,,,,安奇道,,,,
琴川,驛,,,,金泉道,,,,
瑞原,,,,,,,실험팀 폴백 회수,C,
瑞雲,驛,,,,銀溪道,,,,
璿源殿,廟殿宮,,,,,,조선왕조실록 관직명사전,C,
瓮泉,驛,,,,昌樂道,,,,
瓮津原,邑,,,,,,대전회통 이전,B,
甁山,,,,,,,실험팀 폴백 회수,C,
甕津,?,,,,,,조선왕조실록 관직명사전,C,
甘泉,驛,,,,平丘道,,,,
生昌,驛,,,,銀溪道,,,,
生陽,驛,,,,大同道,,,,
用安,驛,,,,連原道,,,,
甫乙下,?,,,,,,조선왕조실록 관직명사전,C,
甫乙下鎭,?,,,,,,조선왕조실록 관직명사전,C,
田民,驛,,,,栗峯道,,,,
田谷,驛,,,,平丘道,,,,
由原,驛,,,,保安道,,,,
甲巖,?,,,,,,조선왕조실록 관직명사전,C,
甲州,?,,,,,,조선왕조실록 관직명사전,C,
申安,驛,,,,靑巖道,,,,
留春,驛,,,,慶安道,,,,
畿邑,,,,,,,실험팀 폴백 회수,C,
畿驛,?,,,,,,조선왕조실록 관직명사전,C,
登山,?,,,,,,조선왕조실록 관직명사전,C,
登路,驛,,,,祥雲道,,,,
白冬,驛,,,,平丘道,,,,
白峙,?,,,,,,조선왕조실록 관직명사전,C,
白嶺,驛,,,,桃源道,,,,
白翎,?,,,,,,조선왕조실록 관직명사전,C,
白翎鎭,鎭,,,,,,대전회통 병전,B,
白馬山城,?,,,,,,조선왕조실록 관직명사전,C,
益申,驛,,,,獒樹道,,,,
監察,?,,,,,,조선왕조실록 관직명사전,C,
監賬,?,,,,,,조선왕조실록 관직명사전,C,
監運,?,,,,,,조선왕조실록 관직명사전,C,
盤乳,驛,,,,重林道,,,,
直木,驛,,,,銀溪道,,,,
省峴,?,,,,,,조선왕조실록 관직명사전,C,
省法,驛,,,,自如道,,,,
省草,驛,,,,金泉道,,,,
眈羅,?,,,,,,조선왕조실록 관직명사전,C,
眞木,驛,,,,麒麟道,,,,
督餉,?,,,,,,조선왕조실록 관직명사전,C,
睿陵,陵,,,,,,조선왕조실록 관직명사전,C,
矜川,,,,,,,실험팀 폴백 회수,C,
知保,驛,,,,幽谷道,,,,
知南,驛,,,,召村道,,,,
知申,驛,,,,獒樹道,,,,
石堡,驛,,,,輸城道,,,,
石谷,驛,,,,重林道,,,,
砲手,?,,,,,,조선왕조실록 관직명사전,C,
碧呑,驛,,,,保安道,,,,
碧團,驛,,,,魚川道,,,,
碧沙,?,,,,,,조선왕조실록 관직명사전,C,
碧溪,驛,,,,沙斤道,,,,
碧蹄,驛,,,,迎曙道,,,,
礪山原,邑,,,,,,대전회통 이전,B,
社稷,?,,,,,,조선왕조실록 관직명사전,C,
神光,?,,,,,,조선왕조실록 관직명사전,C,
神林,驛,,,,保安道,,,,
祥雲,?,,,,,,조선왕조실록 관직명사전,C,
禁府,?,,,,,,조선왕조실록 관직명사전,C,
禁衛,?,,,,,,조선왕조실록 관직명사전,C,
福建,?,,,,,,조선왕조실록 관직명사전,C,
禧陵,陵,,,,,,조선왕조실록 관직명사전,C,
禮貌官,?,,,,,,조선왕조실록 관직명사전,C,
禮賓,?,,,,,,조선왕조실록 관직명사전,C,
禿城,?,,,,,,조선왕조실록 관직명사전,C,
禿用,?,,,,,,조선왕조실록 관직명사전,C,
禿用鎭,?,,,,,,조선왕조실록 관직명사전,C,
秋豐,驛,,,,金泉道,,,,
程驛,?,,,,,,조선왕조실록 관직명사전,C,
種城,?,,,,,,조선왕조실록 관직명사전,C,
穆淸殿,?,,,,,,조선왕조실록 관직명사전,C,
穆陵,陵,,,,,,조선왕조실록 관직명사전,C,
積生,驛,,,,居山道,,,,
突山,?,,,,,,조선왕조실록 관직명사전,C,
立石,驛,,,,魚川道,,,,
站路,?,,,,,,조선왕조실록 관직명사전,C,
章陵,陵,,,,,,조선왕조실록 관직명사전,C,
童蒙,?,,,,,,조선왕조실록 관직명사전,C,
童關鎭,?,,,,,,조선왕조실록 관직명사전,C,
端川原,邑,,,,,,대전회통 이전,B,
端川鎭,鎭,,,,,,대전회통 병전,B,
端州,?,,,,,,조선왕조실록 관직명사전,C,
竹山原,邑,,,,,,대전회통 이전,B,
竹州,?,,,,,,조선왕조실록 관직명사전,C,
竹泡,驛,,,,祥雲道,,,,
竹洞,驛,,,,昌樂道,,,,
笠巖,?,,,,,,조선왕조실록 관직명사전,C,
築城,?,,,,,,조선왕조실록 관직명사전,C,
籃浦,?,,,,,,조선왕조실록 관직명사전,C,
籃浦鎭,?,,,,,,조선왕조실록 관직명사전,C,
籍田,?,,,,,,조선왕조실록 관직명사전,C,
純陵,?,,,,,,조선왕조실록 관직명사전,C,
終浦,驛,,,,居山道,,,,
終生,驛,,,,重林道,,,,
綏吉園,園,,,,,,능묘전 시설명,,
綏慶園,園,,,,,,능묘전 시설명,,
綏陵,陵,,,,,,조선왕조실록 관직명사전,C,
綠山,驛,,,,碧沙道,,,,
綠楊,驛,,,,平丘道,,,,
綠沙,驛,,,,靑巖道,,,,
維安,驛,,,,靑丹道,,,,
維新,,,,,,,실험팀 폴백 회수,C,
綾州,?,,,,,,조선왕조실록 관직명사전,C,
綾州原,邑,,,,,,대전회통 이전,B,
總戎,?,,,,,,조선왕조실록 관직명사전,C,
繕工,?,,,,,,조선왕조실록 관직명사전,C,
羅暖,?,,,,,,조선왕조실록 관직명사전,C,
羅里浦,?,,,,,,조선왕조실록 관직명사전,C,
美錢,?,,,,,,조선왕조실록 관직명사전,C,
群山,?,,,,,,조선왕조실록 관직명사전,C,
群山鎭,?,,,,,,조선왕조실록 관직명사전,C,
義勇衛,?,,,,,,조선왕조실록 관직명사전,C,
義州原,邑,,,,,,대전회통 이전,B,
義州道,道,,,,,,조선왕조실록 관직명사전,C,
義禁府,?,,,,,,조선왕조실록 관직명사전,C,
義谷,驛,,,,長水道,,,,
義順,驛,,,,大同道,,,,
翼陵,陵,,,,,,조선왕조실록 관직명사전,C,
老梁,?,,,,,,조선왕조실록 관직명사전,C,
老江,?,,,,,,조선왕조실록 관직명사전,C,
耽津浦,?,,,,,,조선왕조실록 관직명사전,C,
聊城,驛,,,,幽谷道,,,,
聰明,?,,,,,,조선왕조실록 관직명사전,C,
肅天,?,,,,,,조선왕조실록 관직명사전,C,
肅寧,驛,,,,大同道,,,,
肅州,,,,,,,실험팀 폴백 회수,C,
肇慶廟,廟殿宮,,,,,,능묘전 시설명,,
肝谷,驛,,,,黃山道,,,,
背屯,驛,,,,召村道,,,,
背梁,?,,,,,,조선왕조실록 관직명사전,C,
臨坡,?,,,,,,조선왕조실록 관직명사전,C,
臨水,驛,,,,沙斤道,,,,
臨江,?,,,,,,조선왕조실록 관직명사전,C,
臨淄,?,,,,,,조선왕조실록 관직명사전,C,
臨溟,驛,,,,居山道,,,,
臨溪,驛,,,,保安道,,,,
臨緇,?,,,,,,조선왕조실록 관직명사전,C,
自作仇非,?,,,,,,조선왕조실록 관직명사전,C,
自如,?,,,,,,조선왕조실록 관직명사전,C,
興世,驛,,,,時興道,,,,
興富,驛,,,,平陵道,,,,
興義,驛,,,,金郊道,,,,
舌化,驛,,,,省峴道,,,,
舍下北,?,,,,,,조선왕조실록 관직명사전,C,
舟師,?,,,,,,조선왕조실록 관직명사전,C,
船頭堡,?,,,,,,조선왕조실록 관직명사전,C,
良丁,?,,,,,,조선왕조실록 관직명사전,C,
良才,驛,,,,參禮道,,,,
良栗,驛,,,,獒樹道,,,,
良洞,驛,,,,省峴道,,,,
良浦,驛,,,,召村道,,,,
良策,驛,,,,大同道,,,,
良驥,驛,,,,高山道,,,,
花島,?,,,,,,조선왕조실록 관직명사전,C,
花川,驛,,,,時興道,,,,
花梁,?,,,,,,조선왕조실록 관직명사전,C,
若山,,,,,,,실험팀 폴백 회수,C,
英陵,陵,,,,,,조선왕조실록 관직명사전,C,
英陽,?,,,,,,조선왕조실록 관직명사전,C,
茂山堡,?,,,,,,조선왕조실록 관직명사전,C,
茂山增,邑,,,,,,대전회통 이전,B,
茂州,,,,,,,실험팀 폴백 회수,C,
茂朱原,邑,,,,,,대전회통 이전,B,
茂林,驛,,,,金泉道,,,,
茂溪,驛,,,,金泉道,,,,
茄乙坡知,?,,,,,,조선왕조실록 관직명사전,C,
茶滿,驛,,,,麒麟道,,,,
草州,驛,,,,魚川道,,,,
草芝,?,,,,,,조선왕조실록 관직명사전,C,
草芝鎭,?,,,,,,조선왕조실록 관직명사전,C,
荏子島,?,,,,,,조선왕조실록 관직명사전,C,
莊陵,陵,,,,,,조선왕조실록 관직명사전,C,
菁好,驛,,,,良才道,,,,
華寧殿,廟殿宮,,,,,,능묘전 시설명,,
華陽,驛,,,,長水道,,,,
葛覃,驛,,,,參禮道,,,,
葛豐,驛,,,,保安道,,,,
蒜山,?,,,,,,조선왕조실록 관직명사전,C,
蒼峯,驛,,,,保安道,,,,
蓬臺,驛,,,,高山道,,,,
蓴城,?,,,,,,조선왕조실록 관직명사전,C,
蔚山原,邑,,,,,,대전회통 이전,B,
薪島,?,,,,,,조선왕조실록 관직명사전,C,
薪智島,鎭堡,,,,,,대전회통 병전 진보,B,
藍浦鎭,?,,,,,,조선왕조실록 관직명사전,C,
藍田,驛,,,,利仁道,,,,
藍蒲,?,,,,,,조선왕조실록 관직명사전,C,
藥水,驛,,,,保安道,,,,
蘇安,驛,,,,參禮道,,,,
蘇山,驛,,,,黃山道,,,,
虛川,驛,,,,居山道,,,,
虞候,?,,,,,,조선왕조실록 관직명사전,C,
蛇梁鎭,?,,,,,,조선왕조실록 관직명사전,C,
蛇渡,?,,,,,,조선왕조실록 관직명사전,C,
蛇粱,?,,,,,,조선왕조실록 관직명사전,C,
蝟島,?,,,,,,조선왕조실록 관직명사전,C,
蝟島鎭,鎭,,,,,,대전회통 병전,B,
蟾居,驛,,,,獒樹道,,,,
蟾津,?,,,,,,조선왕조실록 관직명사전,C,
行咸鏡道,道,,,,,,조선왕조실록 관직명사전,C,
行濟州,?,,,,,,조선왕조실록 관직명사전,C,
裕陵,陵,,,,,,조선왕조실록 관직명사전,C,
西原,?,,,,,,조선왕조실록 관직명사전,C,
西平浦,?,,,,,,조선왕조실록 관직명사전,C,
西林,?,,,,,,조선왕조실록 관직명사전,C,
西水羅,?,,,,,,조선왕조실록 관직명사전,C,
西生,?,,,,,,조선왕조실록 관직명사전,C,
西籍田,?,,,,,,조선왕조실록 관직명사전,C,
西芝,驛,,,,省峴道,,,,
西道,道,,,,,,조선왕조실록 관직명사전,C,
西邊,?,,,,,,조선왕조실록 관직명사전,C,
西部,?,,,,,,조선왕조실록 관직명사전,C,
西面,?,,,,,,조선왕조실록 관직명사전,C,
要站,驛,,,,輸城道,,,,
見乃梁,?,,,,,,조선왕조실록 관직명사전,C,
角山,驛,,,,安奇道,,,,
訓局,?,,,,,,조선왕조실록 관직명사전,C,
訓戎,?,,,,,,조선왕조실록 관직명사전,C,
訓鍊,?,,,,,,조선왕조실록 관직명사전,C,
訓鍊觀,?,,,,,,조선왕조실록 관직명사전,C,
許沙,?,,,,,,조선왕조실록 관직명사전,C,
詢瘼,?,,,,,,조선왕조실록 관직명사전,C,
試取,?,,,,,,조선왕조실록 관직명사전,C,
該,?,,,,,,조선왕조실록 관직명사전,C,
調度,?,,,,,,조선왕조실록 관직명사전,C,
諸道,道,,,,,,조선왕조실록 관직명사전,C,
謂原,?,,,,,,조선왕조실록 관직명사전,C,
谷口,驛,,,,居山道,,,,
谷山原,邑,,,,,,대전회통 이전,B,
豆谷,驛,,,,利仁道,,,,
豊基,,,,,,,실험팀 폴백 회수,C,
豊川,?,,,,,,조선왕조실록 관직명사전,C,
豊海道,道,,,,,,조선왕조실록 관직명사전,C,
豐山,驛,,,會寧鎭,輸城道,,,,
豐海道,道,,,,,,조선왕조실록 관직명사전,C,
豐田,驛,,,,銀溪道,,,,
貞德,驛,,,,祥雲道,,,,
貞陵,陵,,,,,,조선왕조실록 관직명사전,C,
買田,驛,,,,省峴道,,,,
賑救,?,,,,,,조선왕조실록 관직명사전,C,
贈,?,,,,,,조선왕조실록 관직명사전,C,
赤粱,?,,,,,,조선왕조실록 관직명사전,C,
赤項,驛,,,,自如道,,,,
越松,?,,,,,,조선왕조실록 관직명사전,C,
踏溪,驛,,,,金泉道,,,,
蹄閑,驛,,,,沙斤道,,,,
身才道,道,,,,,,조선왕조실록 관직명사전,C,
軍功,?,,,,,,조선왕조실록 관직명사전,C,
軍器,?,,,,,,조선왕조실록 관직명사전,C,
軍資,?,,,,,,조선왕조실록 관직명사전,C,
軍門,?,,,,,,조선왕조실록 관직명사전,C,
輪山,驛,,,,黃山道,,,,
輸城,?,,,,,,조선왕조실록 관직명사전,C,
轉運,?,,,,,,조선왕조실록 관직명사전,C,
迎曙,?,,,,,,조선왕조실록 관직명사전,C,
迎華,?,,,,,,조선왕조실록 관직명사전,C,
近珠,驛,,,,自如道,,,,
通律,,,,,,,실험팀 폴백 회수,C,
通明,驛,,,,昌樂道,,,,
通洋浦,?,,,,,,조선왕조실록 관직명사전,C,
通津原,邑,,,,,,대전회통 이전,B,
通禮門,?,,,,,,조선왕조실록 관직명사전,C,
通路,驛,,,,碧沙道,,,,
通達,驛,,,,高山道,,,,
造山,?,,,,,,조선왕조실록 관직명사전,C,
連倉,驛,,,,祥雲道,,,,
連原,?,,,,,,조선왕조실록 관직명사전,C,
連峯,驛,,,,保安道,,,,
連川,,,,,,,실험팀 폴백 회수,C,
連洞,驛,,,,平丘道,,,,
連源,?,,,,,,조선왕조실록 관직명사전,C,
進禮,?,,,,,,조선왕조실록 관직명사전,C,
遂安鎭,?,,,,,,조선왕조실록 관직명사전,C,
運糧,?,,,,,,조선왕조실록 관직명사전,C,
道摠府,?,,,,,,조선왕조실록 관직명사전,C,
道深,驛,,,,昌樂道,,,,
達孝,驛,,,,平陵道,,,,
達溪,驛,,,,濟原道,,,,
都摠,?,,,,,,조선왕조실록 관직명사전,C,
都摠制,?,,,,,,조선왕조실록 관직명사전,C,
都會,?,,,,,,조선왕조실록 관직명사전,C,
都節制使,?,,,,,,조선왕조실록 관직명사전,C,
都總府,?,,,,,,조선왕조실록 관직명사전,C,
都觀察使,?,,,,,,조선왕조실록 관직명사전,C,
都護府,?,,,,,,조선왕조실록 관직명사전,C,
酒泉,驛,,,,高山道,,,,
酒登,驛,,,,松羅道,,,,
醫書,?,,,,,,조선왕조실록 관직명사전,C,
醴川,?,,,,,,조선왕조실록 관직명사전,C,
重林,?,,,,,,조선왕조실록 관직명사전,C,
重興,,,,,,,실험팀 폴백 회수,C,
金井,?,,,,,,조선왕조실록 관직명사전,C,
金剛,驛,,,,靑丹道,,,,
金嶺,驛,,,,良才道,,,,
金嶺道,道,,,,,,조선왕조실록 관직명사전,C,
金巖,驛,,,,金郊道,,,,
金川,?,,,,,,조선왕조실록 관직명사전,C,
金川續,邑,,,,,,대전회통 이전,B,
金州,,,,,,,실험팀 폴백 회수,C,
金提,?,,,,,,조선왕조실록 관직명사전,C,
金沙,驛,,,,成歡道,,,,
金泉,?,,,,,,조선왕조실록 관직명사전,C,
金洞,驛,,,,靑丹道,,,,
金浦原,邑,,,,,,대전회통 이전,B,
金烏鎭,?,,,,,,조선왕조실록 관직명사전,C,
金谷,驛,,,,靑丹道,,,,
金蹄,驛,,,,成歡道,,,,
金輪,驛,,,,重林道,,,,
金郊,?,,,,,,조선왕조실록 관직명사전,C,
金陽,驛,,,,金泉道,,,,
金隄,?,,,,,,조선왕조실록 관직명사전,C,
釜山,?,,,,,,조선왕조실록 관직명사전,C,
釜山鎭,?,,,,,,조선왕조실록 관직명사전,C,
鉛豐,?,,,,,,조선왕조실록 관직명사전,C,
銀店,?,,,,,,조선왕조실록 관직명사전,C,
銀溪,?,,,,,,조선왕조실록 관직명사전,C,
錦城,?,,,,,,조선왕조실록 관직명사전,C,
鍾慶,驛,,,,輸城道,,,,
鎭原,驛,,,,碧沙道,,,,
鎭山,?,,,,,,조선왕조실록 관직명사전,C,
鎭岺,,,,,,,실험팀 폴백 회수,C,
鎭撫,?,,,,,,조선왕조실록 관직명사전,C,
鎭東,?,,,,,,조선왕조실록 관직명사전,C,
鏡源,?,,,,,,조선왕조실록 관직명사전,C,
鏡興,,,,,,,실험팀 폴백 회수,C,
鏡驛,驛,,,,長水道,,,,
鐘城,?,,,,,,조선왕조실록 관직명사전,C,
鐵串,?,,,,,,조선왕조실록 관직명사전,C,
鐵原鎭,鎭,,,,,,대전회통 병전,B,
鐵山原,邑,,,,,,대전회통 이전,B,
鐵島,?,,,,,,조선왕조실록 관직명사전,C,
鐵破,驛,,,,安奇道,,,,
鐵關,驛,,,,高山道,,,,
長串,?,,,,,,조선왕조실록 관직명사전,C,
長命,驛,,,,成歡道,,,,
長城原,邑,,,,,,대전회통 이전,B,
長峯島,鎭堡,,,,,,대전회통 병전 진보,B,
長時,驛,,,,時興道,,,,
長木浦,鎭堡,,,,,,대전회통 병전 진보,B,
長林,驛,,,,連原道,,,,
長楊,驛,,,,栗峯道,,,,
長洞,驛,,,,魚川道,,,,
長津,?,,,,,,조선왕조실록 관직명사전,C,
長津補,邑,,,,,,대전회통 이전,B,
長淵原,邑,,,,,,대전회통 이전,B,
長端,,,,,,,실험팀 폴백 회수,C,
長谷,驛,,,,金泉道,,,,
長足,驛,,,,良才道,,,,
長陵,?,,,,,,조선왕조실록 관직명사전,C,
開城,?,,,,,,조선왕조실록 관직명사전,C,
開平,驛,,,,魚川道,,,,
開雲浦,?,,,,,,조선왕조실록 관직명사전,C,
閭延,?,,,,,,조선왕조실록 관직명사전,C,
防禦使,?,,,,,,조선왕조실록 관직명사전,C,
防踏,?,,,,,,조선왕조실록 관직명사전,C,
阿山,驛,,,慶源鎭,輸城道,,,,
阿川,驛,,,,慶安道,,,,
阿月,驛,,,,黃山道,,,,
阿火,驛,,,,長水道,,,,
降仙,驛,,,,祥雲道,,,,
陰升,,,,,,,실험팀 폴백 회수,C,
陸驛,驛,,,,松羅道,,,,
陽州,?,,,,,,조선왕조실록 관직명사전,C,
陽怪堡,?,,,,,,조선왕조실록 관직명사전,C,
陽根,?,,,,,,조선왕조실록 관직명사전,C,
陽知,?,,,,,,조선왕조실록 관직명사전,C,
隄川,,,,,,,실험팀 폴백 회수,C,
隆陵,陵,,,,,,조선왕조실록 관직명사전,C,
隘守,驛,,,,高山道,,,,
隨川,?,,,,,,조선왕조실록 관직명사전,C,
雄平,驛,,,,居山道,,,,
雄撫,驛,,,,輸城道,,,,
雅樂,?,,,,,,조선왕조실록 관직명사전,C,
集慶殿,?,,,,,,조선왕조실록 관직명사전,C,
雙山,驛,,,,省峴道,,,,
雙樹,驛,,,,栗峯道,,,,
雙溪,驛,,,,幽谷道,,,,
雙靑,?,,,,,,조선왕조실록 관직명사전,C,
雲山,驛,,郡,寧邊鎭,安奇道,,,,
雲峰,?,,,,,,조선왕조실록 관직명사전,C,
雲根,驛,,,,祥雲道,,,,
雲興,驛,,,,大同道,,,,
雲龍,?,,,,,,조선왕조실록 관직명사전,C,
露梁,?,,,,,,조선왕조실록 관직명사전,C,
靈嚴,,,,,,,실험팀 폴백 회수,C,
靈岩,?,,,,,,조선왕조실록 관직명사전,C,
靈川,?,,,,,,조선왕조실록 관직명사전,C,
靈楡,驛,,,,利仁道,,,,
靈浦,驛,,,,自如道,,,,
靑丹,?,,,,,,조선왕조실록 관직명사전,C,
靑化,驛,,,,利仁道,,,,
靑城,?,,,,,,조선왕조실록 관직명사전,C,
靑巖,?,,,,,,조선왕조실록 관직명사전,C,
靑州,?,,,,,,조선왕조실록 관직명사전,C,
靑松,驛,,都護府,安東鎭,靑巖道,,,,
靑水,?,,,,,,조선왕조실록 관직명사전,C,
靑淵,驛,,,,金井道,,,,
靑路,驛,,,,安奇道,,,,
靑通,驛,,,,長水道,,,,
靑郊,驛,,,,迎曙道,,,,
靑雲,驛,,,,安奇道,,,,
靖陵,陵,,,,,,조선왕조실록 관직명사전,C,
韓城,?,,,,,,조선왕조실록 관직명사전,C,
順城,驛,,,,時興道,,,,
順康園,園,,,,,,능묘전 시설명,,
順承府,?,,,,,,조선왕조실록 관직명사전,C,
順興,?,,,,,,조선왕조실록 관직명사전,C,
順興續,邑,,,,,,대전회통 이전,B,
順陵,陵,,,,,,조선왕조실록 관직명사전,C,
順陽,驛,,,,栗峯道,,,,
預原,?,,,,,,조선왕조실록 관직명사전,C,
領兵,?,,,,,,조선왕조실록 관직명사전,C,
顯陵,陵,,,,,,조선왕조실록 관직명사전,C,
顯隆園,園,,,,,,능묘전 시설명,,
養珍,驛,,,,祥雲道,,,,
餘糧,驛,,,,保安道,,,,
首陽,?,,,,,,조선왕조실록 관직명사전,C,
馬乳,驛,,,,輸城道,,,,
馬兵,?,,,,,,조선왕조실록 관직명사전,C,
馬奴,驛,,,,銀溪道,,,,
馬山,驛,,,,迎曙道,,,,
馬梁,?,,,,,,조선왕조실록 관직명사전,C,
馬田,驛,,,,沙斤道,,,,
馬馬海,?,,,,,,조선왕조실록 관직명사전,C,
駒興,驛,,,,良才道,,,,
驪州鎭,鎭,,,,,,대전회통 병전,B,
驪興,?,,,,,,조선왕조실록 관직명사전,C,
高丹,驛,,,,保安道,,,,
高山里,?,,,,,,조선왕조실록 관직명사전,C,
高岑,驛,,,,祥雲道,,,,
高嶺,?,,,,,,조선왕조실록 관직명사전,C,
高平,驛,,,,金泉道,,,,
高敝,,,,,,,실험팀 폴백 회수,C,
高昌,,,,,,,실험팀 폴백 회수,C,
高沙里,?,,,,,,조선왕조실록 관직명사전,C,
高灣梁,?,,,,,,조선왕조실록 관직명사전,C,
高灣良,?,,,,,,조선왕조실록 관직명사전,C,
高等學校,?,,,,,,조선왕조실록 관직명사전,C,
魂殿,?,,,,,,조선왕조실록 관직명사전,C,
魚川,?,,,,,,조선왕조실록 관직명사전,C,
魚面,?,,,,,,조선왕조실록 관직명사전,C,
魯城,?,,,,,,조선왕조실록 관직명사전,C,
鰲西,驛,,,,省峴道,,,,
鳯山,,,,,,,실험팀 폴백 회수,C,
鶯谷,驛,,,,參禮道,,,,
鷄林,?,,,,,,조선왕조실록 관직명사전,C,
鹿野,驛,,,,輸城道,,,,
麒麟,?,,,,,,조선왕조실록 관직명사전,C,
麗水,,,,,,,실험팀 폴백 회수,C,
麟丘,驛,,,,祥雲道,,,,
麟山,?,,,,,,조선왕조실록 관직명사전,C,
麻谷,驛,,,,居山道,,,,
黃山,?,,,,,,조선왕조실록 관직명사전,C,
黃州牧,?,,,,,,조선왕조실록 관직명사전,C,
黃江,驛,,,,連原道,,,,
黃海,?,,,,,,조선왕조실록 관직명사전,C,
黃磵,?,,,,,,조선왕조실록 관직명사전,C,
黑山島,鎭堡,,,,,,대전회통 병전 진보,B,
黔富,驛,,,,景陽道,,,,
點檢,?,,,,,,조선왕조실록 관직명사전,C,
齊陵,陵,,,,,,조선왕조실록 관직명사전,C,
龍化,驛,,,,平陵道,,,,
龍城,,,,,,,실험팀 폴백 회수,C,
龍媒,?,,,,,,조선왕조실록 관직명사전,C,
龍山,,,,,,,실험팀 폴백 회수,C,
龍崗,?,,,,,,조선왕조실록 관직명사전,C,
龍川原,邑,,,,,,대전회통 이전,B,
龍江,?,,,,,,조선왕조실록 관직명사전,C,
龍泉,驛,,,,金郊道,,,,
龍津,?,,,,,,조선왕조실록 관직명사전,C,
龍潭,驛,,縣,南原鎭,銀溪道,,,,
龍田,驛,,,,利仁道,,,,
龍罔,,,,,,,실험팀 폴백 회수,C,
龍谷,驛,,,,金井道,,,,
龍駕,驛,,,,省峴道,,,,
龜山,?,,,,,,조선왕조실록 관직명사전,C,
충원,?,,,,,,조선왕조실록 관직명사전,C,
