표제어,처리,배제사유,대표예시
署,관서제거,관서명 — 지침 2-1. 경계축소가 아니라 span 전체 제거,宗廟署
三間,배제,건물 부위·구조물,樂器庫三間
下馬所,배제,위치어(2-5),明陵下馬所
享所,배제,의례 시 설정되는 자리·옛터 — 고유 시설 아님,南壇享所
公廨,배제,임시시설·상태서술·부위,光陵公廨
北墻,배제,건물 부위·구조물,宗廟北墻
右岡,배제,위치어(2-5),厚陵右岡
右崗,배제,위치어(2-5),崇陵右崗
園上,배제,위치어(2-5),顯隆園園上
墓所,배제,임시시설·상태서술·부위,畿內東西陵園墓所
墻,배제,건물 부위·구조물,貳極門西邊內宮墻
墻一間,배제,건물 부위·구조물,秋景苑南邊內宮墻一間
墻二間,배제,건물 부위·구조물,集成門北邊內宮墻二間
墻垣,배제,건물 부위·구조물,宗廟墻垣
失火處,배제,상태 서술,南壇失火處
定界處,배제,임시시설·상태서술·부위,綏陵定界處
宮墻,배제,건물 부위·구조물,昌德宮宮墻
宿所,배제,임시 시설·처소,華城行宮宿所
尊所,배제,임시 시설·처소,宗廟尊所
左岡,배제,위치어(2-5),昌陵左岡
幕次,배제,임시 시설·처소,迎恩門幕次
幸行,배제,임시시설·상태서술·부위,仁陵幸行
廬次,배제,임시 시설·처소,昌德宮廬次
後峯,배제,위치어(2-5),讀書堂後峯
後峰,배제,위치어(2-5),讀書堂後峰
所洞口,배제,임시시설·상태서술·부위,鈴原府大夫人墓所洞口
晝停,배제,임시 시설·처소,始興縣行宮晝停
晝停所,배제,임시 시설·처소,始興縣行宮晝停所
有頉處,배제,상태 서술,東關王廟有頉處
柱根,배제,건물 부위·구조물,先蠶壇東邊紅箭門柱根
植木處,배제,임시시설·상태서술·부위,綏陵植木處
正間,배제,임시시설·상태서술·부위,楊州牧鄕校聖殿正間
洞口,배제,임시시설·상태서술·부위,宗廟洞口
洞口前,배제,위치어(2-5),宗廟洞口前
滲漏處,배제,상태 서술,啓聖祠正堂滲漏處
火巢內,배제,위치어(2-5),光陵火巢內
版位,배제,의례 시 설정되는 자리·옛터 — 고유 시설 아님,望廟樓版位
破傷處,배제,상태 서술,南水閣水門東邊鐵門破傷處
紅門外,배제,위치어(2-5),光陵紅門外
舊基,배제,의례 시 설정되는 자리·옛터 — 고유 시설 아님,文昭殿舊基
西墻,배제,건물 부위·구조물,宗廟西墻
近處,배제,상태 서술,三淸洞北倉近處
鐵箭,배제,건물 부위·구조물,宣仁門南邊水門鐵箭
降輿所,배제,임시 시설·처소,中和殿降輿所
降轎所,배제,임시 시설·처소,南小館降轎所
雨漏處,배제,상태 서술,敬安堂雨漏處
頹圮處,배제,상태 서술,光德門西邊內宮墻挾門頹圮處
齋室後,배제,위치어(2-5),健元陵齋室後
丁字閣,병합,능·묘 부속 건물,徽陵丁字閣
丁閣,병합,능·묘 부속 건물,明陵丁閣
三樂堂,병합,,毓祥宮三樂堂
三殿閣,병합,,景福宮三殿閣
中門,병합,,宗廟中門
主峯,병합,능·묘 부속 건물,弘陵主峯
停車場,병합,,南大門停車場
別堂,병합,,慶運宮別堂
北月臺,병합,,勤政殿北月臺
北水門,병합,,大報壇北水門
南廊,병합,,資政殿南廊
南月廊,병합,,明政殿南月廊
南月臺,병합,,崇政殿南月臺
南行廊,병합,,寶慶堂南行廊
南行閣,병합,,慶熙宮泰寧殿南行閣
同原,병합,능·묘 부속 건물,景陵同原
坪,병합,,板門坪
城,병합,,北漢平倉城
基,병합,,仁安殿基
基址,병합,,景慕宮基址
大廳,병합,,明倫堂大廳
大王陵,병합,능·묘 부속 건물,崇陵大王陵
大路,병합,,敦義門大路
大門,병합,,宗廟大門
夾門,병합,,冽泉門夾門
奉室,병합,,大報壇奉室
宇,병합,,毓祥宮廟宇
室,병합,,社稷齋室
展,병합,,太廟展
山史庫,병합,,五臺山史庫
山史閣,병합,,五臺山史閣
庭,병합,,仁政殿庭
廟庭,병합,,宗廟廟庭
所晝停,병합,,黔巖碑閣所晝停
挾門,병합,,敦化門挾門
曲墻,병합,능·묘 부속 건물,元陵曲墻
月廊,병합,,明政殿月廊
月臺,병합,,仁政殿月臺
望廟摟,병합,,景慕宮望廟摟
望廟樓,병합,,景慕宮望廟樓
本館,병합,,昌德宮本館
東夾門,병합,,孝慕殿東夾門
東庭,병합,,崇政殿東庭
東挾,병합,,敦化門東挾
東挾門,병합,,孝定殿東挾門
東月廊,병합,,明政殿東月廊
東月臺,병합,,崇政殿東月臺
東翼閣,병합,,大造殿東翼閣
東行閣,병합,,景福殿東行閣
東西廡,병합,,圜丘壇東西廡
正堂,병합,,宣禧宮正堂
正殿,병합,,璿源殿正殿
正門,병합,,景孝殿正門
殿庭,병합,,永寧殿殿庭
水門,병합,,北水閣水門
水閣,병합,,敦化門水閣
王后陵,병합,능·묘 부속 건물,顯陵王后陵
留門,병합,,開陽門留門
當室,병합,,太廟當室
碑,병합,,咸興馳馬臺碑
碑石,병합,능·묘 부속 건물,永祐園碑石
碑閣,병합,,文昭殿碑閣
神門,병합,능·묘 부속 건물,徽寧殿神門
祠宇,병합,,景祐宮祠宇
站,병합,,永陵站
第一室,병합,,宗廟第一室
第九室,병합,,宗廟第九室
第八室,병합,,宗廟第八室
紅箭門,병합,능·묘 부속 건물,永禧殿紅箭門
胎室,병합,,景慕宮胎室
舍,병합,,廣州倉舍
行閣,병합,,延生門行閣
街,병합,,鍾樓街
表石,병합,능·묘 부속 건물,溫陵表石
西大廳,병합,,倭西館西大廳
西夾,병합,,弘仁門西夾
西夾室,병합,,熙政堂西夾室
西庭,병합,,宣政殿西庭
西挾,병합,,興化門西挾
西挾室,병합,,集祥門西挾室
西挾路,병합,,毓祥宮西挾路
西月廊,병합,,宣政殿西月廊
西翼閣,병합,,大造殿西翼閣
西行閣,병합,,大猷齋西行閣
路,병합,,南門路
通衢,병합,,鍾樓通衢
鋪陳,병합,,喬桐府鄕校大成殿鋪陳
鐵窓,병합,,北水閣西邊水門鐵窓
門閾,병합,,興仁門門閾
隅,병합,,西十字閣隅
驛,병합,,平陵驛
齋室,병합,,綏陵齋室
齋宿,병합,,宗廟齋宿
齋殿,병합,능·묘 부속 건물,孝慕殿齋殿
上,위치어,2-5 배제,厲壇壇上
上曲墻,위치어,2-5 배제,仁穆王后陵上曲墻
下,위치어,2-5 배제,春塘臺下
下水門,위치어,2-5 배제,宣仁門下水門
下輦所,위치어,2-5 배제,宗廟下輦所
內,위치어,2-5 배제,協陽門內
內別廟,위치어,2-5 배제,景祐宮內別廟
內墻,위치어,2-5 배제,宗廟內墻
內外,위치어,2-5 배제,議政府朝房東西門內外
內契,위치어,2-5 배제,西小門內契
內行閣,위치어,2-5 배제,壽仁門內行閣
內閣,위치어,2-5 배제,慶熙宮內閣
前,위치어,2-5 배제,仁政門前
前庭,위치어,2-5 배제,涵仁亭前庭
前路,위치어,2-5 배제,宗廟前路
前門,위치어,2-5 배제,太廟前門
北邊,위치어,2-5 배제,興化門北邊
北邊內,위치어,2-5 배제,集成門北邊內
南北邊,위치어,2-5 배제,興化門南北邊
南邊,위치어,2-5 배제,永肅門南邊
南階上,위치어,2-5 배제,明政殿南階上
墻外,위치어,2-5 배제,崇義門墻外
壇上,위치어,2-5 배제,皇壇壇上
外,위치어,2-5 배제,敦化門外
外北路,위치어,2-5 배제,弘化門外北路
外南路,위치어,2-5 배제,弘化門外南路
外契,위치어,2-5 배제,東門外契
外川邊,위치어,2-5 배제,南廟大門外川邊
外幕次,위치어,2-5 배제,宗廟東夾門外幕次
外庭,위치어,2-5 배제,通明殿正陽門外庭
外月臺,위치어,2-5 배제,順禮門外月臺
外東山,위치어,2-5 배제,景祐宮外東山
外行閣,위치어,2-5 배제,泰寧門外行閣
外軒,위치어,2-5 배제,集福軒外軒
外階上,위치어,2-5 배제,正陽門外階上
大門外,위치어,2-5 배제,始興縣行宮大門外
室內,위치어,2-5 배제,景慕宮室內
局內,위치어,2-5 배제,東道七陵局內
左翊門,위치어,2-5 배제,新豐樓左翊門
左邊,위치어,2-5 배제,月覲門左邊
差備內,위치어,2-5 배제,慶熙宮差備內
幕次前,위치어,2-5 배제,慕華館幕次前
廟內,위치어,2-5 배제,宗廟廟內
後,위치어,2-5 배제,昭寧園碑閣後
後苑,위치어,2-5 배제,宗廟後苑
後苑內,위치어,2-5 배제,景福宮後苑內
後路,위치어,2-5 배제,東關王廟後路
後門,위치어,2-5 배제,明政殿後門
後面,위치어,2-5 배제,南小館後面
東邊,위치어,2-5 배제,明禮門東邊
東邊內,위치어,2-5 배제,建陽門東邊內
殿內,위치어,2-5 배제,永禧殿殿內
池邊,위치어,2-5 배제,慶會樓池邊
洞口內,위치어,2-5 배제,宗廟洞口內
洞口外,위치어,2-5 배제,健元陵洞口外
神門外,위치어,2-5 배제,璿源殿神門外
街上,위치어,2-5 배제,鍾樓街上
西邊,위치어,2-5 배제,武德門西邊
西邊內,위치어,2-5 배제,貳極門西邊內
西門外,위치어,2-5 배제,大院君宮西門外
越邊,위치어,2-5 배제,弘化門越邊
門外,위치어,2-5 배제,龍驤鳳翥亭門外
陵上,위치어,2-5 배제,元陵陵上
階上,위치어,2-5 배제,大猷齋階上
一契,유지,행정·지형 단위 — 지명 자체,景慕宮一契
丹鳳門,유지,독립건물,昌德宮丹鳳門
主山,유지,지명통명,南關王廟主山
二契,유지,독립건물,景慕宮二契
仁政門,유지,독립건물,昌德宮仁政門
儲承殿,유지,독립건물,昌慶宮儲承殿
先農壇,유지,독립건물,南壇先農壇
光明殿,유지,독립건물,慶熙宮光明殿
典祀廳,유지,독립건물,永寧殿典祀廳
冷泉亭,유지,독립건물,毓祥宮冷泉亭
分所,유지,장소 지시 — 원 span 유지,瑞蔥臺分所
勤政殿,유지,독립건물,景福宮勤政殿
北墻門,유지,독립건물,宗廟北墻門
北神門,유지,독립건물,徽寧殿北神門
北門,유지,독립건물,宗廟北門
區,유지,지명·행정 통명,江陵區
南殿,유지,독립건물,太廟南殿
南水閣,유지,독립건물,曜金門南水閣
南營,유지,독립건물,延和門南營
南神門,유지,독립건물,宗廟南神門
史庫,유지,독립건물,五臺史庫
史閣,유지,독립건물,五臺史閣
啓祥堂,유지,독립건물,慶德宮啓祥堂
園,유지,지명·행정 통명,顯陵園
地,유지,지명·행정 통명,江原道江陵地
墓,유지,지명·행정 통명,元嬪廟墓
壇,유지,독립건물,厲壇壇
奉安閣,유지,독립건물,鄕校洞於義宮奉安閣
契,유지,행정·지형 단위 — 지명 자체,望遠亭契
安香廳,유지,독립건물,順陵安香廳
宙合樓,유지,독립건물,奉謨堂宙合樓
宣仁門,유지,독립건물,昌慶宮宣仁門
宣政殿,유지,독립건물,昌德宮宣政殿
寢,유지,지명·행정 통명,高麗太祖陵寢
寶慶堂,유지,독립건물,昌德宮寶慶堂
山,유지,지명통명,五臺山
峴,유지,지명통명,水閣峴
島,유지,지명·행정 통명,鬱陵島
崇政殿,유지,독립건물,慶熙宮崇政殿
嶺,유지,지명통명,義館嶺
嶺西,유지,독립건물,江陵嶺西
平樂亭,유지,독립건물,宣禧宮平樂亭
府,유지,지명·행정 통명,江陵府
延和門,유지,독립건물,慶熙宮延和門
建極堂,유지,독립건물,昌慶宮建極堂
弘化門,유지,독립건물,昌慶宮弘化門
御齋室,유지,독립건물,景陵御齋室
德應房,유지,독립건물,慶德宮德應房
所,유지,장소 지시 — 원 span 유지,全溪大院君墓所
敦化門,유지,독립건물,昌德宮敦化門
敬奉閣,유지,독립건물,皇壇敬奉閣
文政殿,유지,독립건물,昌慶宮文政殿
新營,유지,독립건물,蕩春臺新營
明政殿,유지,독립건물,昌慶宮明政殿
春秋館,유지,독립건물,昌德宮春秋館
景慕宮,유지,독립건물,宗廟景慕宮
景福堂,유지,독립건물,西宮景福堂
書香閣,유지,독립건물,奉謨堂書香閣
朝宗門,유지,독립건물,大報壇朝宗門
村,유지,행정·지형 단위 — 지명 자체,陽川銀杏亭村
東營,유지,독립건물,昌德宮東營
東神門,유지,독립건물,永寧殿東神門
東門,유지,독립건물,永寧殿東門
案山,유지,지명통명,南廟案山
椒井,유지,독립건물,仁慶宮椒井
橋,유지,지명통명,水閣橋
武德門,유지,독립건물,慶德宮武德門
殯殿,유지,독립건물,綏陵殯殿
水剌間,유지,독립건물,惠慶宮水剌間
永寧殿,유지,독립건물,宗廟永寧殿
永禧殿,유지,독립건물,宗廟永禧殿
江,유지,지명통명,土門江
洗馬臺,유지,독립건물,慕華館洗馬臺
洞,유지,지명통명,南小門洞
洞契,유지,행정·지형 단위 — 지명 자체,倭館洞契
津,유지,지명통명,西氷庫津
浦,유지,지명통명,松亭浦
火藥庫,유지,독립건물,南別營南倉火藥庫
無妄閣,유지,독립건물,宣政殿無妄閣
珍富倉,유지,지명·행정 통명,江陵珍富倉
璿源殿,유지,독립건물,昌德宮璿源殿
監軍契,유지,행정·지형 단위 — 지명 자체,紫門監軍契
眞殿,유지,독립건물,昌德宮眞殿
石橋,유지,지명·행정 통명,慕華館石橋
禁川橋,유지,지명통명,昌慶宮禁川橋
第三室,유지,독립건물,永寧殿第三室
第二室,유지,독립건물,永禧殿第二室
第五室,유지,독립건물,宗廟第五室
第四室,유지,독립건물,宗廟第四室
縣,유지,지명통명,龍宮縣
興化門,유지,독립건물,慶德宮興化門
興政堂,유지,독립건물,慶熙宮興政堂
華寧殿,유지,독립건물,健陵華寧殿
萬安門,유지,독립건물,仁政殿萬安門
蓮池,유지,독립건물,景福宮蓮池
藏譜閣,유지,독립건물,彰義宮藏譜閣
蜂峴,유지,지명·행정 통명,明陵蜂峴
行宮,유지,독립건물,龍驤鳳翥亭行宮
西宴廳,유지,독립건물,南別宮西宴廳
西庫,유지,독립건물,奉謨堂宙合樓西庫
西挾門,유지,독립건물,光化門西挾門
西營,유지,독립건물,昌德宮西營
西門,유지,독립건물,宗廟西門
誠一軒,유지,독립건물,景祐宮誠一軒
資政殿,유지,독립건물,慶德宮資政殿
軍契,유지,행정·지형 단위 — 지명 자체,紫門軍契
通化門,유지,독립건물,昌慶宮通化門
造泡寺,유지,독립건물,厚陵造泡寺
進善門,유지,독립건물,昌德宮進善門
道,유지,지명·행정 통명,平陵道
郡,유지,지명·행정 통명,江陵郡
里,유지,지명통명,元堂里
里契,유지,행정·지형 단위 — 지명 자체,土亭里契
金虎門,유지,독립건물,昌德宮金虎門
鎭,유지,지명·행정 통명,江陵鎭
閟宮,유지,독립건물,太廟閟宮
關,유지,독립건물,玉門關
雩祀壇,유지,독립건물,南壇雩祀壇
雲臺,유지,독립건물,南宮雲臺
面,유지,행정·지형 단위 — 지명 자체,洪州西倉面
項,유지,행정·지형 단위 — 지명 자체,鹽倉項
顯隆園,유지,독립건물,健陵顯隆園
養性軒,유지,독립건물,彰義宮養性軒
香大廳,유지,독립건물,元陵香大廳
香炭山,유지,지명·행정 통명,徽慶園香炭山
