표제어,처리,재태깅결과,제외어,유형,출처구분
備邊司,제거,,,관서명,관서
內司僕,제거,,,관서명,관서
典牲署,제거,,,관서명,관서
典獄署,제거,,,관서명,관서
刑曹,제거,,,관서명,관서
北部觀光坊契昭格署,제거,,,관서명,관서
南部惠民署,제거,,,관서명,관서
司圃署,제거,,,관서명,관서
司憲府,제거,,,관서명,관서
司饔院,제거,,,관서명,관서
吏曹,제거,,,관서명,관서
圖畫署,제거,,,관서명,관서
圜丘署,제거,,,관서명,관서
外南山典牲署,제거,,,관서명,관서
天監,제거,,,관서명,관서
奉常寺,제거,,,관서명,관서
奎章閣,제거,,,관서명,관서
宗廟署,제거,,,관서명,관서
宗簿署,제거,,,관서명,관서
宣惠廳,제거,,,관서명,관서
尙衣院,제거,,,관서명,관서
工曹,제거,,,관서명,관서
常平坊造紙署,제거,,,관서명,관서
常平廳,제거,,,관서명,관서
平市署,제거,,,관서명,관서
廣興倉,제거,,,관서명,관서
延署,제거,,,관서명,관서
弘文館,제거,,,관서명,관서
御營廳,제거,,,관서명,관서
忠勳府,제거,,,관서명,관서
惠民署,제거,,,관서명,관서
慈幼局,제거,,,관서명,관서
承政院,제거,,,관서명,관서
承文院,제거,,,관서명,관서
掌苑署,제거,,,관서명,관서
掖庭署,제거,,,관서명,관서
摛文院,제거,,,관서명,관서
敦寧府,제거,,,관서명,관서
春秋館,제거,,,관서명,관서
昭格署,제거,,,관서명,관서
書雲觀,제거,,,관서명,관서
曹,제거,,,관서명,관서
校書館,제거,,,관서명,관서
歸厚署,제거,,,관서명,관서
殿獄署,제거,,,관서명,관서
民局,제거,,,관서명,관서
氷庫,제거,,,관서명,관서
活人署,제거,,,관서명,관서
活人院,제거,,,관서명,관서
漢城府,제거,,,관서명,관서
瓦署,제거,,,관서명,관서
社稷署,제거,,,관서명,관서
禮曹,제거,,,관서명,관서
義盈庫,제거,,,관서명,관서
義禁府,제거,,,관서명,관서
華署,제거,,,관서명,관서
藝文館,제거,,,관서명,관서
西活人署,제거,,,관서명,관서
訓鍊院,제거,,,관서명,관서
議政府,제거,,,관서명,관서
豐儲倉,제거,,,관서명,관서
軍器寺,제거,,,관서명,관서
軍資監,제거,,,관서명,관서
造紙署,제거,,,관서명,관서
長興庫,제거,,,관서명,관서
阿峴活人署,제거,,,관서명,관서
養濟院,제거,,,관서명,관서
中國,국호유지,{中國},,국호,종족·국호
乃蠻王國,국호유지,{乃蠻王國},,국호,종족·국호
倭,국호유지,{倭},,국호,종족·국호
倭國,국호유지,{倭國},,국호,종족·국호
元,국호유지,{元},,국호,종족·국호
南蠻國,국호유지,{南蠻國},,국호,종족·국호
周,국호유지,{周},,국호,종족·국호
唐,국호유지,{唐},,국호,종족·국호
大明,국호유지,{大明},,국호,종족·국호
女眞國,국호유지,{女眞國},,국호,종족·국호
宋,국호유지,{宋},,국호,종족·국호
日本,국호유지,{日本},,국호,종족·국호
明,국호유지,{明},,국호,종족·국호
晋,국호유지,{晋},,국호,종족·국호
朝鮮,국호유지,{朝鮮},,국호,종족·국호
朝鮮國,국호유지,{朝鮮國},,국호,종족·국호
梁,국호유지,{梁},,국호,종족·국호
楚,국호유지,{楚},,국호,종족·국호
殷,국호유지,{殷},,국호,종족·국호
淸,국호유지,{淸},,국호,종족·국호
漢,국호유지,{漢},,국호,종족·국호
燕,국호유지,{燕},,국호,종족·국호
秦,국호유지,{秦},,국호,종족·국호
華,국호유지,{華},,국호,종족·국호
蒙胡達王國,국호유지,{蒙胡達王國},,국호,종족·국호
越,국호유지,{越},,국호,종족·국호
達達國,국호유지,{達達國},,국호,종족·국호
遼,국호유지,{遼},,국호,종족·국호
金,국호유지,{金},,국호,종족·국호
隋,국호유지,{隋},,국호,종족·국호
魏,국호유지,{魏},,국호,종족·국호
魯,국호유지,{魯},,국호,종족·국호
麗,국호유지,{麗},,국호,종족·국호
齊,국호유지,{齊},,국호,종족·국호
㺚狚人,분할,{㺚狚},人,분할(지명),종족·국호
一岐州倭,분할,{一岐州}{倭},,분할(국호·지명),종족·국호
三浦倭奴,분할,{三浦},倭奴,분할(사람·집단·지명),종족·국호
三衛㺚子,분할,{三衛},㺚子,분할(종족·지명),종족·국호
三衛達達,분할,{三衛},達達,분할(종족·지명),종족·국호
三衛韃靼,분할,{三衛},韃靼,분할(종족·지명),종족·국호
中原人,분할,{中原},人,분할(지명),종족·국호
中國人,분할,{中國},人,분할(국호),종족·국호
五島人,분할,{五島},人,분할(지명),종족·국호
五島倭,분할,{五島}{倭},,분할(국호·지명),종족·국호
井邑人,분할,{井邑},人,분할(지명),종족·국호
交河人,분할,{交河},,분할(지명),종족·국호
交趾人,분할,{交趾},,분할(지명),종족·국호
任實人,분할,{任實},,분할(지명),종족·국호
伯耆州倭,분할,{伯耆州}{倭},,분할(국호·지명),종족·국호
倭人,분할,{倭},人,분할(국호),종족·국호
倭人宗貞盛,분할,{倭},人宗貞盛,분할(국호),종족·국호
倭人過,분할,{倭},人過,분할(국호),종족·국호
倭奴,분할,{倭},奴,분할(국호),종족·국호
倭賊,분할,{倭},賊,분할(국호),종족·국호
倭野人,분할,{倭},野人,분할(국호),종족·국호
元人,분할,{元},人,분할(국호),종족·국호
加德島倭,분할,{加德島}{倭},,분할(국호·지명),종족·국호
助羅浦倭,분할,{助羅浦}{倭},,분할(국호·지명),종족·국호
務安人,분할,{務安},人,분할(지명),종족·국호
北城人,분할,{北城},人,분할(지명),종족·국호
南京人,분할,{南京},人,분할(지명),종족·국호
南原人,분할,{南原},人,분할(지명),종족·국호
厚春淸人,분할,{厚春}{淸},人,분할(국호·지명),종족·국호
右衛野人,분할,{右衛},野人,분할(지명),종족·국호
周人,분할,{周},人,분할(국호),종족·국호
咊乙外,분할,{咊乙},外,분할(지명),종족·국호
和順人,분할,{和順},人,분할(지명),종족·국호
咸平人,분할,{咸平},人,분할(지명),종족·국호
咸興人,분할,{咸興},人,분할(지명),종족·국호
咸鏡道野人,분할,{咸鏡道},野人,분할(지명),종족·국호
唐人,분할,{唐},人,분할(국호),종족·국호
唐津人,분할,{唐津},人,분할(지명),종족·국호
回鶻人,분할,{回鶻},人,분할(지명),종족·국호
因呑野人,분할,{因呑},野人,분할(지명),종족·국호
坡州人,분할,{坡州},人,분할(지명),종족·국호
坡平人,분할,{坡平},人,분할(지명),종족·국호
夏人,분할,{夏},人,분할(지명),종족·국호
委人,분할,{委},人,분할(지명),종족·국호
威化島唐人,분할,{威化島}{唐},人,분할(국호·지명),종족·국호
安南國人,분할,{安南國},人,분할(지명),종족·국호
安東人,분할,{安東},人,분할(지명),종족·국호
安陰人,분할,{安陰},人,분할(지명),종족·국호
宋人,분할,{宋},人,분할(국호),종족·국호
定州人,분할,{定州},人,분할(지명),종족·국호
寧海人,분할,{寧海},人,분할(지명),종족·국호
寧邊人,분할,{寧邊},人,분할(지명),종족·국호
寶山坪胡,분할,{寶山坪},胡,분할(종족·지명),종족·국호
對馬人,분할,{對馬},人,분할(지명),종족·국호
對馬倭,분할,{對馬}{倭},,분할(국호·지명),종족·국호
對馬島人,분할,{對馬島},人,분할(지명),종족·국호
對馬島倭人,분할,{對馬島}{倭},人,분할(국호·지명),종족·국호
對馬島倭奴,분할,{對馬島},倭奴,분할(사람·집단·지명),종족·국호
對馬島倭差,분할,{對馬島},倭差,분할(사람·집단·지명),종족·국호
尙州人,분할,{尙州},人,분할(지명),종족·국호
尼車亇野人,분할,{尼車亇},野人,분할(지명),종족·국호
山東人,분할,{山東},人,분할(지명),종족·국호
平壤人,분할,{平壤},人,분할(지명),종족·국호
廣寧人,분할,{廣寧},人,분할(지명),종족·국호
建州㺚子,분할,{建州},㺚子,분할(종족·지명),종족·국호
建州人,분할,{建州},人,분할(지명),종족·국호
建州夷,분할,{建州},夷,분할(종족·지명),종족·국호
建州女眞,분할,{建州},女眞,분할(종족·지명),종족·국호
建州衛人,분할,{建州衛},人,분할(지명),종족·국호
建州衛兀良哈,분할,{建州衛},兀良哈,분할(종족·지명),종족·국호
建州衛野人,분할,{建州衛},野人,분할(지명),종족·국호
建州衞野人,분할,{建州衞},野人,분할(지명),종족·국호
建州野人,분할,{建州},野人,분할(종족·지명),종족·국호
忠州人,분할,{忠州},人,분할(지명),종족·국호
忠州倭,분할,{忠州}{倭},,분할(국호·지명),종족·국호
忠州倭人,분할,{忠州}{倭},人,분할(국호·지명),종족·국호
慶尙人,분할,{慶尙},人,분할(지명),종족·국호
慶尙道倭,분할,{慶尙道}{倭},,분할(국호·지명),종족·국호
慶源人,분할,{慶源},人,분할(지명),종족·국호
慶興野人,분할,{慶興},野人,분할(지명),종족·국호
成川人,분할,{成川},人,분할(지명),종족·국호
故淸人,분할,{故淸},人,분할(지명),종족·국호
新昌人,분할,{新昌},人,분할(지명),종족·국호
日本人,분할,{日本},人,분할(국호),종족·국호
日本倭,분할,{日本}{倭},,분할(국호),종족·국호
日本倭人,분할,{日本}{倭},人,분할(국호),종족·국호
日本國倭,분할,{日本國}{倭},,분할(국호·지명),종족·국호
昌城人,분할,{昌城},人,분할(지명),종족·국호
昌寧人,분할,{昌寧},人,분할(지명),종족·국호
明人,분할,{明},人,분할(국호),종족·국호
星州人,분할,{星州},人,분할(지명),종족·국호
晋人,분할,{晋},人,분할(국호),종족·국호
晋州人,분할,{晋州},人,분할(지명),종족·국호
會寧胡,분할,{會寧},胡,분할(종족·지명),종족·국호
朝鮮人,분할,{朝鮮},人,분할(국호·사람·집단),종족·국호
朝鮮倭,분할,{朝鮮}{倭},,분할(국호),종족·국호
東平館倭,분할,{東平館}{倭},,분할(국호·지명),종족·국호
東萊倭,분할,{東萊}{倭},,분할(국호·지명),종족·국호
柏人,분할,{柏},人,분할(지명),종족·국호
栢人,분할,{栢},人,분할(지명),종족·국호
梁人,분할,{梁},人,분할(국호),종족·국호
梁山人,분할,{梁山},人,분할(지명),종족·국호
梨坡胡,분할,{梨坡},胡,분할(종족·지명),종족·국호
楚人,분할,{楚},人,분할(국호),종족·국호
殷人,분할,{殷},人,분할(국호),종족·국호
毛憐衛兀良哈,분할,{毛憐衛},兀良哈,분할(종족·지명),종족·국호
毛憐衛野人,분할,{毛憐衛},野人,분할(지명),종족·국호
毛憐衞野人,분할,{毛憐衞},野人,분할(종족·지명),종족·국호
毛麟衛㺚子,분할,{毛麟衛},㺚子,분할(종족·지명),종족·국호
水原人,분할,{水原},人,분할(지명),종족·국호
永川人,분할,{永川},人,분할(지명),종족·국호
永柔人,분할,{永柔},人,분할(지명),종족·국호
永興人,분할,{永興},人,분할(지명),종족·국호
江南人,분할,{江南},人,분할(지명),종족·국호
江夏人,분할,{江夏},人,분할(지명),종족·국호
江戶倭,분할,{江戶}{倭},,분할(국호·지명),종족·국호
江西人,분할,{江西},人,분할(지명),종족·국호
江陵人,분할,{江陵},人,분할(지명),종족·국호
河東人,분할,{河東},人,분할(지명),종족·국호
波浪國人,분할,{波浪國},人,분할(지명),종족·국호
波猪野人,분할,{波猪},野人,분할(종족·지명),종족·국호
波蕩洞胡,분할,{波蕩洞},胡,분할(종족·지명),종족·국호
洪川人,분할,{洪川},人,분할(지명),종족·국호
流球人,분할,{流球},人,분할(지명),종족·국호
浙江人,분할,{浙江},人,분할(지명),종족·국호
海南人,분할,{海南},人,분할(지명),종족·국호
海美人,분할,{海美},人,분할(지명),종족·국호
海西㺚子,분할,{海西},㺚子,분할(종족·지명),종족·국호
海西女眞,분할,{海西},女眞,분할(종족·지명),종족·국호
海西野人,분할,{海西},野人,분할(지명),종족·국호
淮南人,분할,{淮南},人,분할(지명),종족·국호
淸人,분할,{淸},人,분할(국호·사람·집단),종족·국호
淸國人,분할,{淸國},人,분할(지명),종족·국호
淸州人,분할,{淸州},,분할(지명),종족·국호
渭原人,분할,{渭原},,분할(지명),종족·국호
溫下衛野人,분할,{溫下衛},野人,분할(지명),종족·국호
滿洲人,분할,{滿洲},人,분할(지명),종족·국호
滿浦人,분할,{滿浦},人,분할(지명),종족·국호
滿浦胡人,분할,{滿浦},胡人,분할(지명),종족·국호
滿浦野人,분할,{滿浦},野人,분할(지명),종족·국호
漢人,분할,{漢},人,분할(국호·사람·집단),종족·국호
漣川人,분할,{漣川},人,분할(지명),종족·국호
濟州人,분할,{濟州},人,분할(지명),종족·국호
濟州倭,분할,{濟州}{倭},,분할(국호·지명),종족·국호
熊川倭,분할,{熊川}{倭},,분할(국호·지명),종족·국호
燕人,분할,{燕},人,분할(국호),종족·국호
玄風人,분할,{玄風},人,분할(지명),종족·국호
理山人,분할,{理山},人,분할(지명),종족·국호
琉球人,분할,{琉球},人,분할(지명),종족·국호
琉球國人,분할,{琉球國},人,분할(지명),종족·국호
甘坡人,분할,{甘坡},人,분할(지명),종족·국호
石城人,분할,{石城},人,분할(지명),종족·국호
福建人,분할,{福建},人,분할(지명),종족·국호
秦人,분할,{秦},人,분할(국호),종족·국호
稷山人,분할,{稷山},人,분할(지명),종족·국호
穩城胡,분할,{穩城},胡,분할(종족·지명),종족·국호
緬甸人,분할,{緬甸},人,분할(지명),종족·국호
羅州人,분할,{羅州},人,분할(지명),종족·국호
義城人,분할,{義城},人,분할(지명),종족·국호
義州人,분할,{義州},人,분할(지명),종족·국호
義州胡,분할,{義州},胡,분할(종족·지명),종족·국호
興海人,분할,{興海},人,분할(지명),종족·국호
苗人,분할,{苗},人,분할(지명),종족·국호
草溪人,분할,{草溪},人,분할(지명),종족·국호
荊人,분할,{荊},人,분할(지명),종족·국호
蒙古人,분할,{蒙古},人,분할(지명),종족·국호
蒲州野人,분할,{蒲州},野人,분할(지명),종족·국호
蔚山人,분할,{蔚山},人,분할(지명),종족·국호
蔚山倭,분할,{蔚山}{倭},,분할(국호·지명),종족·국호
蔚珍人,분할,{蔚珍},人,분할(지명),종족·국호
蔡人,분할,{蔡},人,분할(지명),종족·국호
薺浦倭,분할,{薺浦}{倭},,분할(국호·지명),종족·국호
薺浦倭人,분할,{薺浦}{倭},人,분할(국호·지명),종족·국호
虞人,분할,{虞},人,분할(지명),종족·국호
蜀人,분할,{蜀},人,분할(지명),종족·국호
衛胡人,분할,{衛胡},人,분할(지명),종족·국호
西域人,분할,{西域},人,분할(지명),종족·국호
西蕃人,분할,{西蕃},人,분할(지명),종족·국호
谷山人,분할,{谷山},人,분할(지명),종족·국호
豐德人,분할,{豐德},人,분할(지명),종족·국호
賊倭,분할,{倭},賊,분할(국호·사람·집단),종족·국호
越人,분할,{越},人,분할(국호),종족·국호
通州人,분할,{通州},人,분할(지명),종족·국호
遂安人,분할,{遂安},人,분할(지명),종족·국호
遼人,분할,{遼},人,분할(국호),종족·국호
遼東人,분할,{遼東},人,분할(지명),종족·국호
鄭可坪野人,분할,{鄭可坪},野人,분할(지명),종족·국호
醴泉人,분할,{醴泉},人,분할(지명),종족·국호
金化人,분할,{金化},人,분할(지명),종족·국호
金山人,분할,{金山},人,분할(지명),종족·국호
釜山倭,분할,{釜山}{倭},,분할(국호·지명),종족·국호
釜山浦倭,분할,{釜山浦}{倭},,분할(국호·지명),종족·국호
釜山浦倭人,분할,{釜山浦}{倭},人,분할(국호·지명),종족·국호
鍾城胡,분할,{鍾城},胡,분할(종족·지명),종족·국호
鏡城人,분할,{鏡城},人,분할(지명),종족·국호
鐵山人,분할,{鐵山},人,분할(지명),종족·국호
長城人,분할,{長城},人,분할(지명),종족·국호
開城人,분할,{開城},人,분할(지명),종족·국호
阿蘭陁人,분할,{阿蘭陁},人,분할(지명),종족·국호
降倭,분할,{倭},降,분할(국호·사람·집단),종족·국호
陜川人,분할,{陜川},人,분할(지명),종족·국호
雲南人,분할,{雲南},人,분할(지명),종족·국호
順興人,분할,{順興},人,분할(지명),종족·국호
頭頭野人,분할,{頭頭野},野人,분할(지명),종족·국호
馬島人,분할,{馬島},人,분할(지명),종족·국호
馬島倭,분할,{馬島}{倭},,분할(국호·지명),종족·국호
馬島倭人,분할,{馬島倭},人,분할(지명),종족·국호
驪州人,분할,{驪州},人,분할(지명),종족·국호
高麗人,분할,{高麗},人,분할(지명),종족·국호
魯人,분할,{魯},人,분할(국호),종족·국호
鹽浦倭,분할,{鹽浦}{倭},,분할(국호·지명),종족·국호
鹽浦倭人,분할,{鹽浦}{倭},人,분할(국호·지명),종족·국호
麗人,분할,{麗},人,분할(국호),종족·국호
黃州人,분할,{黃州},人,분할(지명),종족·국호
黑龍江㺚子,분할,{黑龍江},㺚子,분할(종족·지명),종족·국호
齊人,분할,{齊},人,분할(국호),종족·국호
龍宮人,분할,{龍宮},人,분할(지명),종족·국호
龍山倭賊,분할,{龍山},倭賊,분할(사람·집단·지명),종족·국호
北靑,유지,{北靑},,지명(국호 아님),종족·국호
對馬島,유지,{對馬島},,지명(국호 아님),종족·국호
瀋,유지,{瀋},,지명(국호 아님),종족·국호
焦蘇野人,유지,{焦蘇野人},,지명,종족·국호
靈光人,유지,{靈光人},,지명,종족·국호
㺚,제거,,㺚,종족명,종족·국호
㺚兵,제거,,㺚兵,사람·집단 지칭,종족·국호
㺚奴,제거,,㺚奴,사람·집단 지칭,종족·국호
㺚子,제거,,㺚子,종족명,종족·국호
㺚胡,제거,,㺚胡,종족명,종족·국호
㺚虜,제거,,㺚虜,종족명,종족·국호
㺚賊,제거,,㺚賊,사람·집단 지칭,종족·국호
㺚靼,제거,,㺚靼,종족명,종족·국호
七姓兀狄哈,제거,,七姓兀狄哈,종족명,종족·국호
九姓兀狄哈,제거,,九姓兀狄哈,종족명,종족·국호
也虜,제거,,也虜,종족명,종족·국호
于狄哈,제거,,于狄哈,종족명,종족·국호
亏乙未車兀狄哈,제거,,亏乙未車兀狄哈,종족명,종족·국호
亏吾郞哈,제거,,亏吾郞哈,종족명,종족·국호
亏未車兀狄哈,제거,,亏未車兀狄哈,종족명,종족·국호
亏狄介,제거,,亏狄介,종족명,종족·국호
亏狄哈,제거,,亏狄哈,종족명,종족·국호
亏知介,제거,,亏知介,종족명,종족·국호
亐乙未車兀狄哈,제거,,亐乙未車兀狄哈,종족명,종족·국호
五胡,제거,,五胡,종족명,종족·국호
何胡,제거,,何胡,종족명,종족·국호
倭丁,제거,,倭丁,사람·집단 지칭,종족·국호
倭上,제거,,倭上,비지명,종족·국호
倭亂,제거,,倭亂,비지명,종족·국호
倭使,제거,,倭使,사람·집단 지칭,종족·국호
倭俗,제거,,倭俗,사람·집단 지칭,종족·국호
倭倭,제거,,倭倭,사람·집단 지칭,종족·국호
倭僧,제거,,倭僧,사람·집단 지칭,종족·국호
倭入,제거,,倭入,비지명,종족·국호
倭兵,제거,,倭兵,사람·집단 지칭,종족·국호
倭口,제거,,倭口,사람·집단 지칭,종족·국호
倭夷,제거,,倭夷,종족명,종족·국호
倭女,제거,,倭女,사람·집단 지칭,종족·국호
倭婦,제거,,倭婦,사람·집단 지칭,종족·국호
倭子,제거,,倭子,종족명,종족·국호
倭官,제거,,倭官,사람·집단 지칭,종족·국호
倭客,제거,,倭客,사람·집단 지칭,종족·국호
倭寇,제거,,倭寇,종족명,종족·국호
倭將,제거,,倭將,사람·집단 지칭,종족·국호
倭山江古水麻,제거,,倭山江古水麻,비지명,종족·국호
倭形,제거,,倭形,비지명,종족·국호
倭楮,제거,,倭楮,비지명,종족·국호
倭級,제거,,倭級,사람·집단 지칭,종족·국호
倭船,제거,,倭船,비지명,종족·국호
倭虜,제거,,倭虜,종족명,종족·국호
倭衆,제거,,倭衆,사람·집단 지칭,종족·국호
倭語,제거,,倭語,사람·집단 지칭,종족·국호
倭賜,제거,,倭賜,비지명,종족·국호
倭軍,제거,,倭軍,사람·집단 지칭,종족·국호
倭通,제거,,倭通,사람·집단 지칭,종족·국호
倭邦,제거,,倭邦,비지명,종족·국호
倭酋,제거,,倭酋,사람·집단 지칭,종족·국호
倭野,제거,,倭野,비지명,종족·국호
假㺚,제거,,假㺚,종족명,종족·국호
兀未車兀狄哈,제거,,兀未車兀狄哈,종족명,종족·국호
兀狄,제거,,兀狄,종족명,종족·국호
兀狄介,제거,,兀狄介,종족명,종족·국호
兀狄合,제거,,兀狄合,종족명,종족·국호
兀狄哈,제거,,兀狄哈,종족명,종족·국호
兀狄哈時童介,제거,,兀狄哈時童介,종족명,종족·국호
兀胡,제거,,兀胡,종족명,종족·국호
兀良哈,제거,,兀良哈,종족명,종족·국호
兀良哈斡朶里,제거,,兀良哈斡朶里,종족명,종족·국호
兀良哈時羅右,제거,,兀良哈時羅右,종족명,종족·국호
兀良狄,제거,,兀良狄,종족명,종족·국호
元㺚子,제거,,元㺚子,종족명,종족·국호
元狄哈,제거,,元狄哈,종족명,종족·국호
具州兀狄哈,제거,,具州兀狄哈,종족명,종족·국호
兼進兀狄哈,제거,,兼進兀狄哈,종족명,종족·국호
剌麻㺚子,제거,,剌麻㺚子,종족명,종족·국호
匈奴,제거,,匈奴,종족명,종족·국호
北匈奴,제거,,北匈奴,종족명,종족·국호
北狄,제거,,北狄,종족명,종족·국호
北胡,제거,,北胡,종족명,종족·국호
北虜,제거,,北虜,종족명,종족·국호
南倭,제거,,南倭,사람·집단 지칭,종족·국호
南夷,제거,,南夷,종족명,종족·국호
南突兀狄哈,제거,,南突兀狄哈,종족명,종족·국호
南蠻,제거,,南蠻,종족명,종족·국호
南蠻人,제거,,南蠻人,전부 제거,종족·국호
南訥兀狄哈,제거,,南訥兀狄哈,종족명,종족·국호
南豆乙亏狄哈,제거,,南豆乙亏狄哈,종족명,종족·국호
古耶乙兀狄哈,제거,,古耶乙兀狄哈,종족명,종족·국호
吉囊㺚子,제거,,吉囊㺚子,종족명,종족·국호
吾弄草斡朶里,제거,,吾弄草斡朶里,종족명,종족·국호
吾郞哈,제거,,吾郞哈,종족명,종족·국호
吾都里,제거,,吾都里,종족명,종족·국호
吾都里城,제거,,吾都里城,종족명,종족·국호
吾都里衛,제거,,吾都里衛,종족명,종족·국호
商倭,제거,,商倭,사람·집단 지칭,종족·국호
回㺚,제거,,回㺚,종족명,종족·국호
大差倭,제거,,大差倭,사람·집단 지칭,종족·국호
大虜㺚子,제거,,大虜㺚子,종족명,종족·국호
大鼻㺚,제거,,大鼻㺚,종족명,종족·국호
太極㺚子,제거,,太極㺚子,종족명,종족·국호
夷,제거,,夷,종족명,종족·국호
夷狄,제거,,夷狄,종족명,종족·국호
夷虜,제거,,夷虜,종족명,종족·국호
女眞,제거,,女眞,종족명,종족·국호
女眞人,제거,,女眞人,전부 제거,종족·국호
女眞野人,제거,,女眞野人,전부 제거,종족·국호
奴,제거,,奴,종족명,종족·국호
奴㺚,제거,,奴㺚,종족명,종족·국호
奴夷,제거,,奴夷,종족명,종족·국호
奴胡,제거,,奴胡,종족명,종족·국호
奴虜,제거,,奴虜,종족명,종족·국호
奴賊,제거,,奴賊,종족명,종족·국호
嫌眞亏狄哈,제거,,嫌眞亏狄哈,종족명,종족·국호
嫌眞兀狄哈,제거,,嫌眞兀狄哈,종족명,종족·국호
嫌進兀狄哈,제거,,嫌進兀狄哈,종족명,종족·국호
富家狄,제거,,富家狄,종족명,종족·국호
對馬賊倭,제거,,對馬賊倭,사람·집단 지칭,종족·국호
小胡,제거,,小胡,종족명,종족·국호
尙家麻坡兀良哈,제거,,尙家麻坡兀良哈,종족명,종족·국호
尤胡,제거,,尤胡,종족명,종족·국호
尼磨車兀狄哈,제거,,尼磨車兀狄哈,종족명,종족·국호
尼胡,제거,,尼胡,종족명,종족·국호
尼麻兀車狄哈,제거,,尼麻兀車狄哈,사람·집단 지칭,종족·국호
尼麻車,제거,,尼麻車,종족명,종족·국호
尼麻車亏知介,제거,,尼麻車亏知介,종족명,종족·국호
尼麻車兀狄合,제거,,尼麻車兀狄合,종족명,종족·국호
尼麻車兀狄哈,제거,,尼麻車兀狄哈,종족명,종족·국호
尼麼車兀狄哈,제거,,尼麼車兀狄哈,종족명,종족·국호
尼麽車兀狄哈,제거,,尼麽車兀狄哈,종족명,종족·국호
尼麿車兀狄哈,제거,,尼麿車兀狄哈,종족명,종족·국호
島倭,제거,,島倭,사람·집단 지칭,종족·국호
島夷,제거,,島夷,종족명,종족·국호
州倭,제거,,州倭,사람·집단 지칭,종족·국호
差倭,제거,,差倭,종족명,종족·국호
常倭,제거,,常倭,사람·집단 지칭,종족·국호
平虜,제거,,平虜,종족명,종족·국호
广倭,제거,,广倭,사람·집단 지칭,종족·국호
建夷,제거,,建夷,종족명,종족·국호
後武夷,제거,,後武夷,종족명,종족·국호
忽刺溫,제거,,忽刺溫,종족명,종족·국호
忽剌溫,제거,,忽剌溫,종족명,종족·국호
忽剌溫兀狄哈,제거,,忽剌溫兀狄哈,종족명,종족·국호
忽溫,제거,,忽溫,종족명,종족·국호
忽胡,제거,,忽胡,종족명,종족·국호
忽虜,제거,,忽虜,종족명,종족·국호
忽賊,제거,,忽賊,종족명,종족·국호
戎狄,제거,,戎狄,종족명,종족·국호
戎虜,제거,,戎虜,종족명,종족·국호
戡蠻,제거,,戡蠻,종족명,종족·국호
戡蠻夷,제거,,戡蠻夷,종족명,종족·국호
揷胡,제거,,揷胡,종족명,종족·국호
撫夷,제거,,撫夷,종족명,종족·국호
撫夷城底,제거,,撫夷城底,사람·집단 지칭,종족·국호
斡孕里女眞,제거,,斡孕里女眞,종족명,종족·국호
斡朶里,제거,,斡朶里,종족명,종족·국호
斡朶里阿陽阿,제거,,斡朶里阿陽阿,종족명,종족·국호
新胡水平,제거,,新胡水平,사람·집단 지칭,종족·국호
昆夷,제거,,昆夷,종족명,종족·국호
望夷,제거,,望夷,종족명,종족·국호
朝倭,제거,,朝倭,사람·집단 지칭,종족·국호
本衛韃靼,제거,,本衛韃靼,종족명,종족·국호
東夷,제거,,東夷,종족명,종족·국호
東女眞,제거,,東女眞,종족명,종족·국호
東胡,제거,,東胡,종족명,종족·국호
東良北兀良哈,제거,,東良北兀良哈,종족명,종족·국호
栗胡,제거,,栗胡,종족명,종족·국호
格倭,제거,,格倭,사람·집단 지칭,종족·국호
橘倭,제거,,橘倭,사람·집단 지칭,종족·국호
歉眞亏狄哈,제거,,歉眞亏狄哈,종족명,종족·국호
此倭,제거,,此倭,사람·집단 지칭,종족·국호
武夷,제거,,武夷,종족명,종족·국호
殿倭,제거,,殿倭,사람·집단 지칭,종족·국호
水兀狄哈,제거,,水兀狄哈,종족명,종족·국호
沙胡,제거,,沙胡,종족명,종족·국호
浪胡,제거,,浪胡,종족명,종족·국호
淮夷,제거,,淮夷,종족명,종족·국호
深處韃靼,제거,,深處韃靼,종족명,종족·국호
淸胡,제거,,淸胡,종족명,종족·국호
淸虜,제거,,淸虜,종족명,종족·국호
準夷,제거,,準夷,종족명,종족·국호
潘胡,제거,,潘胡,종족명,종족·국호
瀋胡,제거,,瀋胡,종족명,종족·국호
火㺚狚,제거,,火㺚狚,사람·집단 지칭,종족·국호
火刺溫兀狄哈,제거,,火刺溫兀狄哈,종족명,종족·국호
火剌溫,제거,,火剌溫,종족명,종족·국호
火剌溫兀狄哈,제거,,火剌溫兀狄哈,종족명,종족·국호
火剌溫元狄哈,제거,,火剌溫元狄哈,종족명,종족·국호
照兒好兀狄哈,제거,,照兒好兀狄哈,종족명,종족·국호
照運兀狄哈,제거,,照運兀狄哈,종족명,종족·국호
熟女眞,제거,,熟女眞,종족명,종족·국호
狄,제거,,狄,종족명,종족·국호
狄岾,제거,,狄岾,비지명,종족·국호
狄踰,제거,,狄踰,비지명,종족·국호
狄踰岾,제거,,狄踰岾,비지명,종족·국호
狄鞭站,제거,,狄鞭站,비지명,종족·국호
狄餘,제거,,狄餘,비지명,종족·국호
生女眞,제거,,生女眞,종족명,종족·국호
畎夷,제거,,畎夷,종족명,종족·국호
番胡,제거,,番胡,종족명,종족·국호
百夷,제거,,百夷,종족명,종족·국호
眞㺚,제거,,眞㺚,종족명,종족·국호
眞㺚子,제거,,眞㺚子,종족명,종족·국호
眞夷,제거,,眞夷,종족명,종족·국호
破吾達胡,제거,,破吾達胡,종족명,종족·국호
等藩胡,제거,,等藩胡,종족명,종족·국호
節都骨,제거,,節都骨,종족명,종족·국호
納胡,제거,,納胡,종족명,종족·국호
索倫㺚子,제거,,索倫㺚子,종족명,종족·국호
羌胡,제거,,羌胡,종족명,종족·국호
羌虜,제거,,羌虜,종족명,종족·국호
羗胡,제거,,羗胡,종족명,종족·국호
羯虜,제거,,羯虜,종족명,종족·국호
老,제거,,老,종족명,종족·국호
老胡,제거,,老胡,종족명,종족·국호
聳虜,제거,,聳虜,종족명,종족·국호
胡,제거,,胡,종족명,종족·국호
胡㺚,제거,,胡㺚,종족명,종족·국호
胡人,제거,,胡人,전부 제거,종족·국호
胡俗,제거,,胡俗,사람·집단 지칭,종족·국호
胡元,제거,,胡元,비지명,종족·국호
胡兵,제거,,胡兵,사람·집단 지칭,종족·국호
胡地,제거,,胡地,종족명,종족·국호
胡奴,제거,,胡奴,사람·집단 지칭,종족·국호
胡子,제거,,胡子,사람·집단 지칭,종족·국호
胡宗塔,제거,,胡宗塔,비지명,종족·국호
胡家,제거,,胡家,사람·집단 지칭,종족·국호
胡家七坐,제거,,胡家七坐,비지명,종족·국호
胡寇,제거,,胡寇,비지명,종족·국호
胡屯,제거,,胡屯,비지명,종족·국호
胡差,제거,,胡差,비지명,종족·국호
胡於仇大,제거,,胡於仇大,비지명,종족·국호
胡沙,제거,,胡沙,비지명,종족·국호
胡淸,제거,,胡淸,비지명,종족·국호
胡照里岾,제거,,胡照里岾,비지명,종족·국호
胡狢,제거,,胡狢,비지명,종족·국호
胡皇,제거,,胡皇,사람·집단 지칭,종족·국호
胡羗,제거,,胡羗,비지명,종족·국호
胡羯,제거,,胡羯,비지명,종족·국호
胡藩,제거,,胡藩,비지명,종족·국호
胡虜,제거,,胡虜,종족명,종족·국호
胡語,제거,,胡語,사람·집단 지칭,종족·국호
胡豆淵,제거,,胡豆淵,비지명,종족·국호
胡賊,제거,,胡賊,사람·집단 지칭,종족·국호
胡越,제거,,胡越,비지명,종족·국호
胡馬,제거,,胡馬,비지명,종족·국호
胡魏,제거,,胡魏,비지명,종족·국호
臥胡,제거,,臥胡,종족명,종족·국호
興利倭,제거,,興利倭,종족명,종족·국호
苗夷,제거,,苗夷,종족명,종족·국호
苗蠻,제거,,苗蠻,종족명,종족·국호
華人,제거,,華人,종족명,종족·국호
蕃胡,제거,,蕃胡,종족명,종족·국호
藩胡,제거,,藩胡,종족명,종족·국호
虜,제거,,虜,종족명,종족·국호
虜人,제거,,虜人,전부 제거,종족·국호
虜兵,제거,,虜兵,사람·집단 지칭,종족·국호
虜寇,제거,,虜寇,비지명,종족·국호
虜酋,제거,,虜酋,사람·집단 지칭,종족·국호
虜騎,제거,,虜騎,비지명,종족·국호
蠻,제거,,蠻,종족명,종족·국호
蠻剌,제거,,蠻剌,비지명,종족·국호
蠻夷,제거,,蠻夷,종족명,종족·국호
蠻荊,제거,,蠻荊,비지명,종족·국호
蠻貊,제거,,蠻貊,비지명,종족·국호
衆倭子,제거,,衆倭子,사람·집단 지칭,종족·국호
西㺚,제거,,西㺚,종족명,종족·국호
西㺚子,제거,,西㺚子,종족명,종족·국호
西夷,제거,,西夷,종족명,종족·국호
西胡,제거,,西胡,종족명,종족·국호
西虜,제거,,西虜,종족명,종족·국호
西靼,제거,,西靼,종족명,종족·국호
解倭,제거,,解倭,사람·집단 지칭,종족·국호
訓春兀良哈,제거,,訓春兀良哈,종족명,종족·국호
訓春斡朶里,제거,,訓春斡朶里,종족명,종족·국호
諸種兀狄哈,제거,,諸種兀狄哈,종족명,종족·국호
謙眞兀狄哈,제거,,謙眞兀狄哈,종족명,종족·국호
謙進兀狄哈,제거,,謙進兀狄哈,종족명,종족·국호
賊夷,제거,,賊夷,종족명,종족·국호
賊胡,제거,,賊胡,종족명,종족·국호
賊虜,제거,,賊虜,종족명,종족·국호
車節兀狄哈,제거,,車節兀狄哈,종족명,종족·국호
遇㺚賊,제거,,遇㺚賊,사람·집단 지칭,종족·국호
達㺚虜,제거,,達㺚虜,종족명,종족·국호
達子,제거,,達子,종족명,종족·국호
達達,제거,,達達,종족명,종족·국호
郞胡,제거,,郞胡,종족명,종족·국호
都乙溫韃靼,제거,,都乙溫韃靼,종족명,종족·국호
都蠻,제거,,都蠻,종족명,종족·국호
都骨,제거,,都骨,종족명,종족·국호
都骨兀狄哈,제거,,都骨兀狄哈,종족명,종족·국호
酋胡,제거,,酋胡,종족명,종족·국호
野人,제거,,野人,종족명,종족·국호
金㺚子,제거,,金㺚子,종족명,종족·국호
金人,제거,,金人,종족명,종족·국호
金虜,제거,,金虜,종족명,종족·국호
釜倭,제거,,釜倭,사람·집단 지칭,종족·국호
鎭夷,제거,,鎭夷,종족명,종족·국호
開元㺚子,제거,,開元㺚子,종족명,종족·국호
闊兒看亏狄哈,제거,,闊兒看亏狄哈,종족명,종족·국호
闊兒看兀狄哈,제거,,闊兒看兀狄哈,종족명,종족·국호
阿河吾郞哈,제거,,阿河吾郞哈,종족명,종족·국호
阿赤郞貴兀良哈,제거,,阿赤郞貴兀良哈,종족명,종족·국호
降胡,제거,,降胡,종족명,종족·국호
雙環㺚子,제거,,雙環㺚子,종족명,종족·국호
雜胡,제거,,雜胡,종족명,종족·국호
靺虜,제거,,靺虜,종족명,종족·국호
靼韃,제거,,靼韃,비지명,종족·국호
鞭靼,제거,,鞭靼,종족명,종족·국호
韃靼,제거,,韃靼,종족명,종족·국호
頭胡,제거,,頭胡,종족명,종족·국호
頭頭斡朶里,제거,,頭頭斡朶里,종족명,종족·국호
館倭,제거,,館倭,사람·집단 지칭,종족·국호
骨看,제거,,骨看,종족명,종족·국호
骨看亏狄哈,제거,,骨看亏狄哈,종족명,종족·국호
骨看亏知介,제거,,骨看亏知介,종족명,종족·국호
骨看亏知哈,제거,,骨看亏知哈,종족명,종족·국호
骨看亐知哈,제거,,骨看亐知哈,종족명,종족·국호
骨看兀狄,제거,,骨看兀狄,종족명,종족·국호
骨看兀狄吟,제거,,骨看兀狄吟,종족명,종족·국호
骨看兀狄哈,제거,,骨看兀狄哈,종족명,종족·국호
高蠻,제거,,高蠻,종족명,종족·국호
魚皮㺚,제거,,魚皮㺚,종족명,종족·국호
鴟夷,제거,,鴟夷,종족명,종족·국호
麾胡,제거,,麾胡,종족명,종족·국호
黃擧人,제거,,黃擧人,종족명,종족·국호
黃眼㺚子,제거,,黃眼㺚子,종족명,종족·국호
黃眼㺚賊,제거,,黃眼㺚賊,사람·집단 지칭,종족·국호
