표제어,지명,지명끝,관직,품계,유형,전거,시행
一員從三都護府使,一員從三,4,都護府使,,外官-文,대전회통,1485
一員從二府尹,一員從二,4,府尹,,外官-文,대전회통,1485
一員從二觀察使,一員從二,4,觀察使,,外官-文,대전회통,1485
一員從五判官,一員從五,4,判官,,外官-文,대전회통,1485
一員從五縣令,一員從五,4,縣令,,外官-文,대전회통,1485
一員從四庶尹,一員從四,4,庶尹,,外官-文,대전회통,1485
一員正三大都護府使,一員正三,4,大都護府使,,外官-文,대전회통,1485
一員正三牧使,一員正三,4,牧使,,外官-文,대전회통,1485
七員從三都護府使,七員從三,4,都護府使,,外官-文,대전회통,1485
七員從四郡守,七員從四,4,郡守,,外官-文,대전회통,1485
三員從五縣令,三員從五,4,縣令,,外官-文,대전회통,1485
三員正三牧使,三員正三,4,牧使,,外官-文,대전회통,1485
三水鎭兵馬僉節制使,三水鎭,3,兵馬僉節制使,從三品,外官-武,경국대전,1485
三涉浦鎭水軍僉節制使,三涉浦鎭,4,水軍僉節制使,從三品,外官-武,경국대전,1485
上土兵馬萬戶,上土,2,兵馬萬戶,從四品,外官-武,경국대전,1485
上土同僉節制使,上土,2,同僉節制使,,外官-武,대전회통,1485
丑山浦水軍萬戶,丑山浦,3,水軍萬戶,從四品,外官-武,경국대전,1485
中和兵馬同僉節制使,中和,2,兵馬同僉節制使,從四品,外官-武,경국대전,1485
中和同僉節制使,中和,2,同僉節制使,,外官-武,대전회통,1485
中和郡守,中和,2,郡守,從四品,外官-文,경국대전,1485
中和都護府使,中和,2,都護府使,,外官-文,대전회통,1485
丹城兵馬節制都尉,丹城,2,兵馬節制都尉,從六品,外官-武,경국대전,1485
丹城節制都尉,丹城,2,節制都尉,,外官-武,대전회통,1485
丹城縣監,丹城,2,縣監,從六品,外官-文,경국대전,1485
丹陽兵馬同僉節制使,丹陽,2,兵馬同僉節制使,從四品,外官-武,경국대전,1485
丹陽同僉節制使,丹陽,2,同僉節制使,,外官-武,대전회통,1485
丹陽郡守,丹陽,2,郡守,從四品,外官-文,경국대전,1485
乫波知同僉節制使,乫波知,3,同僉節制使,,外官-武,대전회통,1485
二員從二府尹,二員從二,4,府尹,,外官-文,대전회통,1485
二員從五判官,二員從五,4,判官,,外官-文,대전회통,1485
二員從五縣令,二員從五,4,縣令,,外官-文,대전회통,1485
二員從六縣監,二員從六,4,縣監,,外官-文,대전회통,1485
二員從四郡守,二員從四,4,郡守,,外官-文,대전회통,1485
二員正三大都護府使,二員正三,4,大都護府使,,外官-文,대전회통,1485
二員正三牧使,二員正三,4,牧使,,外官-文,대전회통,1485
五員從五縣令,五員從五,4,縣令,,外官-文,대전회통,1485
五員從六縣監,五員從六,4,縣監,,外官-文,대전회통,1485
井浦水軍萬戶,井浦,2,水軍萬戶,從四品,外官-武,경국대전,1485
井浦萬戶,井浦,2,萬戶,,外官-武,대전회통,1485
井邑兵馬節制都尉,井邑,2,兵馬節制都尉,從六品,外官-武,경국대전,1485
井邑節制都尉,井邑,2,節制都尉,,外官-武,대전회통,1485
井邑縣監,井邑,2,縣監,從六品,外官-文,경국대전,1485
交河兵馬節制都尉,交河,2,兵馬節制都尉,從六品,外官-武,경국대전,1485
交河同僉節制使,交河,2,同僉節制使,,外官-武,대전회통,1485
交河縣監,交河,2,縣監,從六品,外官-文,경국대전,1485
交河郡守,交河,2,郡守,,外官-文,대전회통,1485
京畿兵馬節度使,京畿,2,兵馬節度使,從二品,外官-武,경국대전,1485
京畿審藥,京畿,2,審藥,從九品,外官-文,경국대전,1485
京畿敎授,京畿,2,敎授,從六品,外官-文,경국대전,1485
京畿檢律,京畿,2,檢律,從九品,外官-文,경국대전,1485
京畿水軍節度使,京畿,2,水軍節度使,正三品折衝,外官-武,경국대전,1485
京畿水軍統禦使,京畿,2,水軍統禦使,,外官-武,대전회통,1485
京畿觀察使,京畿,2,觀察使,從二品,外官-文,경국대전,1485
京畿訓導,京畿,2,訓導,從九品,外官-文,경국대전,1485
京畿都事,京畿,2,都事,從五品,外官-文,경국대전,1485
仁同兵馬節制都尉,仁同,2,兵馬節制都尉,從六品,外官-武,경국대전,1485
仁同同僉節制使,仁同,2,同僉節制使,,外官-武,대전회통,1485
仁同縣監,仁同,2,縣監,從六品,外官-文,경국대전,1485
仁同都護府使,仁同,2,都護府使,,外官-文,대전회통,1485
仁川兵馬同僉節制使,仁川,2,兵馬同僉節制使,從四品,外官-武,경국대전,1485
仁川同僉節制使,仁川,2,同僉節制使,,外官-武,대전회통,1485
仁川都護府使,仁川,2,都護府使,從三品,外官-文,경국대전,1485
仇寧兵馬萬戶,仇寧,2,兵馬萬戶,從四品,外官-武,경국대전,1485
仇寧萬戶,仇寧,2,萬戶,,外官-武,대전회통,1485
价川兵馬同僉節制使,价川,2,兵馬同僉節制使,從四品,外官-武,경국대전,1485
价川同僉節制使,价川,2,同僉節制使,,外官-武,대전회통,1485
价川郡守,价川,2,郡守,從四品,外官-文,경국대전,1485
任實兵馬節制都尉,任實,2,兵馬節制都尉,從六品,外官-武,경국대전,1485
任實節制都尉,任實,2,節制都尉,,外官-武,대전회통,1485
任實縣監,任實,2,縣監,從六品,外官-文,경국대전,1485
伊川兵馬節制都尉,伊川,2,兵馬節制都尉,從六品,外官-武,경국대전,1485
伊川同僉節制使,伊川,2,同僉節制使,,外官-武,대전회통,1485
伊川縣監,伊川,2,縣監,從六品,外官-文,경국대전,1485
伊川都護府使,伊川,2,都護府使,,外官-文,대전회통,1485
伐登萬戶,伐登,2,萬戶,,外官-武,대전회통,1485
位羅萬戶,位羅,2,萬戶,,外官-武,대전회통,1485
係京職府尹,係京職,3,府尹,,外官-文,대전회통,1485
係京職都護府使,係京職,3,都護府使,,外官-文,대전회통,1485
保安道察訪,保安道,3,察訪,從六品,外官-文,경국대전,1485
保寧兵馬節制都尉,保寧,2,兵馬節制都尉,從六品,外官-武,경국대전,1485
保寧節制都尉,保寧,2,節制都尉,,外官-武,대전회통,1485
保寧縣監,保寧,2,縣監,從六品,外官-文,경국대전,1485
信川兵馬同僉節制使,信川,2,兵馬同僉節制使,從四品,外官-武,경국대전,1485
信川同僉節制使,信川,2,同僉節制使,,外官-武,대전회통,1485
信川郡守,信川,2,郡守,從四品,外官-文,경국대전,1485
光州兵馬同僉節制使,光州,2,兵馬同僉節制使,從四品,外官-武,경국대전,1485
光州兵馬節制都尉,光州,2,兵馬節制都尉,從六品,外官-武,경국대전,1485
光州判官,光州,2,判官,從五品,外官-文,경국대전,1485
光州同僉節制使,光州,2,同僉節制使,,外官-武,대전회통,1485
光州牧使,光州,2,牧使,正三品,外官-文,경국대전,1485
光陽兵馬節制都尉,光陽,2,兵馬節制都尉,從六品,外官-武,경국대전,1485
光陽節制都尉,光陽,2,節制都尉,,外官-武,대전회통,1485
光陽縣監,光陽,2,縣監,從六品,外官-文,경국대전,1485
兔山兵馬節制都尉,兔山,2,兵馬節制都尉,從六品,外官-武,경국대전,1485
兔山節制都尉,兔山,2,節制都尉,,外官-武,대전회통,1485
兔山縣監,兔山,2,縣監,從六品,外官-文,경국대전,1485
全州判官,全州,2,判官,從五品,外官-文,경국대전,1485
全州府尹,全州,2,府尹,從二品,外官-文,경국대전,1485
全州鎭兵馬節制使,全州鎭,3,兵馬節制使,正三品,外官-武,경국대전,1485
全州鎭兵馬節制都尉,全州鎭,3,兵馬節制都尉,從六品,外官-武,경국대전,1485
全羅右道水軍節度使,全羅右道,4,水軍節度使,正三品,外官-武,경국대전,1485
全羅右道水軍虞候,全羅右道,4,水軍虞候,正四品,外官-武,경국대전,1485
全羅左道水軍節度使,全羅左道,4,水軍節度使,正三品,外官-武,경국대전,1485
全羅左道水軍虞候,全羅左道,4,水軍虞候,正四品,外官-武,경국대전,1485
全羅道兵馬節度使,全羅道,3,兵馬節度使,從二品,外官-武,경국대전,1485
全羅道兵馬虞候,全羅道,3,兵馬虞候,從三品,外官-武,경국대전,1485
全羅道審藥,全羅道,3,審藥,從九品,外官-文,경국대전,1485
全羅道敎授,全羅道,3,敎授,從六品,外官-文,경국대전,1485
全羅道檢律,全羅道,3,檢律,從九品,外官-文,경국대전,1485
全羅道水軍節度使,全羅道,3,水軍節度使,正三品,外官-武,경국대전,1485
全羅道觀察使,全羅道,3,觀察使,從二品,外官-文,경국대전,1485
全羅道訓導,全羅道,3,訓導,從九品,外官-文,경국대전,1485
全羅道都事,全羅道,3,都事,從五品,外官-文,경국대전,1485
全義兵馬節制都尉,全義,2,兵馬節制都尉,從六品,外官-武,경국대전,1485
全義節制都尉,全義,2,節制都尉,,外官-武,대전회통,1485
全義縣監,全義,2,縣監,從六品,外官-文,경국대전,1485
八員從三都護府使,八員從三,4,都護府使,,外官-文,대전회통,1485
八員從六縣監,八員從六,4,縣監,,外官-文,대전회통,1485
公州判官,公州,2,判官,從五品,外官-文,경국대전,1485
公州牧使,公州,2,牧使,正三品,外官-文,경국대전,1485
公州鎭兵馬僉節制使,公州鎭,3,兵馬僉節制使,從三品,外官-武,경국대전,1485
公州鎭兵馬節制都尉,公州鎭,3,兵馬節制都尉,從六品,外官-武,경국대전,1485
六員從三都護府使,六員從三,4,都護府使,,外官-文,대전회통,1485
六員從五縣令,六員從五,4,縣令,,外官-文,대전회통,1485
六員從六察訪,六員從六,4,察訪,,外官-文,대전회통,1485
六員從六縣監,六員從六,4,縣監,,外官-文,대전회통,1485
六員從四郡守,六員從四,4,郡守,,外官-文,대전회통,1485
利仁道驛丞,利仁道,3,驛丞,從九品,外官-文,경국대전,1485
利城兵馬節制都尉,利城,2,兵馬節制都尉,從六品,外官-武,경국대전,1485
利城節制都尉,利城,2,節制都尉,,外官-武,대전회통,1485
利城縣監,利城,2,縣監,從六品,外官-文,경국대전,1485
利川兵馬同僉節制使,利川,2,兵馬同僉節制使,從四品,外官-武,경국대전,1485
利川同僉節制使,利川,2,同僉節制使,,外官-武,대전회통,1485
利川都護府使,利川,2,都護府使,從三品,外官-文,경국대전,1485
加平兵馬節制都尉,加平,2,兵馬節制都尉,從六品,外官-武,경국대전,1485
加平同僉節制使,加平,2,同僉節制使,,外官-武,대전회통,1485
加平縣監,加平,2,縣監,從六品,外官-文,경국대전,1485
加平郡守,加平,2,郡守,,外官-文,대전회통,1485
加背梁萬戶,加背梁,3,萬戶,,外官-武,대전회통,1485
助泥浦萬戶,助泥浦,3,萬戶,,外官-武,대전회통,1485
助羅浦水軍萬戶,助羅浦,3,水軍萬戶,從四品,外官-武,경국대전,1485
助羅浦萬戶,助羅浦,3,萬戶,,外官-武,대전회통,1485
務安兵馬節制都尉,務安,2,兵馬節制都尉,從六品,外官-武,경국대전,1485
務安節制都尉,務安,2,節制都尉,,外官-武,대전회통,1485
務安縣監,務安,2,縣監,從六品,外官-文,경국대전,1485
包伊浦水軍萬戶,包伊浦,3,水軍萬戶,從四品,外官-武,경국대전,1485
包伊浦萬戶,包伊浦,3,萬戶,,外官-武,대전회통,1485
北靑判官,北靑,2,判官,從五品,外官-文,경국대전,1485
北靑都護府使,北靑,2,都護府使,從三品,外官-文,경국대전,1485
北靑鎭兵馬節制都尉,北靑鎭,3,兵馬節制都尉,從六品,外官-武,경국대전,1485
十三員從郡守,十三員從,4,郡守,,外官-文,대전회통,1485
十二員從郡守,十二員從,4,郡守,,外官-文,대전회통,1485
十八員從都護府使,十八員從,4,都護府使,,外官-文,대전회통,1485
十員從四郡守,十員從四,4,郡守,,外官-文,대전회통,1485
十四員從郡守,十四員從,4,郡守,,外官-文,대전회통,1485
十四員從都護府使,十四員從,4,都護府使,,外官-文,대전회통,1485
南原判官,南原,2,判官,從五品,外官-文,경국대전,1485
南原都護府使,南原,2,都護府使,從三品,外官-文,경국대전,1485
南原鎭兵馬僉節制使,南原鎭,3,兵馬僉節制使,從三品,外官-武,경국대전,1485
南原鎭兵馬節制都尉,南原鎭,3,兵馬節制都尉,從六品,外官-武,경국대전,1485
南平兵馬節制都尉,南平,2,兵馬節制都尉,從六品,外官-武,경국대전,1485
南平節制都尉,南平,2,節制都尉,,外官-武,대전회통,1485
南平縣監,南平,2,縣監,從六品,外官-文,경국대전,1485
南桃浦水軍萬戶,南桃浦,3,水軍萬戶,從四品,外官-武,경국대전,1485
南桃浦萬戶,南桃浦,3,萬戶,,外官-武,대전회통,1485
南海兵馬節制都尉,南海,2,兵馬節制都尉,從六品,外官-武,경국대전,1485
南海節制都尉,南海,2,節制都尉,,外官-武,대전회통,1485
南海縣令,南海,2,縣令,從五品,外官-文,경국대전,1485
南陽兵馬同僉節制使,南陽,2,兵馬同僉節制使,從四品,外官-武,경국대전,1485
南陽都護府使,南陽,2,都護府使,從三品,外官-文,경국대전,1485
博川兵馬同僉節制使,博川,2,兵馬同僉節制使,從四品,外官-武,경국대전,1485
博川同僉節制使,博川,2,同僉節制使,,外官-武,대전회통,1485
博川郡守,博川,2,郡守,從四品,外官-文,경국대전,1485
厚州都護府使,厚州,2,都護府使,,外官-文,대전회통,1485
原州判官,原州,2,判官,從五品,外官-文,경국대전,1485
原州牧使,原州,2,牧使,正三品,外官-文,경국대전,1485
原州鎭兵馬僉節制使,原州鎭,3,兵馬僉節制使,從三品,外官-武,경국대전,1485
原州鎭兵馬節制都尉,原州鎭,3,兵馬節制都尉,從六品,外官-武,경국대전,1485
參禮道察訪,參禮道,3,察訪,從六品,外官-文,경국대전,1485
古今島同僉節制使,古今島,3,同僉節制使,,外官-武,대전회통,1485
古城同僉節制使,古城,2,同僉節制使,,外官-武,대전회통,1485
古豐山萬戶,古豐山,3,萬戶,,外官-武,대전회통,1485
古阜兵馬同僉節制使,古阜,2,兵馬同僉節制使,從四品,外官-武,경국대전,1485
古阜同僉節制使,古阜,2,同僉節制使,,外官-武,대전회통,1485
古阜郡守,古阜,2,郡守,從四品,外官-文,경국대전,1485
召村道驛丞,召村道,3,驛丞,從九品,外官-文,경국대전,1485
右道水運判官,右道水運,4,判官,從五品,外官-文,경국대전,1485
吉城兵馬節制都尉,吉城,2,兵馬節制都尉,從六品,外官-武,경국대전,1485
吉城縣監,吉城,2,縣監,從六品,外官-文,경국대전,1485
吉州牧使,吉州,2,牧使,,外官-文,대전회통,1485
同福兵馬節制都尉,同福,2,兵馬節制都尉,從六品,外官-武,경국대전,1485
同福節制都尉,同福,2,節制都尉,,外官-武,대전회통,1485
同福縣監,同福,2,縣監,從六品,外官-文,경국대전,1485
吾叉浦同僉節制使,吾叉浦,3,同僉節制使,,外官-武,대전회통,1485
吾叉浦水軍萬戶,吾叉浦,3,水軍萬戶,從四品,外官-武,경국대전,1485
吾老梁萬戶,吾老梁,3,萬戶,,外官-武,대전회통,1485
呂島水軍萬戶,呂島,2,水軍萬戶,從四品,外官-武,경국대전,1485
呂島萬戶,呂島,2,萬戶,,外官-武,대전회통,1485
和順兵馬節制都尉,和順,2,兵馬節制都尉,從六品,外官-武,경국대전,1485
和順節制都尉,和順,2,節制都尉,,外官-武,대전회통,1485
和順縣監,和順,2,縣監,從六品,外官-文,경국대전,1485
咸安兵馬同僉節制使,咸安,2,兵馬同僉節制使,從四品,外官-武,경국대전,1485
咸安同僉節制使,咸安,2,同僉節制使,,外官-武,대전회통,1485
咸安郡守,咸安,2,郡守,從四品,外官-文,경국대전,1485
咸平兵馬節制都尉,咸平,2,兵馬節制都尉,從六品,外官-武,경국대전,1485
咸平節制都尉,咸平,2,節制都尉,,外官-武,대전회통,1485
咸平縣監,咸平,2,縣監,從六品,外官-文,경국대전,1485
咸從兵馬節制都尉,咸從,2,兵馬節制都尉,從六品,外官-武,경국대전,1485
咸從同僉節制使,咸從,2,同僉節制使,,外官-武,대전회통,1485
咸從縣令,咸從,2,縣令,從五品,外官-文,경국대전,1485
咸從都護府使,咸從,2,都護府使,,外官-文,대전회통,1485
咸悅兵馬節制都尉,咸悅,2,兵馬節制都尉,從六品,外官-武,경국대전,1485
咸悅節制都尉,咸悅,2,節制都尉,,外官-武,대전회통,1485
咸悅縣監,咸悅,2,縣監,從六品,外官-文,경국대전,1485
咸昌兵馬節制都尉,咸昌,2,兵馬節制都尉,從六品,外官-武,경국대전,1485
咸昌節制都尉,咸昌,2,節制都尉,,外官-武,대전회통,1485
咸昌縣監,咸昌,2,縣監,從六品,外官-文,경국대전,1485
咸興兵馬同僉節制使,咸興,2,兵馬同僉節制使,從四品,外官-武,경국대전,1485
咸興判官,咸興,2,判官,,外官-文,대전회통,1485
咸興府尹,咸興,2,府尹,,外官-文,대전회통,1485
咸興郡守,咸興,2,郡守,從四品,外官-文,경국대전,1485
咸鏡道兵馬節度使,咸鏡道,3,兵馬節度使,,外官-武,대전회통,1485
咸鏡道水軍節度使,咸鏡道,3,水軍節度使,,外官-武,대전회통,1485
咸陽兵馬同僉節制使,咸陽,2,兵馬同僉節制使,從四品,外官-武,경국대전,1485
咸陽同僉節制使,咸陽,2,同僉節制使,,外官-武,대전회통,1485
咸陽郡守,咸陽,2,郡守,從四品,外官-文,경국대전,1485
唐津兵馬節制都尉,唐津,2,兵馬節制都尉,從六品,外官-武,경국대전,1485
唐津浦水軍萬戶,唐津浦,3,水軍萬戶,從四品,外官-武,경국대전,1485
唐津節制都尉,唐津,2,節制都尉,,外官-武,대전회통,1485
唐津縣監,唐津,2,縣監,從六品,外官-文,경국대전,1485
唐浦水軍萬戶,唐浦,2,水軍萬戶,從四品,外官-武,경국대전,1485
唐浦萬戶,唐浦,2,萬戶,,外官-武,대전회통,1485
善山兵馬同僉節制使,善山,2,兵馬同僉節制使,從四品,外官-武,경국대전,1485
善山都護府使,善山,2,都護府使,從三品,外官-文,경국대전,1485
善積同僉節制使,善積,2,同僉節制使,,外官-武,대전회통,1485
喬桐兵馬節制都尉,喬桐,2,兵馬節制都尉,從六品,外官-武,경국대전,1485
喬桐梁水軍萬戶,喬桐梁,3,水軍萬戶,從四品,外官-武,경국대전,1485
喬桐縣監,喬桐,2,縣監,從六品,外官-文,경국대전,1485
喬桐都護府使,喬桐,2,都護府使,,外官-文,대전회통,1485
嘉山兵馬同僉節制使,嘉山,2,兵馬同僉節制使,從四品,外官-武,경국대전,1485
嘉山郡守,嘉山,2,郡守,從四品,外官-文,경국대전,1485
四員從五縣令,四員從五,4,縣令,,外官-文,대전회통,1485
四員正三牧使,四員正三,4,牧使,,外官-文,대전회통,1485
固城兵馬節制都尉,固城,2,兵馬節制都尉,從六品,外官-武,경국대전,1485
固城節制都尉,固城,2,節制都尉,,外官-武,대전회통,1485
固城縣令,固城,2,縣令,從五品,外官-文,경국대전,1485
在德萬戶,在德,2,萬戶,,外官-武,대전회통,1485
坡州兵馬同僉節制使,坡州,2,兵馬同僉節制使,從四品,外官-武,경국대전,1485
坡州牧使,坡州,2,牧使,正三品,外官-文,경국대전,1485
堤川兵馬節制都尉,堤川,2,兵馬節制都尉,從六品,外官-武,경국대전,1485
堤川節制都尉,堤川,2,節制都尉,,外官-武,대전회통,1485
堤川縣監,堤川,2,縣監,從六品,外官-文,경국대전,1485
報恩兵馬節制都尉,報恩,2,兵馬節制都尉,從六品,外官-武,경국대전,1485
報恩同僉節制使,報恩,2,同僉節制使,,外官-武,대전회통,1485
報恩節制都尉,報恩,2,節制都尉,,外官-武,대전회통,1485
報恩縣監,報恩,2,縣監,從六品,外官-文,경국대전,1485
報恩郡守,報恩,2,郡守,,外官-文,대전회통,1485
多大浦水軍萬戶,多大浦,3,水軍萬戶,從四品,外官-武,경국대전,1485
多慶浦水軍萬戶,多慶浦,3,水軍萬戶,從四品,外官-武,경국대전,1485
多慶浦萬戶,多慶浦,3,萬戶,,外官-武,대전회통,1485
大丘判官,大丘,2,判官,,外官-文,대전회통,1485
大丘都護府使,大丘,2,都護府使,從三品,外官-文,경국대전,1485
大丘鎭兵馬僉節制使,大丘鎭,3,兵馬僉節制使,從三品,外官-武,경국대전,1485
大同道察訪,大同道,3,察訪,從六品,外官-文,경국대전,1485
大興兵馬節制都尉,大興,2,兵馬節制都尉,從六品,外官-武,경국대전,1485
大興同僉節制使,大興,2,同僉節制使,,外官-武,대전회통,1485
大興縣監,大興,2,縣監,從六品,外官-文,경국대전,1485
大興郡守,大興,2,郡守,,外官-文,대전회통,1485
大靜兵馬節制都尉,大靜,2,兵馬節制都尉,從六品,外官-武,경국대전,1485
大靜同僉節制使,大靜,2,同僉節制使,,外官-武,대전회통,1485
大靜節制都尉,大靜,2,節制都尉,,外官-武,대전회통,1485
大靜縣監,大靜,2,縣監,從六品,外官-文,경국대전,1485
大靜郡守,大靜,2,郡守,,外官-文,대전회통,1485
天城浦萬戶,天城浦,3,萬戶,,外官-武,대전회통,1485
天安兵馬同僉節制使,天安,2,兵馬同僉節制使,從四品,外官-武,경국대전,1485
天安同僉節制使,天安,2,同僉節制使,,外官-武,대전회통,1485
天安郡守,天安,2,郡守,從四品,外官-文,경국대전,1485
天摩同僉節制使,天摩,2,同僉節制使,,外官-武,대전회통,1485
奉化兵馬節制都尉,奉化,2,兵馬節制都尉,從六品,外官-武,경국대전,1485
奉化節制都尉,奉化,2,節制都尉,,外官-武,대전회통,1485
奉化縣監,奉化,2,縣監,從六品,外官-文,경국대전,1485
始興節制都尉,始興,2,節制都尉,,外官-武,대전회통,1485
始興縣令,始興,2,縣令,,外官-文,대전회통,1485
孟山兵馬節制都尉,孟山,2,兵馬節制都尉,從六品,外官-武,경국대전,1485
孟山節制都尉,孟山,2,節制都尉,,外官-武,대전회통,1485
孟山縣監,孟山,2,縣監,從六品,外官-文,경국대전,1485
安仁浦水軍萬戶,安仁浦,3,水軍萬戶,從四品,外官-武,경국대전,1485
安城兵馬同僉節制使,安城,2,兵馬同僉節制使,從四品,外官-武,경국대전,1485
安城同僉節制使,安城,2,同僉節制使,,外官-武,대전회통,1485
安城郡守,安城,2,郡守,從四品,外官-文,경국대전,1485
安奇道察訪,安奇道,3,察訪,從六品,外官-文,경국대전,1485
安山兵馬同僉節制使,安山,2,兵馬同僉節制使,從四品,外官-武,경국대전,1485
安山同僉節制使,安山,2,同僉節制使,,外官-武,대전회통,1485
安山郡守,安山,2,郡守,從四品,外官-文,경국대전,1485
安岳兵馬同僉節制使,安岳,2,兵馬同僉節制使,從四品,外官-武,경국대전,1485
安岳同僉節制使,安岳,2,同僉節制使,,外官-武,대전회통,1485
安岳郡守,安岳,2,郡守,從四品,外官-文,경국대전,1485
安峽兵馬節制都尉,安峽,2,兵馬節制都尉,從六品,外官-武,경국대전,1485
安峽節制都尉,安峽,2,節制都尉,,外官-武,대전회통,1485
安峽縣監,安峽,2,縣監,從六品,外官-文,경국대전,1485
安州判官,安州,2,判官,從五品,外官-文,경국대전,1485
安州牧使,安州,2,牧使,正三品,外官-文,경국대전,1485
安州鎭兵馬僉節制使,安州鎭,3,兵馬僉節制使,從三品,外官-武,경국대전,1485
安州鎭兵馬節制都尉,安州鎭,3,兵馬節制都尉,從六品,外官-武,경국대전,1485
安東判官,安東,2,判官,從五品,外官-文,경국대전,1485
安東大都護府使,安東,2,大都護府使,正三品,外官-文,경국대전,1485
安東鎭兵馬僉節制使,安東鎭,3,兵馬僉節制使,從三品,外官-武,경국대전,1485
安東鎭兵馬節制都尉,安東鎭,3,兵馬節制都尉,從六品,外官-武,경국대전,1485
安義同僉節制使,安義,2,同僉節制使,,外官-武,대전회통,1485
安義節制都尉,安義,2,節制都尉,,外官-武,대전회통,1485
安義縣監,安義,2,縣監,,外官-文,대전회통,1485
安邊大都護府使,安邊,2,大都護府使,正三品,外官-文,경국대전,1485
安邊都護府使,安邊,2,都護府使,,外官-文,대전회통,1485
安邊鎭兵馬僉節制使,安邊鎭,3,兵馬僉節制使,從三品,外官-武,경국대전,1485
安陰兵馬節制都尉,安陰,2,兵馬節制都尉,從六品,外官-武,경국대전,1485
安陰縣監,安陰,2,縣監,從六品,外官-文,경국대전,1485
安骨浦水軍萬戶,安骨浦,3,水軍萬戶,從四品,外官-武,경국대전,1485
安骨浦萬戶,安骨浦,3,萬戶,,外官-武,대전회통,1485
定山兵馬節制都尉,定山,2,兵馬節制都尉,從六品,外官-武,경국대전,1485
定山節制都尉,定山,2,節制都尉,,外官-武,대전회통,1485
定山縣監,定山,2,縣監,從六品,外官-文,경국대전,1485
定州兵馬同僉節制使,定州,2,兵馬同僉節制使,從四品,外官-武,경국대전,1485
定州判官,定州,2,判官,從五品,外官-文,경국대전,1485
定州牧使,定州,2,牧使,正三品,外官-文,경국대전,1485
定州鎭兵馬節制都尉,定州鎭,3,兵馬節制都尉,從六品,外官-武,경국대전,1485
定平兵馬同僉節制使,定平,2,兵馬同僉節制使,從四品,外官-武,경국대전,1485
定平同僉節制使,定平,2,同僉節制使,,外官-武,대전회통,1485
定平都護府使,定平,2,都護府使,從三品,外官-文,경국대전,1485
宜寧兵馬節制都尉,宜寧,2,兵馬節制都尉,從六品,外官-武,경국대전,1485
宜寧節制都尉,宜寧,2,節制都尉,,外官-武,대전회통,1485
宜寧縣監,宜寧,2,縣監,從六品,外官-文,경국대전,1485
宣川兵馬同僉節制使,宣川,2,兵馬同僉節制使,從四品,外官-武,경국대전,1485
宣川郡守,宣川,2,郡守,從四品,外官-文,경국대전,1485
宣川都護府使,宣川,2,都護府使,,外官-文,대전회통,1485
宣沙浦鎭水軍僉節制使,宣沙浦鎭,4,水軍僉節制使,從三品,外官-武,경국대전,1485
寅火堡萬戶,寅火堡,3,萬戶,,外官-武,대전회통,1485
密陽兵馬同僉節制使,密陽,2,兵馬同僉節制使,從四品,外官-武,경국대전,1485
密陽同僉節制使,密陽,2,同僉節制使,,外官-武,대전회통,1485
密陽都護府使,密陽,2,都護府使,從三品,外官-文,경국대전,1485
富寧都護府使,富寧,2,都護府使,從三品,外官-文,경국대전,1485
富寧鎭兵馬僉節制使,富寧鎭,3,兵馬僉節制使,從三品,外官-武,경국대전,1485
富平兵馬同僉節制使,富平,2,兵馬同僉節制使,從四品,外官-武,경국대전,1485
富平同僉節制使,富平,2,同僉節制使,,外官-武,대전회통,1485
富平都護府使,富平,2,都護府使,從三品,外官-文,경국대전,1485
寧海兵馬同僉節制使,寧海,2,兵馬同僉節制使,從四品,外官-武,경국대전,1485
寧海同僉節制使,寧海,2,同僉節制使,,外官-武,대전회통,1485
寧海都護府使,寧海,2,都護府使,從三品,外官-文,경국대전,1485
寧越兵馬同僉節制使,寧越,2,兵馬同僉節制使,從四品,外官-武,경국대전,1485
寧越郡守,寧越,2,郡守,從四品,外官-文,경국대전,1485
寧越都護府使,寧越,2,都護府使,,外官-文,대전회통,1485
寧遠郡守,寧遠,2,郡守,從四品,外官-文,경국대전,1485
寧遠鎭兵馬僉節制使,寧遠鎭,3,兵馬僉節制使,從三品,外官-武,경국대전,1485
寧邊判官,寧邊,2,判官,從五品,外官-文,경국대전,1485
寧邊大都護府使,寧邊,2,大都護府使,正三品,外官-文,경국대전,1485
寧邊鎭兵馬節制都尉,寧邊鎭,3,兵馬節制都尉,從六品,外官-武,경국대전,1485
寶城兵馬同僉節制使,寶城,2,兵馬同僉節制使,從四品,外官-武,경국대전,1485
寶城同僉節制使,寶城,2,同僉節制使,,外官-武,대전회통,1485
寶城郡守,寶城,2,郡守,從四品,外官-文,경국대전,1485
尙州判官,尙州,2,判官,從五品,外官-文,경국대전,1485
尙州牧使,尙州,2,牧使,正三品,外官-文,경국대전,1485
尙州鎭兵馬僉節制使,尙州鎭,3,兵馬僉節制使,從三品,外官-武,경국대전,1485
尙州鎭兵馬節制都尉,尙州鎭,3,兵馬節制都尉,從六品,外官-武,경국대전,1485
尼城節制都尉,尼城,2,節制都尉,,外官-武,대전회통,1485
尼山兵馬節制都尉,尼山,2,兵馬節制都尉,從六品,外官-武,경국대전,1485
尼山縣監,尼山,2,縣監,從六品,外官-文,경국대전,1485
居山道察訪,居山道,3,察訪,從六品,外官-文,경국대전,1485
居昌兵馬節制都尉,居昌,2,兵馬節制都尉,從六品,外官-武,경국대전,1485
居昌同僉節制使,居昌,2,同僉節制使,,外官-武,대전회통,1485
居昌縣監,居昌,2,縣監,從六品,外官-文,경국대전,1485
居昌都護府使,居昌,2,都護府使,,外官-文,대전회통,1485
山淸節制都尉,山淸,2,節制都尉,,外官-武,대전회통,1485
山淸縣監,山淸,2,縣監,,外官-文,대전회통,1485
山羊會萬戶,山羊會,3,萬戶,,外官-武,대전회통,1485
山陰兵馬節制都尉,山陰,2,兵馬節制都尉,從六品,外官-武,경국대전,1485
山陰縣監,山陰,2,縣監,從六品,外官-文,경국대전,1485
崇義殿令,崇義殿,3,令,從五品,外官-文,경국대전,1485
崇義殿使,崇義殿,3,使,從三品,外官-文,경국대전,1485
崇義殿守,崇義殿,3,守,從四品,外官-文,경국대전,1485
崇義殿監,崇義殿,3,監,從六品,外官-文,경국대전,1485
左道水運判官,左道水運,4,判官,從五品,外官-文,경국대전,1485
巨濟兵馬節制都尉,巨濟,2,兵馬節制都尉,從六品,外官-武,경국대전,1485
巨濟同僉節制使,巨濟,2,同僉節制使,,外官-武,대전회통,1485
巨濟縣令,巨濟,2,縣令,從五品,外官-文,경국대전,1485
巨濟都護府使,巨濟,2,都護府使,,外官-文,대전회통,1485
幕嶺萬戶,幕嶺,2,萬戶,,外官-武,대전회통,1485
平丘道察訪,平丘道,3,察訪,從六品,外官-文,경국대전,1485
平壤判官,平壤,2,判官,從五品,外官-文,경국대전,1485
平壤府尹,平壤,2,府尹,從二品,外官-文,경국대전,1485
平壤庶尹,平壤,2,庶尹,從四品,外官-文,경국대전,1485
平壤譯學訓導,平壤,2,譯學訓導,從九品,外官-文,경국대전,1485
平壤鎭兵馬同僉節制使,平壤鎭,3,兵馬同僉節制使,從四品,外官-武,경국대전,1485
平壤鎭兵馬節制都尉,平壤鎭,3,兵馬節制都尉,從六品,外官-武,경국대전,1485
平安道兵馬節度使,平安道,3,兵馬節度使,從二品,外官-武,경국대전,1485
平安道兵馬虞候,平安道,3,兵馬虞候,從三品,外官-武,경국대전,1485
平安道兵馬評事,平安道,3,兵馬評事,正六品,外官-武,경국대전,1485
平安道審藥,平安道,3,審藥,從九品,外官-文,경국대전,1485
平安道敎授,平安道,3,敎授,從六品,外官-文,경국대전,1485
平安道檢律,平安道,3,檢律,從九品,外官-文,경국대전,1485
平安道水軍節度使,平安道,3,水軍節度使,正三品,外官-武,경국대전,1485
平安道觀察使,平安道,3,觀察使,從二品,外官-文,경국대전,1485
平安道訓導,平安道,3,訓導,從九品,外官-文,경국대전,1485
平安道都事,平安道,3,都事,從五品,外官-文,경국대전,1485
平山兵馬同僉節制使,平山,2,兵馬同僉節制使,從四品,外官-武,경국대전,1485
平山同僉節制使,平山,2,同僉節制使,,外官-武,대전회통,1485
平山浦水軍萬戶,平山浦,3,水軍萬戶,從四品,外官-武,경국대전,1485
平山浦萬戶,平山浦,3,萬戶,,外官-武,대전회통,1485
平山都護府使,平山,2,都護府使,從三品,外官-文,경국대전,1485
平康兵馬節制都尉,平康,2,兵馬節制都尉,從六品,外官-武,경국대전,1485
平康節制都尉,平康,2,節制都尉,,外官-武,대전회통,1485
平康縣監,平康,2,縣監,從六品,外官-文,경국대전,1485
平昌兵馬同僉節制使,平昌,2,兵馬同僉節制使,從四品,外官-武,경국대전,1485
平昌郡守,平昌,2,郡守,從四品,外官-文,경국대전,1485
平海兵馬同僉節制使,平海,2,兵馬同僉節制使,從四品,外官-武,경국대전,1485
平海同僉節制使,平海,2,同僉節制使,,外官-武,대전회통,1485
平海郡守,平海,2,郡守,從四品,外官-文,경국대전,1485
平澤兵馬節制都尉,平澤,2,兵馬節制都尉,從六品,外官-武,경국대전,1485
平澤節制都尉,平澤,2,節制都尉,,外官-武,대전회통,1485
平澤縣監,平澤,2,縣監,從六品,外官-文,경국대전,1485
平陵道驛丞,平陵道,3,驛丞,從九品,外官-文,경국대전,1485
幽谷道察訪,幽谷道,3,察訪,從六品,外官-文,경국대전,1485
庇仁兵馬節制都尉,庇仁,2,兵馬節制都尉,從六品,外官-武,경국대전,1485
庇仁節制都尉,庇仁,2,節制都尉,,外官-武,대전회통,1485
庇仁縣監,庇仁,2,縣監,從六品,外官-文,경국대전,1485
康津兵馬節制都尉,康津,2,兵馬節制都尉,從六品,外官-武,경국대전,1485
康津節制都尉,康津,2,節制都尉,,外官-武,대전회통,1485
康津縣監,康津,2,縣監,從六品,外官-文,경국대전,1485
康翎兵馬節制都尉,康翎,2,兵馬節制都尉,從六品,外官-武,경국대전,1485
康翎節制都尉,康翎,2,節制都尉,,外官-武,대전회통,1485
康翎縣監,康翎,2,縣監,從六品,外官-文,경국대전,1485
廢茂山萬戶,廢茂山,3,萬戶,,外官-武,대전회통,1485
廣巖梁水軍萬戶,廣巖梁,3,水軍萬戶,從四品,外官-武,경국대전,1485
廣州判官,廣州,2,判官,從五品,外官-文,경국대전,1485
廣州牧使,廣州,2,牧使,正三品,外官-文,경국대전,1485
廣州鎭兵馬僉節制使,廣州鎭,3,兵馬僉節制使,從三品,外官-武,경국대전,1485
廣州鎭兵馬節制都尉,廣州鎭,3,兵馬節制都尉,從六品,外官-武,경국대전,1485
廣梁鎭水軍僉節制使,廣梁鎭,3,水軍僉節制使,從三品,外官-武,경국대전,1485
延安兵馬同僉節制使,延安,2,兵馬同僉節制使,從四品,外官-武,경국대전,1485
延安同僉節制使,延安,2,同僉節制使,,外官-武,대전회통,1485
延安都護府使,延安,2,都護府使,從三品,外官-文,경국대전,1485
延日節制都尉,延日,2,節制都尉,,外官-武,대전회통,1485
延日縣監,延日,2,縣監,從六品,外官-文,경국대전,1485
延豐兵馬節制都尉,延豐,2,兵馬節制都尉,從六品,外官-武,경국대전,1485
延豐節制都尉,延豐,2,節制都尉,,外官-武,대전회통,1485
延豐縣監,延豐,2,縣監,從六品,外官-文,경국대전,1485
彦陽兵馬節制都尉,彦陽,2,兵馬節制都尉,從六品,外官-武,경국대전,1485
彦陽節制都尉,彦陽,2,節制都尉,,外官-武,대전회통,1485
彦陽縣監,彦陽,2,縣監,從六品,外官-文,경국대전,1485
從五品判官,從五品,3,判官,,外官-文,대전회통,1485
復設都護府使,復設,2,都護府使,,外官-文,대전회통,1485
德山兵馬節制都尉,德山,2,兵馬節制都尉,從六品,外官-武,경국대전,1485
德山同僉節制使,德山,2,同僉節制使,,外官-武,대전회통,1485
德山節制都尉,德山,2,節制都尉,,外官-武,대전회통,1485
德山縣監,德山,2,縣監,從六品,外官-文,경국대전,1485
德山郡守,德山,2,郡守,,外官-文,대전회통,1485
德川兵馬同僉節制使,德川,2,兵馬同僉節制使,從四品,外官-武,경국대전,1485
德川同僉節制使,德川,2,同僉節制使,,外官-武,대전회통,1485
德川郡守,德川,2,郡守,從四品,外官-文,경국대전,1485
德津萬戶,德津,2,萬戶,,外官-武,대전회통,1485
德源兵馬同僉節制使,德源,2,兵馬同僉節制使,從四品,外官-武,경국대전,1485
德源同僉節制使,德源,2,同僉節制使,,外官-武,대전회통,1485
德源都護府使,德源,2,都護府使,從三品,外官-文,경국대전,1485
忠州判官,忠州,2,判官,從五品,外官-文,경국대전,1485
忠州牧使,忠州,2,牧使,正三品,外官-文,경국대전,1485
忠州鎭兵馬僉節制使,忠州鎭,3,兵馬僉節制使,從三品,外官-武,경국대전,1485
忠州鎭兵馬節制都尉,忠州鎭,3,兵馬節制都尉,從六品,外官-武,경국대전,1485
忠淸道兵馬節度使,忠淸道,3,兵馬節度使,從二品,外官-武,경국대전,1485
忠淸道兵馬虞候,忠淸道,3,兵馬虞候,從三品,外官-武,경국대전,1485
忠淸道審藥,忠淸道,3,審藥,從九品,外官-文,경국대전,1485
忠淸道敎授,忠淸道,3,敎授,從六品,外官-文,경국대전,1485
忠淸道檢律,忠淸道,3,檢律,從九品,外官-文,경국대전,1485
忠淸道水軍節度使,忠淸道,3,水軍節度使,正三品折衝,外官-武,경국대전,1485
忠淸道水軍虞候,忠淸道,3,水軍虞候,正四品,外官-武,경국대전,1485
忠淸道觀察使,忠淸道,3,觀察使,從二品,外官-文,경국대전,1485
忠淸道訓導,忠淸道,3,訓導,從九品,外官-文,경국대전,1485
忠淸道都事,忠淸道,3,都事,從五品,外官-文,경국대전,1485
恃寨同僉節制使,恃寨,2,同僉節制使,,外官-武,대전회통,1485
恩津兵馬節制都尉,恩津,2,兵馬節制都尉,從六品,外官-武,경국대전,1485
恩津節制都尉,恩津,2,節制都尉,,外官-武,대전회통,1485
恩津縣監,恩津,2,縣監,從六品,外官-文,경국대전,1485
惠山鎭兵馬僉節制使,惠山鎭,3,兵馬僉節制使,從三品,外官-武,경국대전,1485
慈仁節制都尉,慈仁,2,節制都尉,,外官-武,대전회통,1485
慈仁縣監,慈仁,2,縣監,,外官-文,대전회통,1485
慈山兵馬同僉節制使,慈山,2,兵馬同僉節制使,從四品,外官-武,경국대전,1485
慈山同僉節制使,慈山,2,同僉節制使,,外官-武,대전회통,1485
慈山郡守,慈山,2,郡守,從四品,外官-文,경국대전,1485
慈山都護府使,慈山,2,都護府使,,外官-文,대전회통,1485
慶安道驛丞,慶安道,3,驛丞,從九品,外官-文,경국대전,1485
慶尙右道兵馬節度使,慶尙右道,4,兵馬節度使,從二品,外官-武,경국대전,1485
慶尙右道兵馬虞候,慶尙右道,4,兵馬虞候,從三品,外官-武,경국대전,1485
慶尙右道水軍節度使,慶尙右道,4,水軍節度使,正三品折衝,外官-武,경국대전,1485
慶尙右道水軍虞候,慶尙右道,4,水軍虞候,正四品,外官-武,경국대전,1485
慶尙左道兵馬節度使,慶尙左道,4,兵馬節度使,從二品,外官-武,경국대전,1485
慶尙左道兵馬虞候,慶尙左道,4,兵馬虞候,從三品,外官-武,경국대전,1485
慶尙左道水軍節度使,慶尙左道,4,水軍節度使,正三品折衝,外官-武,경국대전,1485
慶尙左道水軍虞候,慶尙左道,4,水軍虞候,正四品,外官-武,경국대전,1485
慶尙道兵馬節度使,慶尙道,3,兵馬節度使,從二品,外官-武,경국대전,1485
慶尙道審藥,慶尙道,3,審藥,從九品,外官-文,경국대전,1485
慶尙道敎授,慶尙道,3,敎授,從六品,外官-文,경국대전,1485
慶尙道檢律,慶尙道,3,檢律,從九品,外官-文,경국대전,1485
慶尙道水軍節度使,慶尙道,3,水軍節度使,正三品折衝,外官-武,경국대전,1485
慶尙道水軍統制使,慶尙道,3,水軍統制使,,外官-武,대전회통,1485
慶尙道觀察使,慶尙道,3,觀察使,從二品,外官-文,경국대전,1485
慶尙道訓導,慶尙道,3,訓導,從九品,外官-文,경국대전,1485
慶尙道都事,慶尙道,3,都事,從五品,外官-文,경국대전,1485
慶山兵馬節制都尉,慶山,2,兵馬節制都尉,從六品,外官-武,경국대전,1485
慶山節制都尉,慶山,2,節制都尉,,外官-武,대전회통,1485
慶山縣令,慶山,2,縣令,從五品,外官-文,경국대전,1485
慶州判官,慶州,2,判官,從五品,外官-文,경국대전,1485
慶州府尹,慶州,2,府尹,從二品,外官-文,경국대전,1485
慶州鎭兵馬節制使,慶州鎭,3,兵馬節制使,正三品折衝,外官-武,경국대전,1485
慶州鎭兵馬節制都尉,慶州鎭,3,兵馬節制都尉,從六品,外官-武,경국대전,1485
慶源判官,慶源,2,判官,從五品,外官-文,경국대전,1485
慶源都護府使,慶源,2,都護府使,從三品,外官-文,경국대전,1485
慶源鎭兵馬僉節制使,慶源鎭,3,兵馬僉節制使,從三品,外官-武,경국대전,1485
慶源鎭兵馬節制都尉,慶源鎭,3,兵馬節制都尉,從六品,外官-武,경국대전,1485
慶興都護府使,慶興,2,都護府使,從三品,外官-文,경국대전,1485
慶興鎭兵馬僉節制使,慶興鎭,3,兵馬僉節制使,從三品,外官-武,경국대전,1485
懷仁兵馬節制都尉,懷仁,2,兵馬節制都尉,從六品,外官-武,경국대전,1485
懷仁節制都尉,懷仁,2,節制都尉,,外官-武,대전회통,1485
懷仁縣監,懷仁,2,縣監,從六品,外官-文,경국대전,1485
懷德兵馬節制都尉,懷德,2,兵馬節制都尉,從六品,外官-武,경국대전,1485
懷德節制都尉,懷德,2,節制都尉,,外官-武,대전회통,1485
懷德縣監,懷德,2,縣監,從六品,外官-文,경국대전,1485
成川都護府使,成川,2,都護府使,從三品,外官-文,경국대전,1485
成川鎭兵馬僉節制使,成川鎭,3,兵馬僉節制使,從三品,外官-武,경국대전,1485
成歡道察訪,成歡道,3,察訪,從六品,外官-文,경국대전,1485
所己萬戶,所己,2,萬戶,,外官-武,대전회통,1485
所斤浦鎭水軍僉節制使,所斤浦鎭,4,水軍僉節制使,從三品,外官-武,경국대전,1485
所江鎭水軍僉節制使,所江鎭,3,水軍僉節制使,從三品,外官-武,경국대전,1485
扶安兵馬節制都尉,扶安,2,兵馬節制都尉,從六品,外官-武,경국대전,1485
扶安節制都尉,扶安,2,節制都尉,,外官-武,대전회통,1485
扶安縣監,扶安,2,縣監,從六品,外官-文,경국대전,1485
扶餘兵馬節制都尉,扶餘,2,兵馬節制都尉,從六品,外官-武,경국대전,1485
扶餘節制都尉,扶餘,2,節制都尉,,外官-武,대전회통,1485
扶餘縣監,扶餘,2,縣監,從六品,外官-文,경국대전,1485
抱川兵馬節制都尉,抱川,2,兵馬節制都尉,從六品,外官-武,경국대전,1485
抱川節制都尉,抱川,2,節制都尉,,外官-武,대전회통,1485
抱川縣監,抱川,2,縣監,從六品,外官-文,경국대전,1485
振威兵馬節制都尉,振威,2,兵馬節制都尉,從六品,外官-武,경국대전,1485
振威節制都尉,振威,2,節制都尉,,外官-武,대전회통,1485
振威縣令,振威,2,縣令,從五品,外官-文,경국대전,1485
撫夷兵馬萬戶,撫夷,2,兵馬萬戶,從四品,外官-武,경국대전,1485
撫夷萬戶,撫夷,2,萬戶,,外官-武,대전회통,1485
文化兵馬節制都尉,文化,2,兵馬節制都尉,從六品,外官-武,경국대전,1485
文化節制都尉,文化,2,節制都尉,,外官-武,대전회통,1485
文化縣令,文化,2,縣令,從五品,外官-文,경국대전,1485
文城同僉節制使,文城,2,同僉節制使,,外官-武,대전회통,1485
文山萬戶,文山,2,萬戶,,外官-武,대전회통,1485
文川兵馬同僉節制使,文川,2,兵馬同僉節制使,從四品,外官-武,경국대전,1485
文川同僉節制使,文川,2,同僉節制使,,外官-武,대전회통,1485
文川郡守,文川,2,郡守,從四品,外官-文,경국대전,1485
文義兵馬節制都尉,文義,2,兵馬節制都尉,從六品,外官-武,경국대전,1485
文義節制都尉,文義,2,節制都尉,,外官-武,대전회통,1485
文義縣令,文義,2,縣令,從五品,外官-文,경국대전,1485
斜下北兵馬萬戶,斜下北,3,兵馬萬戶,從四品,外官-武,경국대전,1485
斜亇洞兵馬萬戶,斜亇洞,3,兵馬萬戶,從四品,外官-武,경국대전,1485
新寧兵馬節制都尉,新寧,2,兵馬節制都尉,從六品,外官-武,경국대전,1485
新寧節制都尉,新寧,2,節制都尉,,外官-武,대전회통,1485
新寧縣監,新寧,2,縣監,從六品,外官-文,경국대전,1485
新昌兵馬節制都尉,新昌,2,兵馬節制都尉,從六品,外官-武,경국대전,1485
新昌節制都尉,新昌,2,節制都尉,,外官-武,대전회통,1485
新昌縣監,新昌,2,縣監,從六品,外官-文,경국대전,1485
新溪兵馬節制都尉,新溪,2,兵馬節制都尉,從六品,外官-武,경국대전,1485
新溪節制都尉,新溪,2,節制都尉,,外官-武,대전회통,1485
新溪縣令,新溪,2,縣令,從五品,外官-文,경국대전,1485
方山萬戶,方山,2,萬戶,,外官-武,대전회통,1485
方山鎭兵馬僉節制使,方山鎭,3,兵馬僉節制使,從三品,外官-武,경국대전,1485
於蘭浦水軍萬戶,於蘭浦,3,水軍萬戶,從四品,外官-武,경국대전,1485
於蘭浦萬戶,於蘭浦,3,萬戶,,外官-武,대전회통,1485
旌善兵馬同僉節制使,旌善,2,兵馬同僉節制使,從四品,外官-武,경국대전,1485
旌善郡守,旌善,2,郡守,從四品,外官-文,경국대전,1485
旌義兵馬節制都尉,旌義,2,兵馬節制都尉,從六品,外官-武,경국대전,1485
旌義同僉節制使,旌義,2,同僉節制使,,外官-武,대전회통,1485
旌義節制都尉,旌義,2,節制都尉,,外官-武,대전회통,1485
旌義縣監,旌義,2,縣監,從六品,外官-文,경국대전,1485
旌義郡守,旌義,2,郡守,,外官-文,대전회통,1485
昆陽兵馬同僉節制使,昆陽,2,兵馬同僉節制使,從四品,外官-武,경국대전,1485
昆陽同僉節制使,昆陽,2,同僉節制使,,外官-武,대전회통,1485
昆陽郡守,昆陽,2,郡守,從四品,外官-文,경국대전,1485
昇天堡萬戶,昇天堡,3,萬戶,,外官-武,대전회통,1485
昌原兵馬同僉節制使,昌原,2,兵馬同僉節制使,從四品,外官-武,경국대전,1485
昌原同僉節制使,昌原,2,同僉節制使,,外官-武,대전회통,1485
昌原大都護府使,昌原,2,大都護府使,,外官-文,대전회통,1485
昌原都護府使,昌原,2,都護府使,從三品,外官-文,경국대전,1485
昌城都護府使,昌城,2,都護府使,從三品,外官-文,경국대전,1485
昌城鎭兵馬僉節制使,昌城鎭,3,兵馬僉節制使,從三品,外官-武,경국대전,1485
昌寧兵馬節制都尉,昌寧,2,兵馬節制都尉,從六品,外官-武,경국대전,1485
昌寧節制都尉,昌寧,2,節制都尉,,外官-武,대전회통,1485
昌寧縣監,昌寧,2,縣監,從六品,外官-文,경국대전,1485
昌平兵馬節制都尉,昌平,2,兵馬節制都尉,從六品,外官-武,경국대전,1485
昌平節制都尉,昌平,2,節制都尉,,外官-武,대전회통,1485
昌平縣令,昌平,2,縣令,從五品,外官-文,경국대전,1485
昌樂道驛丞,昌樂道,3,驛丞,從九品,外官-文,경국대전,1485
昌洲鎭兵馬僉節制使,昌洲鎭,3,兵馬僉節制使,從三品,外官-武,경국대전,1485
明川兵馬節制都尉,明川,2,兵馬節制都尉,從六品,外官-武,경국대전,1485
明川同僉節制使,明川,2,同僉節制使,,外官-武,대전회통,1485
明川縣監,明川,2,縣監,從六品,外官-文,경국대전,1485
明川都護府使,明川,2,都護府使,,外官-文,대전회통,1485
明月浦萬戶,明月浦,3,萬戶,,外官-武,대전회통,1485
星州兵馬同僉節制使,星州,2,兵馬同僉節制使,從四品,外官-武,경국대전,1485
星州兵馬節制都尉,星州,2,兵馬節制都尉,從六品,外官-武,경국대전,1485
星州判官,星州,2,判官,從五品,外官-文,경국대전,1485
星州同僉節制使,星州,2,同僉節制使,,外官-武,대전회통,1485
星州牧使,星州,2,牧使,正三品,外官-文,경국대전,1485
春川兵馬同僉節制使,春川,2,兵馬同僉節制使,從四品,外官-武,경국대전,1485
春川都護府使,春川,2,都護府使,從三品,外官-文,경국대전,1485
時興道驛丞,時興道,3,驛丞,從九品,外官-文,경국대전,1485
晉州判官,晉州,2,判官,從五品,外官-文,경국대전,1485
晉州牧使,晉州,2,牧使,正三品,外官-文,경국대전,1485
晉州鎭兵馬僉節制使,晉州鎭,3,兵馬僉節制使,從三品,外官-武,경국대전,1485
晉州鎭兵馬節制都尉,晉州鎭,3,兵馬節制都尉,從六品,外官-武,경국대전,1485
景陽道驛丞,景陽道,3,驛丞,從九品,外官-文,경국대전,1485
智島萬戶,智島,2,萬戶,,外官-武,대전회통,1485
會寧判官,會寧,2,判官,從五品,外官-文,경국대전,1485
會寧浦水軍萬戶,會寧浦,3,水軍萬戶,從四品,外官-武,경국대전,1485
會寧浦萬戶,會寧浦,3,萬戶,,外官-武,대전회통,1485
會寧都護府使,會寧,2,都護府使,從三品,外官-文,경국대전,1485
會寧鎭兵馬僉節制使,會寧鎭,3,兵馬僉節制使,從三品,外官-武,경국대전,1485
會寧鎭兵馬節制都尉,會寧鎭,3,兵馬節制都尉,從六品,外官-武,경국대전,1485
月串鎭水軍僉節制使,月串鎭,3,水軍僉節制使,從三品,外官-武,경국대전,1485
朔寧兵馬同僉節制使,朔寧,2,兵馬同僉節制使,從四品,外官-武,경국대전,1485
朔寧同僉節制使,朔寧,2,同僉節制使,,外官-武,대전회통,1485
朔寧郡守,朔寧,2,郡守,從四品,外官-文,경국대전,1485
朔州都護府使,朔州,2,都護府使,從三品,外官-文,경국대전,1485
朔州鎭兵馬僉節制使,朔州鎭,3,兵馬僉節制使,從三品,外官-武,경국대전,1485
木川兵馬節制都尉,木川,2,兵馬節制都尉,從六品,外官-武,경국대전,1485
木川節制都尉,木川,2,節制都尉,,外官-武,대전회통,1485
木川縣監,木川,2,縣監,從六品,外官-文,경국대전,1485
木浦水軍萬戶,木浦,2,水軍萬戶,從四品,外官-武,경국대전,1485
木浦萬戶,木浦,2,萬戶,,外官-武,대전회통,1485
朱乙溫兵馬萬戶,朱乙溫,3,兵馬萬戶,從四品,外官-武,경국대전,1485
朱乙溫萬戶,朱乙溫,3,萬戶,,外官-武,대전회통,1485
杆城兵馬同僉節制使,杆城,2,兵馬同僉節制使,從四品,外官-武,경국대전,1485
杆城同僉節制使,杆城,2,同僉節制使,,外官-武,대전회통,1485
杆城郡守,杆城,2,郡守,從四品,外官-文,경국대전,1485
東萊兵馬節制都尉,東萊,2,兵馬節制都尉,從六品,外官-武,경국대전,1485
東萊縣令,東萊,2,縣令,從五品,外官-文,경국대전,1485
東萊都護府使,東萊,2,都護府使,,外官-文,대전회통,1485
東里同僉節制使,東里,2,同僉節制使,,外官-武,대전회통,1485
松禾兵馬節制都尉,松禾,2,兵馬節制都尉,從六品,外官-武,경국대전,1485
松禾節制都尉,松禾,2,節制都尉,,外官-武,대전회통,1485
松禾縣監,松禾,2,縣監,從六品,外官-文,경국대전,1485
松羅道驛丞,松羅道,3,驛丞,從九品,外官-文,경국대전,1485
林川兵馬同僉節制使,林川,2,兵馬同僉節制使,從四品,外官-武,경국대전,1485
林川同僉節制使,林川,2,同僉節制使,,外官-武,대전회통,1485
林川郡守,林川,2,郡守,從四品,外官-文,경국대전,1485
果川兵馬節制都尉,果川,2,兵馬節制都尉,從六品,外官-武,경국대전,1485
果川節制都尉,果川,2,節制都尉,,外官-武,대전회통,1485
果川縣監,果川,2,縣監,從六品,外官-文,경국대전,1485
柔遠鎭兵馬僉節制使,柔遠鎭,3,兵馬僉節制使,從三品,外官-武,경국대전,1485
柔院同僉節制使,柔院,2,同僉節制使,,外官-武,대전회통,1485
栗峯道察訪,栗峯道,3,察訪,從六品,外官-文,경국대전,1485
桃源道驛丞,桃源道,3,驛丞,從九品,外官-文,경국대전,1485
梁山兵馬同僉節制使,梁山,2,兵馬同僉節制使,從四品,外官-武,경국대전,1485
梁山同僉節制使,梁山,2,同僉節制使,,外官-武,대전회통,1485
梁山郡守,梁山,2,郡守,從四品,外官-文,경국대전,1485
梨洞萬戶,梨洞,2,萬戶,,外官-武,대전회통,1485
梨津萬戶,梨津,2,萬戶,,外官-武,대전회통,1485
森森坡萬戶,森森坡,3,萬戶,,外官-武,대전회통,1485
植松萬戶,植松,2,萬戶,,外官-武,대전회통,1485
楊口兵馬節制都尉,楊口,2,兵馬節制都尉,從六品,外官-武,경국대전,1485
楊口節制都尉,楊口,2,節制都尉,,外官-武,대전회통,1485
楊口縣監,楊口,2,縣監,從六品,外官-文,경국대전,1485
楊州牧使,楊州,2,牧使,正三品,外官-文,경국대전,1485
楊州鎭兵馬僉節制使,楊州鎭,3,兵馬僉節制使,從三品,外官-武,경국대전,1485
楊根兵馬同僉節制使,楊根,2,兵馬同僉節制使,從四品,外官-武,경국대전,1485
楊根同僉節制使,楊根,2,同僉節制使,,外官-武,대전회통,1485
楊根郡守,楊根,2,郡守,從四品,外官-文,경국대전,1485
楊花渡丞,楊花,2,渡丞,從九品,外官-文,경국대전,1485
楚山郡守,楚山,2,郡守,,外官-文,대전회통,1485
楚山都護府使,楚山,2,都護府使,,外官-文,대전회통,1485
楸坡兵馬萬戶,楸坡,2,兵馬萬戶,從四品,外官-武,경국대전,1485
榮川兵馬同僉節制使,榮川,2,兵馬同僉節制使,從四品,外官-武,경국대전,1485
榮川同僉節制使,榮川,2,同僉節制使,,外官-武,대전회통,1485
榮川郡守,榮川,2,郡守,從四品,外官-文,경국대전,1485
槐山兵馬同僉節制使,槐山,2,兵馬同僉節制使,從四品,外官-武,경국대전,1485
槐山同僉節制使,槐山,2,同僉節制使,,外官-武,대전회통,1485
槐山郡守,槐山,2,郡守,從四品,外官-文,경국대전,1485
樂安兵馬同僉節制使,樂安,2,兵馬同僉節制使,從四品,外官-武,경국대전,1485
樂安同僉節制使,樂安,2,同僉節制使,,外官-武,대전회통,1485
樂安郡守,樂安,2,郡守,從四品,外官-文,경국대전,1485
機張兵馬節制都尉,機張,2,兵馬節制都尉,從六品,外官-武,경국대전,1485
機張節制都尉,機張,2,節制都尉,,外官-武,대전회통,1485
機張縣監,機張,2,縣監,從六品,外官-文,경국대전,1485
橫城兵馬節制都尉,橫城,2,兵馬節制都尉,從六品,外官-武,경국대전,1485
橫城縣監,橫城,2,縣監,從六品,外官-文,경국대전,1485
歙谷兵馬節制都尉,歙谷,2,兵馬節制都尉,從六品,外官-武,경국대전,1485
歙谷節制都尉,歙谷,2,節制都尉,,外官-武,대전회통,1485
歙谷縣令,歙谷,2,縣令,從五品,外官-文,경국대전,1485
殷山兵馬節制都尉,殷山,2,兵馬節制都尉,從六品,外官-武,경국대전,1485
殷山節制都尉,殷山,2,節制都尉,,外官-武,대전회통,1485
殷山縣監,殷山,2,縣監,從六品,外官-文,경국대전,1485
殷栗兵馬節制都尉,殷栗,2,兵馬節制都尉,從六品,外官-武,경국대전,1485
殷栗節制都尉,殷栗,2,節制都尉,,外官-武,대전회통,1485
殷栗縣監,殷栗,2,縣監,從六品,外官-文,경국대전,1485
比安兵馬節制都尉,比安,2,兵馬節制都尉,從六品,外官-武,경국대전,1485
比安節制都尉,比安,2,節制都尉,,外官-武,대전회통,1485
比安縣監,比安,2,縣監,從六品,外官-文,경국대전,1485
水使兼都護府使,水使兼,3,都護府使,,外官-文,대전회통,1485
水原判官,水原,2,判官,從五品,外官-文,경국대전,1485
水原都護府使,水原,2,都護府使,從三品,外官-文,경국대전,1485
水原鎭兵馬僉節制使,水原鎭,3,兵馬僉節制使,從三品,外官-武,경국대전,1485
水原鎭兵馬節制都尉,水原鎭,3,兵馬節制都尉,從六品,外官-武,경국대전,1485
水口萬戶,水口,2,萬戶,,外官-武,대전회통,1485
永同兵馬節制都尉,永同,2,兵馬節制都尉,從六品,外官-武,경국대전,1485
永同節制都尉,永同,2,節制都尉,,外官-武,대전회통,1485
永同縣監,永同,2,縣監,從六品,外官-文,경국대전,1485
永安北道兵馬節度使,永安北道,4,兵馬節度使,從二品,外官-武,경국대전,1485
永安北道兵馬虞候,永安北道,4,兵馬虞候,從三品,外官-武,경국대전,1485
永安北道兵馬評事,永安北道,4,兵馬評事,正六品,外官-武,경국대전,1485
永安北道水軍節度使,永安北道,4,水軍節度使,正三品,外官-武,경국대전,1485
永安南道兵馬節度使,永安南道,4,兵馬節度使,從二品,外官-武,경국대전,1485
永安南道水軍節度使,永安南道,4,水軍節度使,正三品,外官-武,경국대전,1485
永安道兵馬節度使,永安道,3,兵馬節度使,從二品,外官-武,경국대전,1485
永安道審藥,永安道,3,審藥,從九品,外官-文,경국대전,1485
永安道敎授,永安道,3,敎授,從六品,外官-文,경국대전,1485
永安道檢律,永安道,3,檢律,從九品,外官-文,경국대전,1485
永安道水軍節度使,永安道,3,水軍節度使,正三品,外官-武,경국대전,1485
永安道觀察使,永安道,3,觀察使,從二品,外官-文,경국대전,1485
永安道訓導,永安道,3,訓導,從九品,外官-文,경국대전,1485
永安道都事,永安道,3,都事,從五品,外官-文,경국대전,1485
永宗浦水軍萬戶,永宗浦,3,水軍萬戶,從四品,外官-武,경국대전,1485
永川兵馬同僉節制使,永川,2,兵馬同僉節制使,從四品,外官-武,경국대전,1485
永川同僉節制使,永川,2,同僉節制使,,外官-武,대전회통,1485
永川郡守,永川,2,郡守,從四品,外官-文,경국대전,1485
永平兵馬節制都尉,永平,2,兵馬節制都尉,從六品,外官-武,경국대전,1485
永平同僉節制使,永平,2,同僉節制使,,外官-武,대전회통,1485
永平縣令,永平,2,縣令,從五品,外官-文,경국대전,1485
永平郡守,永平,2,郡守,,外官-文,대전회통,1485
永建兵馬萬戶,永建,2,兵馬萬戶,從四品,外官-武,경국대전,1485
永春兵馬節制都尉,永春,2,兵馬節制都尉,從六品,外官-武,경국대전,1485
永春節制都尉,永春,2,節制都尉,,外官-武,대전회통,1485
永春縣監,永春,2,縣監,從六品,外官-文,경국대전,1485
永柔兵馬節制都尉,永柔,2,兵馬節制都尉,從六品,外官-武,경국대전,1485
永柔節制都尉,永柔,2,節制都尉,,外官-武,대전회통,1485
永柔縣令,永柔,2,縣令,從五品,外官-文,경국대전,1485
永登浦水軍萬戶,永登浦,3,水軍萬戶,從四品,外官-武,경국대전,1485
永登浦萬戶,永登浦,3,萬戶,,外官-武,대전회통,1485
永興判官,永興,2,判官,從五品,外官-文,경국대전,1485
永興大都護府使,永興,2,大都護府使,,外官-文,대전회통,1485
永興府尹,永興,2,府尹,從二品,外官-文,경국대전,1485
永興鎭兵馬節制都尉,永興鎭,3,兵馬節制都尉,從六品,外官-武,경국대전,1485
永達萬戶,永達,2,萬戶,,外官-武,대전회통,1485
求禮兵馬節制都尉,求禮,2,兵馬節制都尉,從六品,外官-武,경국대전,1485
求禮節制都尉,求禮,2,節制都尉,,外官-武,대전회통,1485
求禮縣監,求禮,2,縣監,從六品,外官-文,경국대전,1485
江原道兵馬節度使,江原道,3,兵馬節度使,從二品,外官-武,경국대전,1485
江原道審藥,江原道,3,審藥,從九品,外官-文,경국대전,1485
江原道敎授,江原道,3,敎授,從六品,外官-文,경국대전,1485
江原道檢律,江原道,3,檢律,從九品,外官-文,경국대전,1485
江原道水軍節度使,江原道,3,水軍節度使,正三品,外官-武,경국대전,1485
江原道觀察使,江原道,3,觀察使,從二品,外官-文,경국대전,1485
江原道訓導,江原道,3,訓導,從九品,外官-文,경국대전,1485
江原道都事,江原道,3,都事,從五品,外官-文,경국대전,1485
江東兵馬節制都尉,江東,2,兵馬節制都尉,從六品,外官-武,경국대전,1485
江東節制都尉,江東,2,節制都尉,,外官-武,대전회통,1485
江東縣監,江東,2,縣監,從六品,外官-文,경국대전,1485
江界判官,江界,2,判官,從五品,外官-文,경국대전,1485
江界都護府使,江界,2,都護府使,從三品,外官-文,경국대전,1485
江界鎭兵馬僉節制使,江界鎭,3,兵馬僉節制使,從三品,外官-武,경국대전,1485
江界鎭兵馬節制都尉,江界鎭,3,兵馬節制都尉,從六品,外官-武,경국대전,1485
江華兵馬同僉節制使,江華,2,兵馬同僉節制使,從四品,外官-武,경국대전,1485
江華都護府使,江華,2,都護府使,從三品,外官-文,경국대전,1485
江西兵馬節制都尉,江西,2,兵馬節制都尉,從六品,外官-武,경국대전,1485
江西節制都尉,江西,2,節制都尉,,外官-武,대전회통,1485
江西縣令,江西,2,縣令,從五品,外官-文,경국대전,1485
江陰兵馬節制都尉,江陰,2,兵馬節制都尉,從六品,外官-武,경국대전,1485
江陰縣監,江陰,2,縣監,從六品,外官-文,경국대전,1485
江陵判官,江陵,2,判官,從五品,外官-文,경국대전,1485
江陵大都護府使,江陵,2,大都護府使,正三品,外官-文,경국대전,1485
江陵鎭兵馬僉節制使,江陵鎭,3,兵馬僉節制使,從三品,外官-武,경국대전,1485
江陵鎭兵馬節制都尉,江陵鎭,3,兵馬節制都尉,從六品,外官-武,경국대전,1485
沃川兵馬同僉節制使,沃川,2,兵馬同僉節制使,從四品,外官-武,경국대전,1485
沃川同僉節制使,沃川,2,同僉節制使,,外官-武,대전회통,1485
沃川郡守,沃川,2,郡守,從四品,外官-文,경국대전,1485
沃溝兵馬節制都尉,沃溝,2,兵馬節制都尉,從六品,外官-武,경국대전,1485
沃溝節制都尉,沃溝,2,節制都尉,,外官-武,대전회통,1485
沃溝縣監,沃溝,2,縣監,從六品,外官-文,경국대전,1485
沔川兵馬同僉節制使,沔川,2,兵馬同僉節制使,從四品,外官-武,경국대전,1485
沔川同僉節制使,沔川,2,同僉節制使,,外官-武,대전회통,1485
沔川郡守,沔川,2,郡守,從四品,外官-文,경국대전,1485
沙斤道驛丞,沙斤道,3,驛丞,從九品,外官-文,경국대전,1485
河東兵馬節制都尉,河東,2,兵馬節制都尉,從六品,外官-武,경국대전,1485
河東同僉節制使,河東,2,同僉節制使,,外官-武,대전회통,1485
河東縣監,河東,2,縣監,從六品,外官-文,경국대전,1485
河東都護府使,河東,2,都護府使,,外官-文,대전회통,1485
河陽兵馬節制都尉,河陽,2,兵馬節制都尉,從六品,外官-武,경국대전,1485
河陽節制都尉,河陽,2,節制都尉,,外官-武,대전회통,1485
河陽縣監,河陽,2,縣監,從六品,外官-文,경국대전,1485
法聖浦水軍萬戶,法聖浦,3,水軍萬戶,從四品,外官-武,경국대전,1485
泗川兵馬節制都尉,泗川,2,兵馬節制都尉,從六品,外官-武,경국대전,1485
泗川節制都尉,泗川,2,節制都尉,,外官-武,대전회통,1485
泗川縣監,泗川,2,縣監,從六品,外官-文,경국대전,1485
波知島水軍萬戶,波知島,3,水軍萬戶,從四品,外官-武,경국대전,1485
注文島同僉節制使,注文島,3,同僉節制使,,外官-武,대전회통,1485
泰仁兵馬節制都尉,泰仁,2,兵馬節制都尉,從六品,外官-武,경국대전,1485
泰仁節制都尉,泰仁,2,節制都尉,,外官-武,대전회통,1485
泰仁縣監,泰仁,2,縣監,從六品,外官-文,경국대전,1485
泰安兵馬同僉節制使,泰安,2,兵馬同僉節制使,從四品,外官-武,경국대전,1485
泰安同僉節制使,泰安,2,同僉節制使,,外官-武,대전회통,1485
泰安郡守,泰安,2,郡守,從四品,外官-文,경국대전,1485
泰川兵馬節制都尉,泰川,2,兵馬節制都尉,從六品,外官-武,경국대전,1485
泰川節制都尉,泰川,2,節制都尉,,外官-武,대전회통,1485
泰川縣監,泰川,2,縣監,從六品,外官-文,경국대전,1485
洛河渡丞,洛河,2,渡丞,從九品,外官-文,경국대전,1485
洪原兵馬節制都尉,洪原,2,兵馬節制都尉,從六品,外官-武,경국대전,1485
洪原節制都尉,洪原,2,節制都尉,,外官-武,대전회통,1485
洪原縣監,洪原,2,縣監,從六品,外官-文,경국대전,1485
洪川兵馬節制都尉,洪川,2,兵馬節制都尉,從六品,外官-武,경국대전,1485
洪川縣監,洪川,2,縣監,從六品,外官-文,경국대전,1485
洪州判官,洪州,2,判官,從五品,外官-文,경국대전,1485
洪州牧使,洪州,2,牧使,正三品,外官-文,경국대전,1485
洪州鎭兵馬僉節制使,洪州鎭,3,兵馬僉節制使,從三品,外官-武,경국대전,1485
洪州鎭兵馬節制都尉,洪州鎭,3,兵馬節制都尉,從六品,外官-武,경국대전,1485
浪城浦水軍萬戶,浪城浦,3,水軍萬戶,從四品,外官-武,경국대전,1485
海南兵馬節制都尉,海南,2,兵馬節制都尉,從六品,外官-武,경국대전,1485
海南節制都尉,海南,2,節制都尉,,外官-武,대전회통,1485
海南縣監,海南,2,縣監,從六品,外官-文,경국대전,1485
海州判官,海州,2,判官,從五品,外官-文,경국대전,1485
海州牧使,海州,2,牧使,正三品,外官-文,경국대전,1485
海州鎭兵馬僉節制使,海州鎭,3,兵馬僉節制使,從三品,外官-武,경국대전,1485
海州鎭兵馬節制都尉,海州鎭,3,兵馬節制都尉,從六品,外官-武,경국대전,1485
海美兵馬節制都尉,海美,2,兵馬節制都尉,從六品,外官-武,경국대전,1485
海美節制都尉,海美,2,節制都尉,,外官-武,대전회통,1485
海美縣監,海美,2,縣監,從六品,外官-文,경국대전,1485
海雲浦水軍萬戶,海雲浦,3,水軍萬戶,從四品,外官-武,경국대전,1485
淮陽同僉節制使,淮陽,2,同僉節制使,,外官-武,대전회통,1485
淮陽都護府使,淮陽,2,都護府使,從三品,外官-文,경국대전,1485
淮陽鎭兵馬僉節制使,淮陽鎭,3,兵馬僉節制使,從三品,外官-武,경국대전,1485
淳昌兵馬同僉節制使,淳昌,2,兵馬同僉節制使,從四品,外官-武,경국대전,1485
淳昌同僉節制使,淳昌,2,同僉節制使,,外官-武,대전회통,1485
淳昌郡守,淳昌,2,郡守,從四品,外官-文,경국대전,1485
淸安兵馬節制都尉,淸安,2,兵馬節制都尉,從六品,外官-武,경국대전,1485
淸安節制都尉,淸安,2,節制都尉,,外官-武,대전회통,1485
淸安縣監,淸安,2,縣監,從六品,外官-文,경국대전,1485
淸州判官,淸州,2,判官,從五品,外官-文,경국대전,1485
淸州牧使,淸州,2,牧使,正三品,外官-文,경국대전,1485
淸州鎭兵馬僉節制使,淸州鎭,3,兵馬僉節制使,從三品,外官-武,경국대전,1485
淸州鎭兵馬節制都尉,淸州鎭,3,兵馬節制都尉,從六品,外官-武,경국대전,1485
淸河兵馬節制都尉,淸河,2,兵馬節制都尉,從六品,外官-武,경국대전,1485
淸河節制都尉,淸河,2,節制都尉,,外官-武,대전회통,1485
淸河縣監,淸河,2,縣監,從六品,外官-文,경국대전,1485
淸道兵馬同僉節制使,淸道,2,兵馬同僉節制使,從四品,外官-武,경국대전,1485
淸道同僉節制使,淸道,2,同僉節制使,,外官-武,대전회통,1485
淸道郡守,淸道,2,郡守,從四品,外官-文,경국대전,1485
淸風兵馬同僉節制使,淸風,2,兵馬同僉節制使,從四品,外官-武,경국대전,1485
淸風同僉節制使,淸風,2,同僉節制使,,外官-武,대전회통,1485
淸風郡守,淸風,2,郡守,從四品,外官-文,경국대전,1485
淸風都護府使,淸風,2,都護府使,,外官-文,대전회통,1485
渭原郡守,渭原,2,郡守,從四品,外官-文,경국대전,1485
渭原鎭兵馬僉節制使,渭原鎭,3,兵馬僉節制使,從三品,外官-武,경국대전,1485
溫陽兵馬同僉節制使,溫陽,2,兵馬同僉節制使,從四品,外官-武,경국대전,1485
溫陽同僉節制使,溫陽,2,同僉節制使,,外官-武,대전회통,1485
溫陽郡守,溫陽,2,郡守,從四品,外官-文,경국대전,1485
滿浦鎭兵馬僉節制使,滿浦鎭,3,兵馬僉節制使,從三品,外官-武,경국대전,1485
漆原兵馬節制都尉,漆原,2,兵馬節制都尉,從六品,外官-武,경국대전,1485
漆原節制都尉,漆原,2,節制都尉,,外官-武,대전회통,1485
漆原縣監,漆原,2,縣監,從六品,外官-文,경국대전,1485
漆浦水軍萬戶,漆浦,2,水軍萬戶,從四品,外官-武,경국대전,1485
漆谷同僉節制使,漆谷,2,同僉節制使,,外官-武,대전회통,1485
漆谷都護府使,漆谷,2,都護府使,,外官-文,대전회통,1485
漢江渡丞,漢江,2,渡丞,從九品,外官-文,경국대전,1485
漣川兵馬節制都尉,漣川,2,兵馬節制都尉,從六品,外官-武,경국대전,1485
漣川節制都尉,漣川,2,節制都尉,,外官-武,대전회통,1485
漣川縣監,漣川,2,縣監,從六品,外官-文,경국대전,1485
潭陽兵馬同僉節制使,潭陽,2,兵馬同僉節制使,從四品,外官-武,경국대전,1485
潭陽同僉節制使,潭陽,2,同僉節制使,,外官-武,대전회통,1485
潭陽都護府使,潭陽,2,都護府使,從三品,外官-文,경국대전,1485
潼關鎭兵馬僉節制使,潼關鎭,3,兵馬僉節制使,從三品,外官-武,경국대전,1485
濟原道驛丞,濟原道,3,驛丞,從九品,外官-文,경국대전,1485
濟州判官,濟州,2,判官,從五品,外官-文,경국대전,1485
濟州牧使,濟州,2,牧使,正三品,外官-文,경국대전,1485
濟州鎭兵馬水軍節制使,濟州鎭,3,兵馬水軍節制使,正三品,外官-武,경국대전,1485
濟州鎭兵馬節制都尉,濟州鎭,3,兵馬節制都尉,從六品,外官-武,경국대전,1485
濟物梁水軍萬戶,濟物梁,3,水軍萬戶,從四品,外官-武,경국대전,1485
濟物梁萬戶,濟物梁,3,萬戶,,外官-武,대전회통,1485
烏浦水軍萬戶,烏浦,2,水軍萬戶,從四品,外官-武,경국대전,1485
熊川兵馬節制都尉,熊川,2,兵馬節制都尉,從六品,外官-武,경국대전,1485
熊川節制都尉,熊川,2,節制都尉,,外官-武,대전회통,1485
熊川縣監,熊川,2,縣監,從六品,外官-文,경국대전,1485
熙川兵馬同僉節制使,熙川,2,兵馬同僉節制使,從四品,外官-武,경국대전,1485
熙川同僉節制使,熙川,2,同僉節制使,,外官-武,대전회통,1485
熙川郡守,熙川,2,郡守,從四品,外官-文,경국대전,1485
燕岐縣監,燕岐,2,縣監,從六品,外官-文,경국대전,1485
燕歧兵馬節制都尉,燕歧,2,兵馬節制都尉,從六品,外官-武,경국대전,1485
燕歧節制都尉,燕歧,2,節制都尉,,外官-武,대전회통,1485
牙山兵馬節制都尉,牙山,2,兵馬節制都尉,從六品,外官-武,경국대전,1485
牙山節制都尉,牙山,2,節制都尉,,外官-武,대전회통,1485
牙山縣監,牙山,2,縣監,從六品,外官-文,경국대전,1485
牛峯兵馬節制都尉,牛峯,2,兵馬節制都尉,從六品,外官-武,경국대전,1485
牛峯縣令,牛峯,2,縣令,從五品,外官-文,경국대전,1485
狼川兵馬節制都尉,狼川,2,兵馬節制都尉,從六品,外官-武,경국대전,1485
狼川節制都尉,狼川,2,節制都尉,,外官-武,대전회통,1485
狼川縣監,狼川,2,縣監,從六品,外官-文,경국대전,1485
獒樹道察訪,獒樹道,3,察訪,從六品,外官-文,경국대전,1485
玄風兵馬節制都尉,玄風,2,兵馬節制都尉,從六品,外官-武,경국대전,1485
玄風節制都尉,玄風,2,節制都尉,,外官-武,대전회통,1485
玄風縣監,玄風,2,縣監,從六品,外官-文,경국대전,1485
玉果兵馬節制都尉,玉果,2,兵馬節制都尉,從六品,外官-武,경국대전,1485
玉果節制都尉,玉果,2,節制都尉,,外官-武,대전회통,1485
玉果縣監,玉果,2,縣監,從六品,外官-文,경국대전,1485
玉江萬戶,玉江,2,萬戶,,外官-武,대전회통,1485
玉浦水軍萬戶,玉浦,2,水軍萬戶,從四品,外官-武,경국대전,1485
玉浦萬戶,玉浦,2,萬戶,,外官-武,대전회통,1485
玉連兵馬萬戶,玉連,2,兵馬萬戶,從四品,外官-武,경국대전,1485
珍原兵馬節制都尉,珍原,2,兵馬節制都尉,從六品,外官-武,경국대전,1485
珍原縣監,珍原,2,縣監,從六品,外官-文,경국대전,1485
珍山兵馬同僉節制使,珍山,2,兵馬同僉節制使,從四品,外官-武,경국대전,1485
珍山同僉節制使,珍山,2,同僉節制使,,外官-武,대전회통,1485
珍山郡守,珍山,2,郡守,從四品,外官-文,경국대전,1485
珍島兵馬同僉節制使,珍島,2,兵馬同僉節制使,從四品,外官-武,경국대전,1485
珍島同僉節制使,珍島,2,同僉節制使,,外官-武,대전회통,1485
珍島郡守,珍島,2,郡守,從四品,外官-文,경국대전,1485
理山郡守,理山,2,郡守,從四品,外官-文,경국대전,1485
理山鎭兵馬僉節制使,理山鎭,3,兵馬僉節制使,從三品,外官-武,경국대전,1485
瑞山兵馬同僉節制使,瑞山,2,兵馬同僉節制使,從四品,外官-武,경국대전,1485
瑞山同僉節制使,瑞山,2,同僉節制使,,外官-武,대전회통,1485
瑞山郡守,瑞山,2,郡守,從四品,外官-文,경국대전,1485
瑞興兵馬同僉節制使,瑞興,2,兵馬同僉節制使,從四品,外官-武,경국대전,1485
瑞興同僉節制使,瑞興,2,同僉節制使,,外官-武,대전회통,1485
瑞興都護府使,瑞興,2,都護府使,從三品,外官-文,경국대전,1485
瓮津兵馬節制都尉,瓮津,2,兵馬節制都尉,從六品,外官-武,경국대전,1485
瓮津縣令,瓮津,2,縣令,從五品,外官-文,경국대전,1485
瓮津都護府使,瓮津,2,都護府使,,外官-文,대전회통,1485
甑山兵馬節制都尉,甑山,2,兵馬節制都尉,從六品,外官-武,경국대전,1485
甑山節制都尉,甑山,2,節制都尉,,外官-武,대전회통,1485
甑山縣令,甑山,2,縣令,從五品,外官-文,경국대전,1485
甘浦水軍萬戶,甘浦,2,水軍萬戶,從四品,外官-武,경국대전,1485
甲山都護府使,甲山,2,都護府使,從三品,外官-文,경국대전,1485
甲山鎭兵馬僉節制使,甲山鎭,3,兵馬僉節制使,從三品,外官-武,경국대전,1485
登山串同僉節制使,登山串,3,同僉節制使,,外官-武,대전회통,1485
白川兵馬同僉節制使,白川,2,兵馬同僉節制使,從四品,外官-武,경국대전,1485
白川同僉節制使,白川,2,同僉節制使,,外官-武,대전회통,1485
白川郡守,白川,2,郡守,從四品,外官-文,경국대전,1485
盈德兵馬節制都尉,盈德,2,兵馬節制都尉,從六品,外官-武,경국대전,1485
盈德節制都尉,盈德,2,節制都尉,,外官-武,대전회통,1485
盈德縣令,盈德,2,縣令,從五品,外官-文,경국대전,1485
益山兵馬同僉節制使,益山,2,兵馬同僉節制使,從四品,外官-武,경국대전,1485
益山同僉節制使,益山,2,同僉節制使,,外官-武,대전회통,1485
益山郡守,益山,2,郡守,從四品,外官-文,경국대전,1485
省峴道察訪,省峴道,3,察訪,從六品,外官-文,경국대전,1485
眞寶兵馬節制都尉,眞寶,2,兵馬節制都尉,從六品,外官-武,경국대전,1485
眞寶節制都尉,眞寶,2,節制都尉,,外官-武,대전회통,1485
眞寶縣監,眞寶,2,縣監,從六品,外官-文,경국대전,1485
知世浦水軍萬戶,知世浦,3,水軍萬戶,從四品,外官-武,경국대전,1485
知世浦萬戶,知世浦,3,萬戶,,外官-武,대전회통,1485
知禮兵馬節制都尉,知禮,2,兵馬節制都尉,從六品,外官-武,경국대전,1485
知禮節制都尉,知禮,2,節制都尉,,外官-武,대전회통,1485
知禮縣監,知禮,2,縣監,從六品,外官-文,경국대전,1485
石城兵馬節制都尉,石城,2,兵馬節制都尉,從六品,外官-武,경국대전,1485
石城節制都尉,石城,2,節制都尉,,外官-武,대전회통,1485
石城縣監,石城,2,縣監,從六品,外官-文,경국대전,1485
砥平兵馬節制都尉,砥平,2,兵馬節制都尉,從六品,外官-武,경국대전,1485
砥平節制都尉,砥平,2,節制都尉,,外官-武,대전회통,1485
砥平縣監,砥平,2,縣監,從六品,外官-文,경국대전,1485
碧團鎭兵馬僉節制使,碧團鎭,3,兵馬僉節制使,從三品,外官-武,경국대전,1485
碧沙道驛丞,碧沙道,3,驛丞,從九品,外官-文,경국대전,1485
碧潼郡守,碧潼,2,郡守,從四品,外官-文,경국대전,1485
碧潼鎭兵馬僉節制使,碧潼鎭,3,兵馬僉節制使,從三品,外官-武,경국대전,1485
碧瀾渡丞,碧瀾,2,渡丞,從九品,外官-文,경국대전,1485
礪山兵馬同僉節制使,礪山,2,兵馬同僉節制使,從四品,外官-武,경국대전,1485
礪山同僉節制使,礪山,2,同僉節制使,,外官-武,대전회통,1485
礪山郡守,礪山,2,郡守,從四品,外官-文,경국대전,1485
礪山都護府使,礪山,2,都護府使,,外官-文,대전회통,1485
祥原兵馬同僉節制使,祥原,2,兵馬同僉節制使,從四品,外官-武,경국대전,1485
祥原同僉節制使,祥原,2,同僉節制使,,外官-武,대전회통,1485
祥原郡守,祥原,2,郡守,從四品,外官-文,경국대전,1485
祥雲道驛丞,祥雲道,3,驛丞,從九品,外官-文,경국대전,1485
禮安兵馬節制都尉,禮安,2,兵馬節制都尉,從六品,外官-武,경국대전,1485
禮安節制都尉,禮安,2,節制都尉,,外官-武,대전회통,1485
禮安縣監,禮安,2,縣監,從六品,外官-文,경국대전,1485
禮山兵馬節制都尉,禮山,2,兵馬節制都尉,從六品,外官-武,경국대전,1485
禮山節制都尉,禮山,2,節制都尉,,外官-武,대전회통,1485
禮山縣監,禮山,2,縣監,從六品,外官-文,경국대전,1485
稷山兵馬節制都尉,稷山,2,兵馬節制都尉,從六品,外官-武,경국대전,1485
稷山節制都尉,稷山,2,節制都尉,,外官-武,대전회통,1485
稷山縣監,稷山,2,縣監,從六品,外官-文,경국대전,1485
積城兵馬節制都尉,積城,2,兵馬節制都尉,從六品,外官-武,경국대전,1485
積城節制都尉,積城,2,節制都尉,,外官-武,대전회통,1485
積城縣監,積城,2,縣監,從六品,外官-文,경국대전,1485
穩城判官,穩城,2,判官,從五品,外官-文,경국대전,1485
穩城都護府使,穩城,2,都護府使,從三品,外官-文,경국대전,1485
穩城鎭兵馬僉節制使,穩城鎭,3,兵馬僉節制使,從三品,外官-武,경국대전,1485
穩城鎭兵馬節制都尉,穩城鎭,3,兵馬節制都尉,從六品,外官-武,경국대전,1485
突山浦水軍萬戶,突山浦,3,水軍萬戶,從四品,外官-武,경국대전,1485
端川兵馬同僉節制使,端川,2,兵馬同僉節制使,從四品,外官-武,경국대전,1485
端川郡守,端川,2,郡守,從四品,外官-文,경국대전,1485
端川都護府使,端川,2,都護府使,,外官-文,대전회통,1485
竹山兵馬節制都尉,竹山,2,兵馬節制都尉,從六品,外官-武,경국대전,1485
竹山同僉節制使,竹山,2,同僉節制使,,外官-武,대전회통,1485
竹山縣監,竹山,2,縣監,從六品,外官-文,경국대전,1485
竹山都護府使,竹山,2,都護府使,,外官-文,대전회통,1485
結城兵馬節制都尉,結城,2,兵馬節制都尉,從六品,外官-武,경국대전,1485
結城節制都尉,結城,2,節制都尉,,外官-武,대전회통,1485
結城縣監,結城,2,縣監,從六品,外官-文,경국대전,1485
綾城兵馬節制都尉,綾城,2,兵馬節制都尉,從六品,外官-武,경국대전,1485
綾城縣令,綾城,2,縣令,從五品,外官-文,경국대전,1485
綾州同僉節制使,綾州,2,同僉節制使,,外官-武,대전회통,1485
綾州牧使,綾州,2,牧使,,外官-文,대전회통,1485
羅州判官,羅州,2,判官,從五品,外官-文,경국대전,1485
羅州牧使,羅州,2,牧使,正三品,外官-文,경국대전,1485
羅州鎭兵馬僉節制使,羅州鎭,3,兵馬僉節制使,從三品,外官-武,경국대전,1485
羅州鎭兵馬節制都尉,羅州鎭,3,兵馬節制都尉,從六品,外官-武,경국대전,1485
美錢鎭兵馬僉節制使,美錢鎭,3,兵馬僉節制使,從三品,外官-武,경국대전,1485
群山浦水軍萬戶,群山浦,3,水軍萬戶,從四品,外官-武,경국대전,1485
義城兵馬節制都尉,義城,2,兵馬節制都尉,從六品,外官-武,경국대전,1485
義城節制都尉,義城,2,節制都尉,,外官-武,대전회통,1485
義城縣令,義城,2,縣令,從五品,外官-文,경국대전,1485
義州判官,義州,2,判官,從五品,外官-文,경국대전,1485
義州府尹,義州,2,府尹,,外官-文,대전회통,1485
義州牧使,義州,2,牧使,正三品,外官-文,경국대전,1485
義州譯學訓導,義州,2,譯學訓導,從九品,外官-文,경국대전,1485
義州鎭兵馬節制都尉,義州鎭,3,兵馬節制都尉,從六品,外官-武,경국대전,1485
義興兵馬節制都尉,義興,2,兵馬節制都尉,從六品,外官-武,경국대전,1485
義興節制都尉,義興,2,節制都尉,,外官-武,대전회통,1485
義興縣監,義興,2,縣監,從六品,外官-文,경국대전,1485
老江鎭水軍僉節制使,老江鎭,3,水軍僉節制使,從三品,外官-武,경국대전,1485
聞慶兵馬節制都尉,聞慶,2,兵馬節制都尉,從六品,外官-武,경국대전,1485
聞慶節制都尉,聞慶,2,節制都尉,,外官-武,대전회통,1485
聞慶縣監,聞慶,2,縣監,從六品,外官-文,경국대전,1485
肅川兵馬同僉節制使,肅川,2,兵馬同僉節制使,從四品,外官-武,경국대전,1485
肅川同僉節制使,肅川,2,同僉節制使,,外官-武,대전회통,1485
肅川都護府使,肅川,2,都護府使,從三品,外官-文,경국대전,1485
臨津渡丞,臨津,2,渡丞,從九品,外官-文,경국대전,1485
臨淄島鎭水軍僉節制使,臨淄島鎭,4,水軍僉節制使,從三品,外官-武,경국대전,1485
臨陂兵馬節制都尉,臨陂,2,兵馬節制都尉,從六品,外官-武,경국대전,1485
臨陂節制都尉,臨陂,2,節制都尉,,外官-武,대전회통,1485
臨陂縣令,臨陂,2,縣令,從五品,外官-文,경국대전,1485
自如道驛丞,自如道,3,驛丞,從九品,外官-文,경국대전,1485
興德兵馬節制都尉,興德,2,兵馬節制都尉,從六品,外官-武,경국대전,1485
興德節制都尉,興德,2,節制都尉,,外官-武,대전회통,1485
興德縣監,興德,2,縣監,從六品,外官-文,경국대전,1485
興海兵馬同僉節制使,興海,2,兵馬同僉節制使,從四品,外官-武,경국대전,1485
興海同僉節制使,興海,2,同僉節制使,,外官-武,대전회통,1485
興海郡守,興海,2,郡守,從四品,外官-文,경국대전,1485
興陽兵馬節制都尉,興陽,2,兵馬節制都尉,從六品,外官-武,경국대전,1485
興陽節制都尉,興陽,2,節制都尉,,外官-武,대전회통,1485
興陽縣監,興陽,2,縣監,從六品,外官-文,경국대전,1485
舒川兵馬同僉節制使,舒川,2,兵馬同僉節制使,從四品,外官-武,경국대전,1485
舒川同僉節制使,舒川,2,同僉節制使,,外官-武,대전회통,1485
舒川浦水軍萬戶,舒川浦,3,水軍萬戶,從四品,外官-武,경국대전,1485
舒川浦萬戶,舒川浦,3,萬戶,,外官-武,대전회통,1485
舒川郡守,舒川,2,郡守,從四品,外官-文,경국대전,1485
良才道察訪,良才道,3,察訪,從六品,外官-文,경국대전,1485
花梁同僉節制使,花梁,2,同僉節制使,,外官-武,대전회통,1485
英陽節制都尉,英陽,2,節制都尉,,外官-武,대전회통,1485
英陽縣監,英陽,2,縣監,,外官-文,대전회통,1485
茂山兵馬萬戶,茂山,2,兵馬萬戶,從四品,外官-武,경국대전,1485
茂山都護府使,茂山,2,都護府使,,外官-文,대전회통,1485
茂朱兵馬節制都尉,茂朱,2,兵馬節制都尉,從六品,外官-武,경국대전,1485
茂朱同僉節制使,茂朱,2,同僉節制使,,外官-武,대전회통,1485
茂朱縣監,茂朱,2,縣監,從六品,外官-文,경국대전,1485
茂朱都護府使,茂朱,2,都護府使,,外官-文,대전회통,1485
茂長兵馬節制都尉,茂長,2,兵馬節制都尉,從六品,外官-武,경국대전,1485
茂長節制都尉,茂長,2,節制都尉,,外官-武,대전회통,1485
茂長縣監,茂長,2,縣監,從六品,外官-文,경국대전,1485
茄乙浦水軍萬戶,茄乙浦,3,水軍萬戶,從四品,外官-武,경국대전,1485
草溪兵馬同僉節制使,草溪,2,兵馬同僉節制使,從四品,外官-武,경국대전,1485
草溪同僉節制使,草溪,2,同僉節制使,,外官-武,대전회통,1485
草溪郡守,草溪,2,郡守,從四品,外官-文,경국대전,1485
草芝梁同僉節制使,草芝梁,3,同僉節制使,,外官-武,대전회통,1485
草芝梁水軍萬戶,草芝梁,3,水軍萬戶,從四品,外官-武,경국대전,1485
荏子島同僉節制使,荏子島,3,同僉節制使,,外官-武,대전회통,1485
萬頃兵馬節制都尉,萬頃,2,兵馬節制都尉,從六品,外官-武,경국대전,1485
萬頃節制都尉,萬頃,2,節制都尉,,外官-武,대전회통,1485
萬頃縣令,萬頃,2,縣令,從五品,外官-文,경국대전,1485
蔚山兵馬同僉節制使,蔚山,2,兵馬同僉節制使,從四品,外官-武,경국대전,1485
蔚山同僉節制使,蔚山,2,同僉節制使,,外官-武,대전회통,1485
蔚山郡守,蔚山,2,郡守,從四品,外官-文,경국대전,1485
蔚山都護府使,蔚山,2,都護府使,,外官-文,대전회통,1485
蔚珍兵馬節制都尉,蔚珍,2,兵馬節制都尉,從六品,外官-武,경국대전,1485
蔚珍浦水軍萬戶,蔚珍浦,3,水軍萬戶,從四品,外官-武,경국대전,1485
蔚珍節制都尉,蔚珍,2,節制都尉,,外官-武,대전회통,1485
蔚珍縣令,蔚珍,2,縣令,從五品,外官-文,경국대전,1485
薪智島萬戶,薪智島,3,萬戶,,外官-武,대전회통,1485
薺浦倭學訓導,薺浦,2,倭學訓導,從九品,外官-文,경국대전,1485
薺浦萬戶,薺浦,2,萬戶,,外官-武,대전회통,1485
薺浦鎭水軍僉節制使,薺浦鎭,3,水軍僉節制使,從三品,外官-武,경국대전,1485
藍浦兵馬節制都尉,藍浦,2,兵馬節制都尉,從六品,外官-武,경국대전,1485
藍浦節制都尉,藍浦,2,節制都尉,,外官-武,대전회통,1485
藍浦縣監,藍浦,2,縣監,從六品,外官-文,경국대전,1485
蛇梁水軍萬戶,蛇梁,2,水軍萬戶,從四品,外官-武,경국대전,1485
蛇梁萬戶,蛇梁,2,萬戶,,外官-武,대전회통,1485
蛇渡鎭水軍僉節制使,蛇渡鎭,3,水軍僉節制使,從三品,外官-武,경국대전,1485
衿川兵馬節制都尉,衿川,2,兵馬節制都尉,從六品,外官-武,경국대전,1485
衿川縣監,衿川,2,縣監,從六品,外官-文,경국대전,1485
襄陽兵馬同僉節制使,襄陽,2,兵馬同僉節制使,從四品,外官-武,경국대전,1485
襄陽同僉節制使,襄陽,2,同僉節制使,,外官-武,대전회통,1485
襄陽都護府使,襄陽,2,都護府使,從三品,外官-文,경국대전,1485
西北兵馬萬戶,西北,2,兵馬萬戶,從四品,外官-武,경국대전,1485
西北同僉節制使,西北,2,同僉節制使,,外官-武,대전회통,1485
西平浦萬戶,西平浦,3,萬戶,,外官-武,대전회통,1485
西林同僉節制使,西林,2,同僉節制使,,外官-武,대전회통,1485
西生浦同僉節制使,西生浦,3,同僉節制使,,外官-武,대전회통,1485
西生浦水軍萬戶,西生浦,3,水軍萬戶,從四品,外官-武,경국대전,1485
訓戎鎭兵馬僉節制使,訓戎鎭,3,兵馬僉節制使,從三品,外官-武,경국대전,1485
許沙浦同僉節制使,許沙浦,3,同僉節制使,,外官-武,대전회통,1485
許沙浦水軍萬戶,許沙浦,3,水軍萬戶,從四品,外官-武,경국대전,1485
谷城兵馬節制都尉,谷城,2,兵馬節制都尉,從六品,外官-武,경국대전,1485
谷城節制都尉,谷城,2,節制都尉,,外官-武,대전회통,1485
谷城縣監,谷城,2,縣監,從六品,外官-文,경국대전,1485
谷山兵馬同僉節制使,谷山,2,兵馬同僉節制使,從四品,外官-武,경국대전,1485
谷山同僉節制使,谷山,2,同僉節制使,,外官-武,대전회통,1485
谷山郡守,谷山,2,郡守,從四品,外官-文,경국대전,1485
谷山都護府使,谷山,2,都護府使,,外官-文,대전회통,1485
豆毛浦水軍萬戶,豆毛浦,3,水軍萬戶,從四品,外官-武,경국대전,1485
豆毛浦萬戶,豆毛浦,3,萬戶,,外官-武,대전회통,1485
豊德郡守,豊德,2,郡守,從四品,外官-文,경국대전,1485
豐基兵馬同僉節制使,豐基,2,兵馬同僉節制使,從四品,外官-武,경국대전,1485
豐基同僉節制使,豐基,2,同僉節制使,,外官-武,대전회통,1485
豐基郡守,豐基,2,郡守,從四品,外官-文,경국대전,1485
豐山兵馬萬戶,豐山,2,兵馬萬戶,從四品,外官-武,경국대전,1485
豐山萬戶,豐山,2,萬戶,,外官-武,대전회통,1485
豐川兵馬同僉節制使,豐川,2,兵馬同僉節制使,從四品,外官-武,경국대전,1485
豐川同僉節制使,豐川,2,同僉節制使,,外官-武,대전회통,1485
豐川都護府使,豐川,2,都護府使,從三品,外官-文,경국대전,1485
豐德兵馬同僉節制使,豐德,2,兵馬同僉節制使,從四品,外官-武,경국대전,1485
赤梁水軍萬戶,赤梁,2,水軍萬戶,從四品,外官-武,경국대전,1485
越松浦水軍萬戶,越松浦,3,水軍萬戶,從四品,外官-武,경국대전,1485
越松浦萬戶,越松浦,3,萬戶,,外官-武,대전회통,1485
路梁渡丞,路梁,2,渡丞,從九品,外官-文,경국대전,1485
車嶺同僉節制使,車嶺,2,同僉節制使,,外官-武,대전회통,1485
軍威兵馬節制都尉,軍威,2,兵馬節制都尉,從六品,外官-武,경국대전,1485
軍威節制都尉,軍威,2,節制都尉,,外官-武,대전회통,1485
軍威縣監,軍威,2,縣監,從六品,外官-文,경국대전,1485
載寧兵馬同僉節制使,載寧,2,兵馬同僉節制使,從四品,外官-武,경국대전,1485
載寧同僉節制使,載寧,2,同僉節制使,,外官-武,대전회통,1485
載寧郡守,載寧,2,郡守,從四品,外官-文,경국대전,1485
輸城道察訪,輸城道,3,察訪,從六品,外官-文,경국대전,1485
迎日兵馬節制都尉,迎日,2,兵馬節制都尉,從六品,外官-武,경국대전,1485
迎曙道察訪,迎曙道,3,察訪,從六品,外官-文,경국대전,1485
通川兵馬同僉節制使,通川,2,兵馬同僉節制使,從四品,外官-武,경국대전,1485
通川同僉節制使,通川,2,同僉節制使,,外官-武,대전회통,1485
通川郡守,通川,2,郡守,從四品,外官-文,경국대전,1485
通津兵馬節制都尉,通津,2,兵馬節制都尉,從六品,外官-武,경국대전,1485
通津同僉節制使,通津,2,同僉節制使,,外官-武,대전회통,1485
通津縣監,通津,2,縣監,從六品,外官-文,경국대전,1485
通津都護府使,通津,2,都護府使,,外官-文,대전회통,1485
造山浦水軍萬戶,造山浦,3,水軍萬戶,從四品,外官-武,경국대전,1485
連原道察訪,連原道,3,察訪,從六品,外官-文,경국대전,1485
連山兵馬節制都尉,連山,2,兵馬節制都尉,從六品,外官-武,경국대전,1485
連山節制都尉,連山,2,節制都尉,,外官-武,대전회통,1485
連山縣監,連山,2,縣監,從六品,外官-文,경국대전,1485
遂安兵馬同僉節制使,遂安,2,兵馬同僉節制使,從四品,外官-武,경국대전,1485
遂安同僉節制使,遂安,2,同僉節制使,,外官-武,대전회통,1485
遂安郡守,遂安,2,郡守,從四品,外官-文,경국대전,1485
道安浦水軍萬戶,道安浦,3,水軍萬戶,從四品,外官-武,경국대전,1485
達梁水軍萬戶,達梁,2,水軍萬戶,從四品,外官-武,경국대전,1485
郭山兵馬同僉節制使,郭山,2,兵馬同僉節制使,從四品,外官-武,경국대전,1485
郭山同僉節制使,郭山,2,同僉節制使,,外官-武,대전회통,1485
郭山郡守,郭山,2,郡守,從四品,外官-文,경국대전,1485
醴泉兵馬同僉節制使,醴泉,2,兵馬同僉節制使,從四品,外官-武,경국대전,1485
醴泉同僉節制使,醴泉,2,同僉節制使,,外官-武,대전회통,1485
醴泉郡守,醴泉,2,郡守,從四品,外官-文,경국대전,1485
重林道驛丞,重林道,3,驛丞,從九品,外官-文,경국대전,1485
金井道驛丞,金井道,3,驛丞,從九品,外官-文,경국대전,1485
金化兵馬節制都尉,金化,2,兵馬節制都尉,從六品,外官-武,경국대전,1485
金化節制都尉,金化,2,節制都尉,,外官-武,대전회통,1485
金化縣監,金化,2,縣監,從六品,外官-文,경국대전,1485
金城兵馬節制都尉,金城,2,兵馬節制都尉,從六品,外官-武,경국대전,1485
金城節制都尉,金城,2,節制都尉,,外官-武,대전회통,1485
金城縣令,金城,2,縣令,從五品,外官-文,경국대전,1485
金堤兵馬同僉節制使,金堤,2,兵馬同僉節制使,從四品,外官-武,경국대전,1485
金堤同僉節制使,金堤,2,同僉節制使,,外官-武,대전회통,1485
金堤郡守,金堤,2,郡守,從四品,外官-文,경국대전,1485
金山兵馬同僉節制使,金山,2,兵馬同僉節制使,從四品,外官-武,경국대전,1485
金山同僉節制使,金山,2,同僉節制使,,外官-武,대전회통,1485
金山郡守,金山,2,郡守,從四品,外官-文,경국대전,1485
金川同僉節制使,金川,2,同僉節制使,,外官-武,대전회통,1485
金川郡守,金川,2,郡守,,外官-文,대전회통,1746
金泉道察訪,金泉道,3,察訪,從六品,外官-文,경국대전,1485
金浦兵馬節制都尉,金浦,2,兵馬節制都尉,從六品,外官-武,경국대전,1485
金浦同僉節制使,金浦,2,同僉節制使,,外官-武,대전회통,1485
金浦縣令,金浦,2,縣令,從五品,外官-文,경국대전,1485
金浦郡守,金浦,2,郡守,,外官-文,대전회통,1485
金海都護府使,金海,2,都護府使,從三品,外官-文,경국대전,1485
金海鎭兵馬僉節制使,金海鎭,3,兵馬僉節制使,從三品,外官-武,경국대전,1485
金溝兵馬節制都尉,金溝,2,兵馬節制都尉,從六品,外官-武,경국대전,1485
金溝節制都尉,金溝,2,節制都尉,,外官-武,대전회통,1485
金溝縣令,金溝,2,縣令,從五品,外官-文,경국대전,1485
金甲島水軍萬戶,金甲島,3,水軍萬戶,從四品,外官-武,경국대전,1485
金甲島萬戶,金甲島,3,萬戶,,外官-武,대전회통,1485
金郊道察訪,金郊道,3,察訪,從六品,外官-文,경국대전,1485
釜山浦倭學訓導,釜山浦,3,倭學訓導,從九品,外官-文,경국대전,1485
釜山浦鎭水軍僉節制使,釜山浦鎭,4,水軍僉節制使,從三品,外官-武,경국대전,1485
鉢浦水軍萬戶,鉢浦,2,水軍萬戶,從四品,外官-武,경국대전,1485
鉢浦萬戶,鉢浦,2,萬戶,,外官-武,대전회통,1485
銀溪道察訪,銀溪道,3,察訪,從六品,外官-文,경국대전,1485
錦山兵馬同僉節制使,錦山,2,兵馬同僉節制使,從四品,外官-武,경국대전,1485
錦山同僉節制使,錦山,2,同僉節制使,,外官-武,대전회통,1485
錦山郡守,錦山,2,郡守,從四品,外官-文,경국대전,1485
鍾城判官,鍾城,2,判官,從五品,外官-文,경국대전,1485
鍾城都護府使,鍾城,2,都護府使,從三品,外官-文,경국대전,1485
鍾城鎭兵馬僉節制使,鍾城鎭,3,兵馬僉節制使,從三品,外官-武,경국대전,1485
鍾城鎭兵馬節制都尉,鍾城鎭,3,兵馬節制都尉,從六品,外官-武,경국대전,1485
鎭安兵馬節制都尉,鎭安,2,兵馬節制都尉,從六品,外官-武,경국대전,1485
鎭安節制都尉,鎭安,2,節制都尉,,外官-武,대전회통,1485
鎭安縣監,鎭安,2,縣監,從六品,外官-文,경국대전,1485
鎭岑兵馬節制都尉,鎭岑,2,兵馬節制都尉,從六品,外官-武,경국대전,1485
鎭岑節制都尉,鎭岑,2,節制都尉,,外官-武,대전회통,1485
鎭岑縣監,鎭岑,2,縣監,從六品,外官-文,경국대전,1485
鎭川兵馬節制都尉,鎭川,2,兵馬節制都尉,從六品,外官-武,경국대전,1485
鎭川節制都尉,鎭川,2,節制都尉,,外官-武,대전회통,1485
鎭川縣監,鎭川,2,縣監,從六品,外官-文,경국대전,1485
鎭海兵馬節制都尉,鎭海,2,兵馬節制都尉,從六品,外官-武,경국대전,1485
鎭海節制都尉,鎭海,2,節制都尉,,外官-武,대전회통,1485
鎭海縣監,鎭海,2,縣監,從六品,外官-文,경국대전,1485
鏡城判官,鏡城,2,判官,從五品,外官-文,경국대전,1485
鏡城都護府使,鏡城,2,都護府使,從三品,外官-文,경국대전,1485
鏡城鎭兵馬節制都尉,鏡城鎭,3,兵馬節制都尉,從六品,外官-武,경국대전,1485
鐵原兵馬同僉節制使,鐵原,2,兵馬同僉節制使,從四品,外官-武,경국대전,1485
鐵原都護府使,鐵原,2,都護府使,從三品,外官-文,경국대전,1485
鐵山兵馬同僉節制使,鐵山,2,兵馬同僉節制使,從四品,外官-武,경국대전,1485
鐵山郡守,鐵山,2,郡守,從四品,外官-文,경국대전,1485
鐵山都護府使,鐵山,2,都護府使,,外官-文,대전회통,1485
長城兵馬節制都尉,長城,2,兵馬節制都尉,從六品,外官-武,경국대전,1485
長城同僉節制使,長城,2,同僉節制使,,外官-武,대전회통,1485
長城縣監,長城,2,縣監,從六品,外官-文,경국대전,1485
長城都護府使,長城,2,都護府使,,外官-文,대전회통,1485
長峯島萬戶,長峯島,3,萬戶,,外官-武,대전회통,1485
長水兵馬節制都尉,長水,2,兵馬節制都尉,從六品,外官-武,경국대전,1485
長水節制都尉,長水,2,節制都尉,,外官-武,대전회통,1485
長水縣監,長水,2,縣監,從六品,外官-文,경국대전,1485
長水道察訪,長水道,3,察訪,從六品,外官-文,경국대전,1485
長津都護府使,長津,2,都護府使,,外官-文,대전회통,1485
長淵兵馬節制都尉,長淵,2,兵馬節制都尉,從六品,外官-武,경국대전,1485
長淵節制都尉,長淵,2,節制都尉,,外官-武,대전회통,1485
長淵縣監,長淵,2,縣監,從六品,外官-文,경국대전,1485
長湍都護府使,長湍,2,都護府使,從三品,外官-文,경국대전,1485
長湍鎭兵馬僉節制使,長湍鎭,3,兵馬僉節制使,從三品,外官-武,경국대전,1485
長興都護府使,長興,2,都護府使,從三品,外官-文,경국대전,1485
長興鎭兵馬僉節制使,長興鎭,3,兵馬僉節制使,從三品,外官-武,경국대전,1485
長連兵馬節制都尉,長連,2,兵馬節制都尉,從六品,外官-武,경국대전,1485
長連節制都尉,長連,2,節制都尉,,外官-武,대전회통,1485
長連縣監,長連,2,縣監,從六品,外官-文,경국대전,1485
長鬐兵馬節制都尉,長鬐,2,兵馬節制都尉,從六品,外官-武,경국대전,1485
長鬐節制都尉,長鬐,2,節制都尉,,外官-武,대전회통,1485
長鬐縣監,長鬐,2,縣監,從六品,外官-文,경국대전,1485
開寧兵馬節制都尉,開寧,2,兵馬節制都尉,從六品,外官-武,경국대전,1485
開寧節制都尉,開寧,2,節制都尉,,外官-武,대전회통,1485
開寧縣監,開寧,2,縣監,從六品,外官-文,경국대전,1485
開雲浦萬戶,開雲浦,3,萬戶,,外官-武,대전회통,1485
防垣兵馬萬戶,防垣,2,兵馬萬戶,從四品,外官-武,경국대전,1485
防垣萬戶,防垣,2,萬戶,,外官-武,대전회통,1485
防踏同僉節制使,防踏,2,同僉節制使,,外官-武,대전회통,1485
阿吾地兵馬萬戶,阿吾地,3,兵馬萬戶,從四品,外官-武,경국대전,1485
阿吾地萬戶,阿吾地,3,萬戶,,外官-武,대전회통,1485
阿山兵馬萬戶,阿山,2,兵馬萬戶,從四品,外官-武,경국대전,1485
阿山萬戶,阿山,2,萬戶,,外官-武,대전회통,1485
阿耳兵馬萬戶,阿耳,2,兵馬萬戶,從四品,外官-武,경국대전,1485
阿郞浦水軍萬戶,阿郞浦,3,水軍萬戶,從四品,外官-武,경국대전,1485
陜川兵馬同僉節制使,陜川,2,兵馬同僉節制使,從四品,外官-武,경국대전,1485
陜川同僉節制使,陜川,2,同僉節制使,,外官-武,대전회통,1485
陜川郡守,陜川,2,郡守,從四品,外官-文,경국대전,1485
陰城兵馬節制都尉,陰城,2,兵馬節制都尉,從六品,外官-武,경국대전,1485
陰城節制都尉,陰城,2,節制都尉,,外官-武,대전회통,1485
陰城縣監,陰城,2,縣監,從六品,外官-文,경국대전,1485
陰竹兵馬節制都尉,陰竹,2,兵馬節制都尉,從六品,外官-武,경국대전,1485
陰竹節制都尉,陰竹,2,節制都尉,,外官-武,대전회통,1485
陰竹縣監,陰竹,2,縣監,從六品,外官-文,경국대전,1485
陽城兵馬節制都尉,陽城,2,兵馬節制都尉,從六品,外官-武,경국대전,1485
陽城節制都尉,陽城,2,節制都尉,,外官-武,대전회통,1485
陽城縣監,陽城,2,縣監,從六品,外官-文,경국대전,1485
陽川兵馬節制都尉,陽川,2,兵馬節制都尉,從六品,外官-武,경국대전,1485
陽川節制都尉,陽川,2,節制都尉,,外官-武,대전회통,1485
陽川縣令,陽川,2,縣令,從五品,外官-文,경국대전,1485
陽德兵馬節制都尉,陽德,2,兵馬節制都尉,從六品,外官-武,경국대전,1485
陽德節制都尉,陽德,2,節制都尉,,外官-武,대전회통,1485
陽德縣監,陽德,2,縣監,從六品,外官-文,경국대전,1485
陽智兵馬節制都尉,陽智,2,兵馬節制都尉,從六品,外官-武,경국대전,1485
陽智節制都尉,陽智,2,節制都尉,,外官-武,대전회통,1485
陽智縣監,陽智,2,縣監,從六品,外官-文,경국대전,1485
雲寵兵馬萬戶,雲寵,2,兵馬萬戶,從四品,外官-武,경국대전,1485
雲山兵馬同僉節制使,雲山,2,兵馬同僉節制使,從四品,外官-武,경국대전,1485
雲山同僉節制使,雲山,2,同僉節制使,,外官-武,대전회통,1485
雲山郡守,雲山,2,郡守,從四品,外官-文,경국대전,1485
雲峯兵馬節制都尉,雲峯,2,兵馬節制都尉,從六品,外官-武,경국대전,1485
雲峯節制都尉,雲峯,2,節制都尉,,外官-武,대전회통,1485
雲峯縣監,雲峯,2,縣監,從六品,外官-文,경국대전,1485
靈光兵馬同僉節制使,靈光,2,兵馬同僉節制使,從四品,外官-武,경국대전,1485
靈光同僉節制使,靈光,2,同僉節制使,,外官-武,대전회통,1485
靈光郡守,靈光,2,郡守,從四品,外官-文,경국대전,1485
靈山兵馬節制都尉,靈山,2,兵馬節制都尉,從六品,外官-武,경국대전,1485
靈山節制都尉,靈山,2,節制都尉,,外官-武,대전회통,1485
靈山縣監,靈山,2,縣監,從六品,外官-文,경국대전,1485
靈巖兵馬同僉節制使,靈巖,2,兵馬同僉節制使,從四品,外官-武,경국대전,1485
靈巖同僉節制使,靈巖,2,同僉節制使,,外官-武,대전회통,1485
靈巖郡守,靈巖,2,郡守,從四品,外官-文,경국대전,1485
靑丹道察訪,靑丹道,3,察訪,從六品,外官-文,경국대전,1485
靑山兵馬節制都尉,靑山,2,兵馬節制都尉,從六品,外官-武,경국대전,1485
靑山節制都尉,靑山,2,節制都尉,,外官-武,대전회통,1485
靑山縣監,靑山,2,縣監,從六品,外官-文,경국대전,1485
靑巖道察訪,靑巖道,3,察訪,從六品,外官-文,경국대전,1485
靑松兵馬同僉節制使,靑松,2,兵馬同僉節制使,從四品,外官-武,경국대전,1485
靑松同僉節制使,靑松,2,同僉節制使,,外官-武,대전회통,1485
靑松都護府使,靑松,2,都護府使,從三品,外官-文,경국대전,1485
靑水萬戶,靑水,2,萬戶,,外官-武,대전회통,1485
靑陽兵馬節制都尉,靑陽,2,兵馬節制都尉,從六品,外官-武,경국대전,1485
靑陽節制都尉,靑陽,2,節制都尉,,外官-武,대전회통,1485
靑陽縣監,靑陽,2,縣監,從六品,外官-文,경국대전,1485
韓山兵馬同僉節制使,韓山,2,兵馬同僉節制使,從四品,外官-武,경국대전,1485
韓山同僉節制使,韓山,2,同僉節制使,,外官-武,대전회통,1485
韓山郡守,韓山,2,郡守,從四品,外官-文,경국대전,1485
順天都護府使,順天,2,都護府使,從三品,外官-文,경국대전,1485
順天鎭兵馬僉節制使,順天鎭,3,兵馬僉節制使,從三品,外官-武,경국대전,1485
順安兵馬節制都尉,順安,2,兵馬節制都尉,從六品,外官-武,경국대전,1485
順安節制都尉,順安,2,節制都尉,,外官-武,대전회통,1485
順安縣令,順安,2,縣令,從五品,外官-文,경국대전,1485
順川兵馬同僉節制使,順川,2,兵馬同僉節制使,從四品,外官-武,경국대전,1485
順川同僉節制使,順川,2,同僉節制使,,外官-武,대전회통,1485
順川郡守,順川,2,郡守,從四品,外官-文,경국대전,1485
順興同僉節制使,順興,2,同僉節制使,,外官-武,대전회통,1485
順興都護府使,順興,2,都護府使,,外官-文,대전회통,1485
馬島水軍萬戶,馬島,2,水軍萬戶,從四品,外官-武,경국대전,1485
馬島萬戶,馬島,2,萬戶,,外官-武,대전회통,1485
馬梁鎭水軍僉節制使,馬梁鎭,3,水軍僉節制使,從三品,外官-武,경국대전,1485
驪州兵馬同僉節制使,驪州,2,兵馬同僉節制使,從四品,外官-武,경국대전,1485
驪州兵馬節制都尉,驪州,2,兵馬節制都尉,從六品,外官-武,경국대전,1485
驪州判官,驪州,2,判官,從五品,外官-文,경국대전,1485
驪州牧使,驪州,2,牧使,正三品,外官-文,경국대전,1485
高原兵馬同僉節制使,高原,2,兵馬同僉節制使,從四品,外官-武,경국대전,1485
高原同僉節制使,高原,2,同僉節制使,,外官-武,대전회통,1485
高原郡守,高原,2,郡守,從四品,外官-文,경국대전,1485
高城兵馬同僉節制使,高城,2,兵馬同僉節制使,從四品,外官-武,경국대전,1485
高城同僉節制使,高城,2,同僉節制使,,外官-武,대전회통,1485
高城浦水軍萬戶,高城浦,3,水軍萬戶,從四品,外官-武,경국대전,1485
高城郡守,高城,2,郡守,從四品,外官-文,경국대전,1485
高山兵馬節制都尉,高山,2,兵馬節制都尉,從六品,外官-武,경국대전,1485
高山節制都尉,高山,2,節制都尉,,外官-武,대전회통,1485
高山縣監,高山,2,縣監,從六品,外官-文,경국대전,1485
高山道察訪,高山道,3,察訪,從六品,外官-文,경국대전,1485
高山里鎭兵馬僉節制使,高山里鎭,4,兵馬僉節制使,從三品,外官-武,경국대전,1485
高嶺鎭兵馬僉節制使,高嶺鎭,3,兵馬僉節制使,從三品,外官-武,경국대전,1485
高敞兵馬節制都尉,高敞,2,兵馬節制都尉,從六品,外官-武,경국대전,1485
高敞節制都尉,高敞,2,節制都尉,,外官-武,대전회통,1485
高敞縣監,高敞,2,縣監,從六品,外官-文,경국대전,1485
高陽兵馬同僉節制使,高陽,2,兵馬同僉節制使,從四品,外官-武,경국대전,1485
高陽同僉節制使,高陽,2,同僉節制使,,外官-武,대전회통,1485
高陽郡守,高陽,2,郡守,從四品,外官-文,경국대전,1485
高靈兵馬節制都尉,高靈,2,兵馬節制都尉,從六品,外官-武,경국대전,1485
高靈節制都尉,高靈,2,節制都尉,,外官-武,대전회통,1485
高靈縣監,高靈,2,縣監,從六品,外官-文,경국대전,1485
魚川道察訪,魚川道,3,察訪,從六品,外官-文,경국대전,1485
魚游澗兵馬萬戶,魚游澗,3,兵馬萬戶,從四品,外官-武,경국대전,1485
魯城縣監,魯城,2,縣監,,外官-文,대전회통,1485
鳳山兵馬同僉節制使,鳳山,2,兵馬同僉節制使,從四品,外官-武,경국대전,1485
鳳山同僉節制使,鳳山,2,同僉節制使,,外官-武,대전회통,1485
鳳山郡守,鳳山,2,郡守,從四品,外官-文,경국대전,1485
鴻山兵馬節制都尉,鴻山,2,兵馬節制都尉,從六品,外官-武,경국대전,1485
鴻山節制都尉,鴻山,2,節制都尉,,外官-武,대전회통,1485
鴻山縣監,鴻山,2,縣監,從六品,外官-文,경국대전,1485
鹽浦水軍萬戶,鹽浦,2,水軍萬戶,從四品,外官-武,경국대전,1485
鹿島水軍萬戶,鹿島,2,水軍萬戶,從四品,外官-武,경국대전,1485
鹿島萬戶,鹿島,2,萬戶,,外官-武,대전회통,1485
麒麟道驛丞,麒麟道,3,驛丞,從九品,外官-文,경국대전,1485
麟山鎭兵馬僉節制使,麟山鎭,3,兵馬僉節制使,從三品,外官-武,경국대전,1485
麟蹄兵馬節制都尉,麟蹄,2,兵馬節制都尉,從六品,外官-武,경국대전,1485
麟蹄縣監,麟蹄,2,縣監,從六品,外官-文,경국대전,1485
麻田兵馬同僉節制使,麻田,2,兵馬同僉節制使,從四品,外官-武,경국대전,1485
麻田同僉節制使,麻田,2,同僉節制使,,外官-武,대전회통,1485
麻田郡守,麻田,2,郡守,從四品,外官-文,경국대전,1485
黃山道驛丞,黃山道,3,驛丞,從九品,外官-文,경국대전,1485
黃州判官,黃州,2,判官,從五品,外官-文,경국대전,1485
黃州牧使,黃州,2,牧使,正三品,外官-文,경국대전,1485
黃州譯學訓導,黃州,2,譯學訓導,從九品,外官-文,경국대전,1485
黃州鎭兵馬僉節制使,黃州鎭,3,兵馬僉節制使,從三品,外官-武,경국대전,1485
黃州鎭兵馬節制都尉,黃州鎭,3,兵馬節制都尉,從六品,外官-武,경국대전,1485
黃海道兵馬節度使,黃海道,3,兵馬節度使,從二品,外官-武,경국대전,1485
黃海道審藥,黃海道,3,審藥,從九品,外官-文,경국대전,1485
黃海道敎授,黃海道,3,敎授,從六品,外官-文,경국대전,1485
黃海道檢律,黃海道,3,檢律,從九品,外官-文,경국대전,1485
黃海道水軍節度使,黃海道,3,水軍節度使,正三品,外官-武,경국대전,1485
黃海道觀察使,黃海道,3,觀察使,從二品,外官-文,경국대전,1485
黃海道訓導,黃海道,3,訓導,從九品,外官-文,경국대전,1485
黃海道都事,黃海道,3,都事,從五品,外官-文,경국대전,1485
黃澗兵馬節制都尉,黃澗,2,兵馬節制都尉,從六品,外官-武,경국대전,1485
黃澗節制都尉,黃澗,2,節制都尉,,外官-武,대전회통,1485
黃澗縣監,黃澗,2,縣監,從六品,外官-文,경국대전,1485
黔毛浦水軍萬戶,黔毛浦,3,水軍萬戶,從四品,外官-武,경국대전,1485
黔毛浦萬戶,黔毛浦,3,萬戶,,外官-武,대전회통,1485
龍仁兵馬節制都尉,龍仁,2,兵馬節制都尉,從六品,外官-武,경국대전,1485
龍仁節制都尉,龍仁,2,節制都尉,,外官-武,대전회통,1485
龍仁縣令,龍仁,2,縣令,從五品,外官-文,경국대전,1485
龍媒梁同僉節制使,龍媒梁,3,同僉節制使,,外官-武,대전회통,1485
龍媒梁水軍萬戶,龍媒梁,3,水軍萬戶,從四品,外官-武,경국대전,1485
龍安兵馬節制都尉,龍安,2,兵馬節制都尉,從六品,外官-武,경국대전,1485
龍安節制都尉,龍安,2,節制都尉,,外官-武,대전회통,1485
龍安縣監,龍安,2,縣監,從六品,外官-文,경국대전,1485
龍宮兵馬節制都尉,龍宮,2,兵馬節制都尉,從六品,外官-武,경국대전,1485
龍宮節制都尉,龍宮,2,節制都尉,,外官-武,대전회통,1485
龍宮縣監,龍宮,2,縣監,從六品,外官-文,경국대전,1485
龍岡兵馬節制都尉,龍岡,2,兵馬節制都尉,從六品,外官-武,경국대전,1485
龍岡節制都尉,龍岡,2,節制都尉,,外官-武,대전회통,1485
龍岡縣令,龍岡,2,縣令,從五品,外官-文,경국대전,1485
龍川兵馬同僉節制使,龍川,2,兵馬同僉節制使,從四品,外官-武,경국대전,1485
龍川郡守,龍川,2,郡守,從四品,外官-文,경국대전,1485
龍川都護府使,龍川,2,都護府使,,外官-文,대전회통,1485
龍津萬戶,龍津,2,萬戶,,外官-武,대전회통,1485
龍潭兵馬節制都尉,龍潭,2,兵馬節制都尉,從六品,外官-武,경국대전,1485
龍潭節制都尉,龍潭,2,節制都尉,,外官-武,대전회통,1485
龍潭縣令,龍潭,2,縣令,從五品,外官-文,경국대전,1485
龜城都護府使,龜城,2,都護府使,從三品,外官-文,경국대전,1485
龜城鎭兵馬僉節制使,龜城鎭,3,兵馬僉節制使,從三品,外官-武,경국대전,1485
龜山浦同僉節制使,龜山浦,3,同僉節制使,,外官-武,대전회통,1485
